image_id,p_180
test_00000,0.00007185
test_00001,0.99400975
test_00002,0.99958263
test_00003,0.00562418
test_00004,0.98561893
test_00005,0.00105444
test_00006,0.72681787
test_00007,0.99536378
test_00008,0.99992936
test_00009,0.00367752
test_00010,0.93304926
test_00011,0.00006114
test_00012,0.00005857
test_00013,0.99618288
test_00014,0.99890142
test_00015,0.99995258
test_00016,0.99640190
test_00017,0.00066180
test_00018,0.01559067
test_00019,0.00004566
test_00020,0.00380746
test_00021,0.11026602
test_00022,0.99946518
test_00023,0.00032038
test_00024,0.00075180
test_00025,0.99663959
test_00026,0.59471522
test_00027,0.15085946
test_00028,0.94081503
test_00029,0.99658781
test_00030,0.00046760
test_00031,0.99849573
test_00032,0.98367666
test_00033,0.96528064
test_00034,0.90017142
test_00035,0.99544953
test_00036,0.02396068
test_00037,0.00124127
test_00038,0.00138925
test_00039,0.00004890
test_00040,0.00685396
test_00041,0.15522519
test_00042,0.90308682
test_00043,0.00014972
test_00044,0.02280858
test_00045,0.93104555
test_00046,0.00007331
test_00047,0.99879935
test_00048,0.99968060
test_00049,0.99973408
test_00050,0.99989352
test_00051,0.00008539
test_00052,0.00004564
test_00053,0.99987579
test_00054,0.00206161
test_00055,0.99907866
test_00056,0.00006693
test_00057,0.99803504
test_00058,0.00005663
test_00059,0.00005217
test_00060,0.99157057
test_00061,0.00011090
test_00062,0.02625805
test_00063,0.00005098
test_00064,0.00530831
test_00065,0.98017384
test_00066,0.63068448
test_00067,0.00380276
test_00068,0.00005420
test_00069,0.04344396
test_00070,0.98800501
test_00071,0.87667052
test_00072,0.84867511
test_00073,0.99697248
test_00074,0.85986997
test_00075,0.97897255
test_00076,0.07434643
test_00077,0.73803200
test_00078,0.99186409
test_00079,0.09069502
test_00080,0.01337341
test_00081,0.99829489
test_00082,0.92839015
test_00083,0.00036658
test_00084,0.99607536
test_00085,0.91829585
test_00086,0.99842785
test_00087,0.99994797
test_00088,0.00091115
test_00089,0.95943649
test_00090,0.00179130
test_00091,0.00005729
test_00092,0.95628053
test_00093,0.00308085
test_00094,0.94432457
test_00095,0.97702956
test_00096,0.01162538
test_00097,0.00065240
test_00098,0.00005492
test_00099,0.00053564
test_00100,0.00233563
test_00101,0.00571659
test_00102,0.02912072
test_00103,0.99337518
test_00104,0.99955771
test_00105,0.00004760
test_00106,0.00007406
test_00107,0.58733582
test_00108,0.01715638
test_00109,0.00286923
test_00110,0.94299199
test_00111,0.00423829
test_00112,0.99988315
test_00113,0.00004878
test_00114,0.99941603
test_00115,0.01730500
test_00116,0.02567653
test_00117,0.99765508
test_00118,0.99989018
test_00119,0.30369472
test_00120,0.08323784
test_00121,0.99984047
test_00122,0.96696668
test_00123,0.99760288
test_00124,0.00754639
test_00125,0.00896566
test_00126,0.00017481
test_00127,0.99995159
test_00128,0.00018751
test_00129,0.00004612
test_00130,0.99723920
test_00131,0.00006674
test_00132,0.99994808
test_00133,0.99847012
test_00134,0.00006327
test_00135,0.98637811
test_00136,0.00657542
test_00137,0.99856958
test_00138,0.99853073
test_00139,0.00124445
test_00140,0.99995411
test_00141,0.00622217
test_00142,0.99824058
test_00143,0.89583929
test_00144,0.19013249
test_00145,0.02511098
test_00146,0.00031550
test_00147,0.99420001
test_00148,0.99167025
test_00149,0.83823152
test_00150,0.00006152
test_00151,0.99994835
test_00152,0.00930135
test_00153,0.04257425
test_00154,0.99790068
test_00155,0.98879164
test_00156,0.98790723
test_00157,0.00068187
test_00158,0.99992845
test_00159,0.99922192
test_00160,0.99221587
test_00161,0.23419046
test_00162,0.04846181
test_00163,0.99800932
test_00164,0.00084404
test_00165,0.99990292
test_00166,0.95336877
test_00167,0.07586156
test_00168,0.00089088
test_00169,0.00005874
test_00170,0.99450407
test_00171,0.95138458
test_00172,0.99326994
test_00173,0.00551291
test_00174,0.00004583
test_00175,0.99835015
test_00176,0.99990188
test_00177,0.31691109
test_00178,0.01385612
test_00179,0.99957672
test_00180,0.00004674
test_00181,0.99490376
test_00182,0.99995376
test_00183,0.97635790
test_00184,0.33248114
test_00185,0.99935704
test_00186,0.00013467
test_00187,0.99734250
test_00188,0.99989974
test_00189,0.99807641
test_00190,0.00008433
test_00191,0.99882209
test_00192,0.00513510
test_00193,0.99158301
test_00194,0.00004900
test_00195,0.00134364
test_00196,0.00413711
test_00197,0.96567719
test_00198,0.66197220
test_00199,0.98966732
test_00200,0.99992236
test_00201,0.99835103
test_00202,0.99994946
test_00203,0.97271742
test_00204,0.99036591
test_00205,0.00132208
test_00206,0.00008846
test_00207,0.00123268
test_00208,0.03646525
test_00209,0.00255259
test_00210,0.34006314
test_00211,0.99995281
test_00212,0.99994725
test_00213,0.98832384
test_00214,0.99826418
test_00215,0.15458766
test_00216,0.00004848
test_00217,0.00209802
test_00218,0.00164883
test_00219,0.99827164
test_00220,0.99995393
test_00221,0.98123065
test_00222,0.10202558
test_00223,0.99616568
test_00224,0.62941062
test_00225,0.94949924
test_00226,0.00007100
test_00227,0.00364263
test_00228,0.99968399
test_00229,0.00309216
test_00230,0.00367996
test_00231,0.99978907
test_00232,0.98979019
test_00233,0.99876551
test_00234,0.00007426
test_00235,0.99995093
test_00236,0.00005151
test_00237,0.00006955
test_00238,0.99994752
test_00239,0.00011739
test_00240,0.00006416
test_00241,0.00716648
test_00242,0.02336367
test_00243,0.98289409
test_00244,0.99636247
test_00245,0.99992830
test_00246,0.00057044
test_00247,0.94827112
test_00248,0.87491770
test_00249,0.99893225
test_00250,0.99375643
test_00251,0.00520729
test_00252,0.00823620
test_00253,0.95942665
test_00254,0.00485998
test_00255,0.00008122
test_00256,0.00456867
test_00257,0.00371301
test_00258,0.84022193
test_00259,0.04102308
test_00260,0.00117247
test_00261,0.84871973
test_00262,0.92063487
test_00263,0.27737620
test_00264,0.99989233
test_00265,0.98629621
test_00266,0.00292715
test_00267,0.65628888
test_00268,0.01305469
test_00269,0.99945597
test_00270,0.85908610
test_00271,0.72186237
test_00272,0.98419757
test_00273,0.00007395
test_00274,0.00546233
test_00275,0.01594384
test_00276,0.00336787
test_00277,0.99994123
test_00278,0.00062555
test_00279,0.00107481
test_00280,0.97786614
test_00281,0.99926737
test_00282,0.99156411
test_00283,0.00311592
test_00284,0.00109294
test_00285,0.00005906
test_00286,0.00104780
test_00287,0.99994198
test_00288,0.99949068
test_00289,0.99993002
test_00290,0.95660283
test_00291,0.99995305
test_00292,0.99547727
test_00293,0.00077283
test_00294,0.99940096
test_00295,0.99874508
test_00296,0.00596533
test_00297,0.70725138
test_00298,0.00744976
test_00299,0.99493481
test_00300,0.00032483
test_00301,0.99105822
test_00302,0.00310678
test_00303,0.01334888
test_00304,0.00053680
test_00305,0.96904061
test_00306,0.99994680
test_00307,0.00136450
test_00308,0.00314588
test_00309,0.98379016
test_00310,0.79360486
test_00311,0.99894479
test_00312,0.00156879
test_00313,0.99994228
test_00314,0.01978088
test_00315,0.95453238
test_00316,0.82126514
test_00317,0.05481048
test_00318,0.99957729
test_00319,0.98860751
test_00320,0.97093785
test_00321,0.64479537
test_00322,0.99995441
test_00323,0.99507106
test_00324,0.08725560
test_00325,0.99905890
test_00326,0.00130312
test_00327,0.22187930
test_00328,0.69848214
test_00329,0.99976001
test_00330,0.93496565
test_00331,0.98822735
test_00332,0.99708115
test_00333,0.99973716
test_00334,0.99820450
test_00335,0.20558161
test_00336,0.00004643
test_00337,0.94093333
test_00338,0.20534682
test_00339,0.99284459
test_00340,0.23277624
test_00341,0.00005307
test_00342,0.80739585
test_00343,0.99993714
test_00344,0.96082807
test_00345,0.99994225
test_00346,0.00004748
test_00347,0.00004728
test_00348,0.96780766
test_00349,0.00004801
test_00350,0.95559504
test_00351,0.00157835
test_00352,0.96021079
test_00353,0.99895011
test_00354,0.10102964
test_00355,0.85844327
test_00356,0.00006531
test_00357,0.00004923
test_00358,0.99945070
test_00359,0.99925733
test_00360,0.97956871
test_00361,0.99746634
test_00362,0.97127405
test_00363,0.99995412
test_00364,0.88663230
test_00365,0.98774882
test_00366,0.99845064
test_00367,0.00005070
test_00368,0.00099520
test_00369,0.99995264
test_00370,0.00004791
test_00371,0.00004999
test_00372,0.99983659
test_00373,0.57681271
test_00374,0.99986210
test_00375,0.99686171
test_00376,0.00006965
test_00377,0.00007442
test_00378,0.98532692
test_00379,0.00005265
test_00380,0.00010059
test_00381,0.46707064
test_00382,0.08351713
test_00383,0.00109894
test_00384,0.98306768
test_00385,0.00435522
test_00386,0.99845288
test_00387,0.99994923
test_00388,0.01614092
test_00389,0.99844406
test_00390,0.96844846
test_00391,0.00279747
test_00392,0.76593603
test_00393,0.99273710
test_00394,0.00371400
test_00395,0.23069086
test_00396,0.01901912
test_00397,0.99856706
test_00398,0.20237204
test_00399,0.96485518
test_00400,0.99994210
test_00401,0.93845893
test_00402,0.99981426
test_00403,0.00537883
test_00404,0.00006696
test_00405,0.99995446
test_00406,0.94052161
test_00407,0.00292078
test_00408,0.99986248
test_00409,0.85714641
test_00410,0.00005598
test_00411,0.00012624
test_00412,0.00014670
test_00413,0.01533248
test_00414,0.07471524
test_00415,0.97456267
test_00416,0.00534862
test_00417,0.00107238
test_00418,0.98471613
test_00419,0.95255916
test_00420,0.00006124
test_00421,0.99310310
test_00422,0.99993674
test_00423,0.00810167
test_00424,0.00012549
test_00425,0.00009415
test_00426,0.97867154
test_00427,0.00005243
test_00428,0.00150122
test_00429,0.99990716
test_00430,0.99995449
test_00431,0.99990718
test_00432,0.99848888
test_00433,0.00427792
test_00434,0.00009333
test_00435,0.03655891
test_00436,0.99643275
test_00437,0.02207989
test_00438,0.96210606
test_00439,0.99805763
test_00440,0.15685736
test_00441,0.00004559
test_00442,0.99992586
test_00443,0.98366406
test_00444,0.99988387
test_00445,0.00169828
test_00446,0.00199570
test_00447,0.00005357
test_00448,0.99995292
test_00449,0.00004881
test_00450,0.00023321
test_00451,0.97324634
test_00452,0.99752723
test_00453,0.00818731
test_00454,0.50000000
test_00455,0.99990021
test_00456,0.84894237
test_00457,0.06641046
test_00458,0.99994291
test_00459,0.99369017
test_00460,0.15878650
test_00461,0.99933341
test_00462,0.03379768
test_00463,0.99703521
test_00464,0.00005882
test_00465,0.02226373
test_00466,0.99697983
test_00467,0.65246140
test_00468,0.95128274
test_00469,0.00004611
test_00470,0.05496613
test_00471,0.08445131
test_00472,0.00118882
test_00473,0.03653345
test_00474,0.00142189
test_00475,0.00049307
test_00476,0.93958375
test_00477,0.00262979
test_00478,0.01133431
test_00479,0.99993533
test_00480,0.99969763
test_00481,0.00793558
test_00482,0.00401473
test_00483,0.99990391
test_00484,0.00004696
test_00485,0.25914804
test_00486,0.00005003
test_00487,0.95618140
test_00488,0.00005853
test_00489,0.99994920
test_00490,0.98960503
test_00491,0.55239360
test_00492,0.99660456
test_00493,0.99995087
test_00494,0.99560622
test_00495,0.99921336
test_00496,0.02057668
test_00497,0.99722869
test_00498,0.00056323
test_00499,0.00005594
test_00500,0.99988788
test_00501,0.00005490
test_00502,0.97704973
test_00503,0.04042484
test_00504,0.99990572
test_00505,0.98881823
test_00506,0.99974165
test_00507,0.00006627
test_00508,0.81805755
test_00509,0.03966243
test_00510,0.76957867
test_00511,0.99570035
test_00512,0.99975612
test_00513,0.96817623
test_00514,0.00004733
test_00515,0.00235858
test_00516,0.00180819
test_00517,0.00042652
test_00518,0.00050843
test_00519,0.99991325
test_00520,0.00006022
test_00521,0.99884600
test_00522,0.97289374
test_00523,0.03776206
test_00524,0.99946522
test_00525,0.99627938
test_00526,0.00278242
test_00527,0.03440809
test_00528,0.00071244
test_00529,0.98948149
test_00530,0.00160492
test_00531,0.96551660
test_00532,0.01098109
test_00533,0.00561864
test_00534,0.94657610
test_00535,0.02531275
test_00536,0.00422791
test_00537,0.00070303
test_00538,0.99993706
test_00539,0.17484058
test_00540,0.99299697
test_00541,0.01635728
test_00542,0.00840703
test_00543,0.99914417
test_00544,0.61315289
test_00545,0.00215326
test_00546,0.00006318
test_00547,0.99078859
test_00548,0.00007924
test_00549,0.84875095
test_00550,0.00037023
test_00551,0.00006972
test_00552,0.03177083
test_00553,0.99441120
test_00554,0.96603515
test_00555,0.18797390
test_00556,0.99991372
test_00557,0.99992490
test_00558,0.01050990
test_00559,0.00333444
test_00560,0.99973080
test_00561,0.00207311
test_00562,0.77517733
test_00563,0.05871739
test_00564,0.99994857
test_00565,0.99835449
test_00566,0.00349555
test_00567,0.99756243
test_00568,0.00005114
test_00569,0.01914595
test_00570,0.01295909
test_00571,0.31387569
test_00572,0.19336573
test_00573,0.00027908
test_00574,0.00237792
test_00575,0.32935251
test_00576,0.99654332
test_00577,0.15478562
test_00578,0.00004700
test_00579,0.99825687
test_00580,0.99391342
test_00581,0.99756363
test_00582,0.02180879
test_00583,0.99782356
test_00584,0.00115313
test_00585,0.00063553
test_00586,0.99692042
test_00587,0.98874440
test_00588,0.02077462
test_00589,0.00007638
test_00590,0.00004718
test_00591,0.00004879
test_00592,0.00004572
test_00593,0.99878338
test_00594,0.92904603
test_00595,0.06367468
test_00596,0.00005915
test_00597,0.00118766
test_00598,0.99993862
test_00599,0.00008371
test_00600,0.01278225
test_00601,0.99993196
test_00602,0.99354750
test_00603,0.00009723
test_00604,0.98833202
test_00605,0.90990807
test_00606,0.99723023
test_00607,0.00429497
test_00608,0.00056142
test_00609,0.00004548
test_00610,0.99304296
test_00611,0.00112627
test_00612,0.91405904
test_00613,0.00433137
test_00614,0.91964331
test_00615,0.99994698
test_00616,0.00305535
test_00617,0.99994703
test_00618,0.01775970
test_00619,0.99631207
test_00620,0.91668790
test_00621,0.42183579
test_00622,0.99994994
test_00623,0.99728429
test_00624,0.00067554
test_00625,0.00263092
test_00626,0.99759734
test_00627,0.23661193
test_00628,0.00004562
test_00629,0.08239385
test_00630,0.99993230
test_00631,0.99651835
test_00632,0.85678061
test_00633,0.93762264
test_00634,0.99763515
test_00635,0.00005252
test_00636,0.96528821
test_00637,0.00207567
test_00638,0.00644414
test_00639,0.88531121
test_00640,0.00005321
test_00641,0.99774483
test_00642,0.96430833
test_00643,0.00005021
test_00644,0.97552863
test_00645,0.98030641
test_00646,0.00004954
test_00647,0.00442373
test_00648,0.99940955
test_00649,0.99641466
test_00650,0.00265919
test_00651,0.01198741
test_00652,0.00019150
test_00653,0.99993079
test_00654,0.99889433
test_00655,0.99134671
test_00656,0.00004601
test_00657,0.01691593
test_00658,0.99402529
test_00659,0.00536746
test_00660,0.00180183
test_00661,0.00004880
test_00662,0.00226415
test_00663,0.00611132
test_00664,0.03138776
test_00665,0.00004565
test_00666,0.99835301
test_00667,0.46280565
test_00668,0.00195096
test_00669,0.00010395
test_00670,0.99702986
test_00671,0.99939002
test_00672,0.80986077
test_00673,0.99686571
test_00674,0.99971950
test_00675,0.98502576
test_00676,0.07703705
test_00677,0.02875173
test_00678,0.99726284
test_00679,0.00304934
test_00680,0.00958910
test_00681,0.99932348
test_00682,0.90285318
test_00683,0.99752491
test_00684,0.94899589
test_00685,0.99995407
test_00686,0.95209379
test_00687,0.00139662
test_00688,0.00005748
test_00689,0.99995288
test_00690,0.02614603
test_00691,0.99992700
test_00692,0.99924412
test_00693,0.99878243
test_00694,0.00004864
test_00695,0.01856986
test_00696,0.00203048
test_00697,0.99994810
test_00698,0.00009876
test_00699,0.02272970
test_00700,0.96928784
test_00701,0.99995046
test_00702,0.94666558
test_00703,0.03731327
test_00704,0.00176021
test_00705,0.98780388
test_00706,0.03934606
test_00707,0.99993252
test_00708,0.00007892
test_00709,0.67768184
test_00710,0.00055632
test_00711,0.97875091
test_00712,0.99894967
test_00713,0.33789417
test_00714,0.00129724
test_00715,0.99635628
test_00716,0.94704750
test_00717,0.99155196
test_00718,0.00222975
test_00719,0.00005031
test_00720,0.99968496
test_00721,0.00030151
test_00722,0.00005180
test_00723,0.99995104
test_00724,0.51606865
test_00725,0.99893582
test_00726,0.00006254
test_00727,0.00004639
test_00728,0.99440823
test_00729,0.99990231
test_00730,0.99944610
test_00731,0.22972522
test_00732,0.00006420
test_00733,0.00011799
test_00734,0.99989232
test_00735,0.00636925
test_00736,0.94405369
test_00737,0.97148410
test_00738,0.00013766
test_00739,0.99990610
test_00740,0.36240508
test_00741,0.99994843
test_00742,0.99925756
test_00743,0.97435454
test_00744,0.01753404
test_00745,0.96769786
test_00746,0.00108832
test_00747,0.52021001
test_00748,0.99875787
test_00749,0.00073813
test_00750,0.06446382
test_00751,0.99917272
test_00752,0.11870619
test_00753,0.00233800
test_00754,0.01792326
test_00755,0.99725048
test_00756,0.00754415
test_00757,0.00006057
test_00758,0.05399328
test_00759,0.00406106
test_00760,0.99994095
test_00761,0.84096327
test_00762,0.00170846
test_00763,0.99755771
test_00764,0.01615753
test_00765,0.99815060
test_00766,0.01124962
test_00767,0.99860328
test_00768,0.00004900
test_00769,0.00019778
test_00770,0.99993959
test_00771,0.00222978
test_00772,0.00006604
test_00773,0.99990167
test_00774,0.99558409
test_00775,0.99995009
test_00776,0.99443690
test_00777,0.00131915
test_00778,0.00015521
test_00779,0.00073016
test_00780,0.99895728
test_00781,0.00006762
test_00782,0.00621570
test_00783,0.42073464
test_00784,0.99924461
test_00785,0.99729028
test_00786,0.98864539
test_00787,0.00951954
test_00788,0.99692910
test_00789,0.98174685
test_00790,0.92892327
test_00791,0.93600035
test_00792,0.99074129
test_00793,0.00308829
test_00794,0.98511136
test_00795,0.06744209
test_00796,0.00240019
test_00797,0.03978804
test_00798,0.95497373
test_00799,0.99503586
test_00800,0.00080368
test_00801,0.00008743
test_00802,0.00006443
test_00803,0.00048655
test_00804,0.02716559
test_00805,0.00417392
test_00806,0.98325301
test_00807,0.99995362
test_00808,0.03684274
test_00809,0.35043479
test_00810,0.99961954
test_00811,0.99993677
test_00812,0.97785630
test_00813,0.00008331
test_00814,0.99714524
test_00815,0.02736585
test_00816,0.00092677
test_00817,0.01637279
test_00818,0.00050243
test_00819,0.70749049
test_00820,0.20730997
test_00821,0.00004559
test_00822,0.94305252
test_00823,0.03521438
test_00824,0.00004618
test_00825,0.99995299
test_00826,0.99573563
test_00827,0.99581653
test_00828,0.99992834
test_00829,0.99154200
test_00830,0.99993029
test_00831,0.99827059
test_00832,0.00810211
test_00833,0.12969207
test_00834,0.01707518
test_00835,0.13904421
test_00836,0.99714661
test_00837,0.99477683
test_00838,0.00112256
test_00839,0.00004915
test_00840,0.00007692
test_00841,0.80405201
test_00842,0.99759748
test_00843,0.99913336
test_00844,0.02890124
test_00845,0.00646566
test_00846,0.99194969
test_00847,0.17346913
test_00848,0.00879591
test_00849,0.03610812
test_00850,0.00013215
test_00851,0.99918835
test_00852,0.99955148
test_00853,0.99641361
test_00854,0.94208418
test_00855,0.01293734
test_00856,0.98867694
test_00857,0.01175253
test_00858,0.00647312
test_00859,0.99991120
test_00860,0.00427908
test_00861,0.97421852
test_00862,0.00006657
test_00863,0.99985562
test_00864,0.02123616
test_00865,0.00141742
test_00866,0.05519110
test_00867,0.01557673
test_00868,0.97733243
test_00869,0.38057166
test_00870,0.13311349
test_00871,0.00005351
test_00872,0.00007420
test_00873,0.99865241
test_00874,0.00210261
test_00875,0.95907228
test_00876,0.00045710
test_00877,0.00647668
test_00878,0.00282451
test_00879,0.99667216
test_00880,0.00005907
test_00881,0.99993865
test_00882,0.99962074
test_00883,0.14387307
test_00884,0.99148302
test_00885,0.97883703
test_00886,0.00013506
test_00887,0.00005567
test_00888,0.01551584
test_00889,0.99994366
test_00890,0.99781650
test_00891,0.98444905
test_00892,0.00210735
test_00893,0.99979896
test_00894,0.99585372
test_00895,0.99994443
test_00896,0.99884420
test_00897,0.99272927
test_00898,0.98306537
test_00899,0.00048023
test_00900,0.02143271
test_00901,0.99562937
test_00902,0.33801886
test_00903,0.96860263
test_00904,0.99995284
test_00905,0.08396298
test_00906,0.00792817
test_00907,0.99326464
test_00908,0.00023793
test_00909,0.93986912
test_00910,0.00004907
test_00911,0.95165046
test_00912,0.99982669
test_00913,0.01462862
test_00914,0.00004639
test_00915,0.99551715
test_00916,0.00006657
test_00917,0.96233493
test_00918,0.00795805
test_00919,0.00011605
test_00920,0.00004777
test_00921,0.00005189
test_00922,0.99689939
test_00923,0.00005717
test_00924,0.99686148
test_00925,0.99978246
test_00926,0.94856114
test_00927,0.01014225
test_00928,0.95451420
test_00929,0.96944660
test_00930,0.00095833
test_00931,0.99837626
test_00932,0.00004802
test_00933,0.99988842
test_00934,0.99961171
test_00935,0.00004808
test_00936,0.99914555
test_00937,0.98002336
test_00938,0.00005855
test_00939,0.99993508
test_00940,0.99991061
test_00941,0.99994207
test_00942,0.99995422
test_00943,0.00045578
test_00944,0.00190932
test_00945,0.34114573
test_00946,0.97875044
test_00947,0.00126700
test_00948,0.00388618
test_00949,0.00222664
test_00950,0.06138631
test_00951,0.96071695
test_00952,0.95318743
test_00953,0.98818438
test_00954,0.30826995
test_00955,0.99799465
test_00956,0.98894053
test_00957,0.00637046
test_00958,0.02407631
test_00959,0.78400734
test_00960,0.00004653
test_00961,0.97156911
test_00962,0.00005355
test_00963,0.99993826
test_00964,0.99933688
test_00965,0.99928671
test_00966,0.89098007
test_00967,0.00008365
test_00968,0.00106647
test_00969,0.99968054
test_00970,0.99932096
test_00971,0.99854005
test_00972,0.35552151
test_00973,0.01770995
test_00974,0.03040401
test_00975,0.99989349
test_00976,0.97675641
test_00977,0.32714622
test_00978,0.03023370
test_00979,0.04953398
test_00980,0.99492786
test_00981,0.99158056
test_00982,0.47675814
test_00983,0.00203455
test_00984,0.00107403
test_00985,0.91901261
test_00986,0.09026576
test_00987,0.00008234
test_00988,0.14521288
test_00989,0.99734397
test_00990,0.00067910
test_00991,0.84616590
test_00992,0.00558611
test_00993,0.00007898
test_00994,0.00005223
test_00995,0.00006926
test_00996,0.99907929
test_00997,0.99990948
test_00998,0.01595273
test_00999,0.00006066
test_01000,0.00007067
test_01001,0.99871035
test_01002,0.00207270
test_01003,0.99151348
test_01004,0.07035356
test_01005,0.02211732
test_01006,0.00263686
test_01007,0.00310459
test_01008,0.98244567
test_01009,0.99990836
test_01010,0.99934577
test_01011,0.99982857
test_01012,0.00176250
test_01013,0.00677025
test_01014,0.03433001
test_01015,0.99995393
test_01016,0.99937346
test_01017,0.00106467
test_01018,0.99383827
test_01019,0.99969631
test_01020,0.21449685
test_01021,0.99995331
test_01022,0.00161848
test_01023,0.99994520
test_01024,0.00011528
test_01025,0.01722494
test_01026,0.99989305
test_01027,0.00021203
test_01028,0.00004833
test_01029,0.99976016
test_01030,0.99995297
test_01031,0.01584626
test_01032,0.02138918
test_01033,0.99818858
test_01034,0.79093076
test_01035,0.15885681
test_01036,0.99971158
test_01037,0.99684208
test_01038,0.99934024
test_01039,0.98332207
test_01040,0.98493113
test_01041,0.96214761
test_01042,0.99903297
test_01043,0.14622815
test_01044,0.99994193
test_01045,0.99849460
test_01046,0.00004775
test_01047,0.99353589
test_01048,0.99993083
test_01049,0.02320606
test_01050,0.00321848
test_01051,0.92964847
test_01052,0.83593899
test_01053,0.05181955
test_01054,0.08477702
test_01055,0.00037638
test_01056,0.00030369
test_01057,0.00515551
test_01058,0.98959403
test_01059,0.77408557
test_01060,0.94707031
test_01061,0.83812076
test_01062,0.51201369
test_01063,0.00005031
test_01064,0.00053411
test_01065,0.01660956
test_01066,0.92812241
test_01067,0.00287689
test_01068,0.99432212
test_01069,0.00007622
test_01070,0.99978652
test_01071,0.99961383
test_01072,0.96167642
test_01073,0.92818589
test_01074,0.99685869
test_01075,0.00008122
test_01076,0.00398402
test_01077,0.99715594
test_01078,0.04432877
test_01079,0.99994954
test_01080,0.99969700
test_01081,0.99993757
test_01082,0.99333397
test_01083,0.99995276
test_01084,0.01538638
test_01085,0.97480855
test_01086,0.93110226
test_01087,0.00343367
test_01088,0.30608813
test_01089,0.99391030
test_01090,0.99990971
test_01091,0.99995084
test_01092,0.15025953
test_01093,0.00341805
test_01094,0.00716178
test_01095,0.99993797
test_01096,0.00631268
test_01097,0.97757328
test_01098,0.99083120
test_01099,0.22215913
test_01100,0.00024685
test_01101,0.00004715
test_01102,0.99427217
test_01103,0.03581319
test_01104,0.00141466
test_01105,0.93922161
test_01106,0.00102203
test_01107,0.99994545
test_01108,0.93868721
test_01109,0.00265963
test_01110,0.99601549
test_01111,0.00005267
test_01112,0.00381334
test_01113,0.99490020
test_01114,0.00110855
test_01115,0.05935927
test_01116,0.99943424
test_01117,0.98798975
test_01118,0.00005809
test_01119,0.00040590
test_01120,0.00325563
test_01121,0.97935611
test_01122,0.00006510
test_01123,0.93555776
test_01124,0.02022843
test_01125,0.99929950
test_01126,0.98688148
test_01127,0.00075664
test_01128,0.96246238
test_01129,0.20361361
test_01130,0.99992997
test_01131,0.00881182
test_01132,0.00006382
test_01133,0.00903781
test_01134,0.00004914
test_01135,0.99094603
test_01136,0.07222014
test_01137,0.99995403
test_01138,0.98822164
test_01139,0.00008477
test_01140,0.00008204
test_01141,0.99994148
test_01142,0.91531723
test_01143,0.99814409
test_01144,0.98371713
test_01145,0.04271090
test_01146,0.99991933
test_01147,0.27701357
test_01148,0.85203700
test_01149,0.05315110
test_01150,0.99993755
test_01151,0.00455439
test_01152,0.00400501
test_01153,0.99826283
test_01154,0.99993246
test_01155,0.11144238
test_01156,0.01192194
test_01157,0.00004777
test_01158,0.00112728
test_01159,0.00367260
test_01160,0.00555193
test_01161,0.32067153
test_01162,0.00004640
test_01163,0.98981563
test_01164,0.00004587
test_01165,0.00009311
test_01166,0.94361427
test_01167,0.99440056
test_01168,0.97565399
test_01169,0.00223583
test_01170,0.00794054
test_01171,0.96035588
test_01172,0.99966460
test_01173,0.10008410
test_01174,0.99974198
test_01175,0.00057005
test_01176,0.00220587
test_01177,0.99994695
test_01178,0.98138107
test_01179,0.00425051
test_01180,0.00004558
test_01181,0.09925687
test_01182,0.99979181
test_01183,0.99951140
test_01184,0.99858142
test_01185,0.00329648
test_01186,0.00138363
test_01187,0.00176628
test_01188,0.00402916
test_01189,0.00336173
test_01190,0.00054803
test_01191,0.71530001
test_01192,0.99921932
test_01193,0.00004693
test_01194,0.99748435
test_01195,0.99989493
test_01196,0.68202273
test_01197,0.99410106
test_01198,0.06486915
test_01199,0.00005250
test_01200,0.97677529
test_01201,0.00032975
test_01202,0.99994433
test_01203,0.98997213
test_01204,0.00570430
test_01205,0.00007242
test_01206,0.85911243
test_01207,0.00005090
test_01208,0.91578586
test_01209,0.00460170
test_01210,0.99993726
test_01211,0.99866594
test_01212,0.26965965
test_01213,0.99693969
test_01214,0.98688872
test_01215,0.00911132
test_01216,0.98462780
test_01217,0.00573931
test_01218,0.01208270
test_01219,0.00491212
test_01220,0.99993854
test_01221,0.97897139
test_01222,0.00557624
test_01223,0.97521178
test_01224,0.99732933
test_01225,0.98366508
test_01226,0.00005082
test_01227,0.99957933
test_01228,0.00004801
test_01229,0.98932573
test_01230,0.98047669
test_01231,0.99108165
test_01232,0.04780078
test_01233,0.99876733
test_01234,0.00116616
test_01235,0.98210230
test_01236,0.99865899
test_01237,0.05908539
test_01238,0.00006775
test_01239,0.99666366
test_01240,0.99961858
test_01241,0.99995033
test_01242,0.00369467
test_01243,0.00004705
test_01244,0.03245576
test_01245,0.95319753
test_01246,0.99853025
test_01247,0.99710607
test_01248,0.00831398
test_01249,0.99995398
test_01250,0.98870954
test_01251,0.82628058
test_01252,0.06547486
test_01253,0.08256774
test_01254,0.99937957
test_01255,0.99994465
test_01256,0.96711325
test_01257,0.95281245
test_01258,0.00152106
test_01259,0.12736260
test_01260,0.00062083
test_01261,0.99994573
test_01262,0.76652718
test_01263,0.98446266
test_01264,0.00095478
test_01265,0.99829216
test_01266,0.00072492
test_01267,0.03801637
test_01268,0.00484168
test_01269,0.99971988
test_01270,0.99751133
test_01271,0.00006581
test_01272,0.00004703
test_01273,0.00004612
test_01274,0.00005584
test_01275,0.99994953
test_01276,0.00004890
test_01277,0.00158695
test_01278,0.31975378
test_01279,0.00017047
test_01280,0.39937919
test_01281,0.99955818
test_01282,0.90771093
test_01283,0.97484918
test_01284,0.01131764
test_01285,0.00239341
test_01286,0.99608514
test_01287,0.99994018
test_01288,0.47650819
test_01289,0.99229345
test_01290,0.95189863
test_01291,0.02440592
test_01292,0.62806242
test_01293,0.00756858
test_01294,0.99995396
test_01295,0.94526084
test_01296,0.99989972
test_01297,0.97407023
test_01298,0.34892294
test_01299,0.99334532
test_01300,0.00154181
test_01301,0.99837053
test_01302,0.99701137
test_01303,0.01807197
test_01304,0.03177330
test_01305,0.00114203
test_01306,0.00171965
test_01307,0.99855334
test_01308,0.99823072
test_01309,0.00005489
test_01310,0.99189396
test_01311,0.13358383
test_01312,0.99772762
test_01313,0.00425998
test_01314,0.99986034
test_01315,0.32646328
test_01316,0.84910863
test_01317,0.97159735
test_01318,0.00375191
test_01319,0.00956176
test_01320,0.49536408
test_01321,0.01512744
test_01322,0.93143570
test_01323,0.00246427
test_01324,0.00157127
test_01325,0.99995247
test_01326,0.00671303
test_01327,0.99117926
test_01328,0.99992595
test_01329,0.99995013
test_01330,0.99993568
test_01331,0.00178337
test_01332,0.99948166
test_01333,0.99082614
test_01334,0.55133625
test_01335,0.99993057
test_01336,0.97433141
test_01337,0.98826557
test_01338,0.99661905
test_01339,0.99500098
test_01340,0.01985203
test_01341,0.99802732
test_01342,0.99992631
test_01343,0.99922797
test_01344,0.98003474
test_01345,0.98846249
test_01346,0.00029668
test_01347,0.99995235
test_01348,0.03443129
test_01349,0.00294118
test_01350,0.99344133
test_01351,0.98945593
test_01352,0.99995435
test_01353,0.00040500
test_01354,0.99355031
test_01355,0.82939706
test_01356,0.11632508
test_01357,0.00598911
test_01358,0.99994987
test_01359,0.95009931
test_01360,0.00605458
test_01361,0.99855058
test_01362,0.02806718
test_01363,0.99995442
test_01364,0.85016699
test_01365,0.02138964
test_01366,0.02294949
test_01367,0.99981340
test_01368,0.00013279
test_01369,0.01330148
test_01370,0.00005671
test_01371,0.01407347
test_01372,0.02899711
test_01373,0.99823064
test_01374,0.99991705
test_01375,0.00118272
test_01376,0.00005398
test_01377,0.00004755
test_01378,0.00320487
test_01379,0.10126187
test_01380,0.00324690
test_01381,0.00006497
test_01382,0.99720201
test_01383,0.99942256
test_01384,0.97848511
test_01385,0.96873162
test_01386,0.00181201
test_01387,0.00172864
test_01388,0.00149112
test_01389,0.00005066
test_01390,0.00005456
test_01391,0.00729144
test_01392,0.99993566
test_01393,0.99496025
test_01394,0.04132756
test_01395,0.99704115
test_01396,0.99992347
test_01397,0.99385108
test_01398,0.00657066
test_01399,0.05799337
test_01400,0.00041267
test_01401,0.00006081
test_01402,0.00004546
test_01403,0.89865272
test_01404,0.99994091
test_01405,0.99658930
test_01406,0.00005726
test_01407,0.98520537
test_01408,0.99993469
test_01409,0.99421467
test_01410,0.99992926
test_01411,0.00010661
test_01412,0.00004552
test_01413,0.00102662
test_01414,0.00045951
test_01415,0.84011115
test_01416,0.99994062
test_01417,0.00006689
test_01418,0.87148067
test_01419,0.00649699
test_01420,0.00004829
test_01421,0.00008721
test_01422,0.00065791
test_01423,0.99637352
test_01424,0.97160173
test_01425,0.99987303
test_01426,0.99845603
test_01427,0.00006107
test_01428,0.99614877
test_01429,0.99993938
test_01430,0.05150097
test_01431,0.01338946
test_01432,0.99930699
test_01433,0.99993532
test_01434,0.99801066
test_01435,0.00005433
test_01436,0.01505776
test_01437,0.00206290
test_01438,0.05652679
test_01439,0.99994942
test_01440,0.89671975
test_01441,0.02091818
test_01442,0.99550413
test_01443,0.07662741
test_01444,0.16018987
test_01445,0.99433199
test_01446,0.08398719
test_01447,0.99836804
test_01448,0.98353571
test_01449,0.75499038
test_01450,0.99852804
test_01451,0.15070918
test_01452,0.99990204
test_01453,0.98345415
test_01454,0.98347379
test_01455,0.99613719
test_01456,0.98916957
test_01457,0.99925441
test_01458,0.99841408
test_01459,0.82934872
test_01460,0.02527080
test_01461,0.00004876
test_01462,0.00034170
test_01463,0.99877546
test_01464,0.01937028
test_01465,0.98247950
test_01466,0.93599396
test_01467,0.98118059
test_01468,0.99270387
test_01469,0.02983081
test_01470,0.00124376
test_01471,0.05627054
test_01472,0.93181839
test_01473,0.00006422
test_01474,0.99543335
test_01475,0.02931248
test_01476,0.00291627
test_01477,0.00545130
test_01478,0.00238089
test_01479,0.17985879
test_01480,0.99902974
test_01481,0.27903583
test_01482,0.10662167
test_01483,0.52631600
test_01484,0.00068133
test_01485,0.99986432
test_01486,0.99573743
test_01487,0.00004923
test_01488,0.99095475
test_01489,0.99843963
test_01490,0.94731213
test_01491,0.00898795
test_01492,0.00007857
test_01493,0.00006391
test_01494,0.00004823
test_01495,0.00006574
test_01496,0.99383287
test_01497,0.97642555
test_01498,0.80651943
test_01499,0.04825468
test_01500,0.02476818
test_01501,0.00445942
test_01502,0.02414232
test_01503,0.88214756
test_01504,0.99992356
test_01505,0.03432687
test_01506,0.98415096
test_01507,0.99989172
test_01508,0.97363973
test_01509,0.94949186
test_01510,0.87146164
test_01511,0.99863795
test_01512,0.99806474
test_01513,0.99994850
test_01514,0.09726823
test_01515,0.99990387
test_01516,0.00734083
test_01517,0.07137709
test_01518,0.99856102
test_01519,0.99713750
test_01520,0.99994866
test_01521,0.99994991
test_01522,0.99993930
test_01523,0.99498644
test_01524,0.99927898
test_01525,0.99989615
test_01526,0.28870122
test_01527,0.99995225
test_01528,0.99994462
test_01529,0.00965112
test_01530,0.99993390
test_01531,0.01330055
test_01532,0.99804830
test_01533,0.26089567
test_01534,0.00836998
test_01535,0.00004666
test_01536,0.00585547
test_01537,0.99994192
test_01538,0.00403495
test_01539,0.99809444
test_01540,0.40411058
test_01541,0.05139957
test_01542,0.93832686
test_01543,0.99880062
test_01544,0.00072960
test_01545,0.99993559
test_01546,0.99198440
test_01547,0.96933743
test_01548,0.00403031
test_01549,0.96209699
test_01550,0.99971740
test_01551,0.00453470
test_01552,0.97692890
test_01553,0.99995405
test_01554,0.08337244
test_01555,0.68585173
test_01556,0.98783888
test_01557,0.99976398
test_01558,0.99995418
test_01559,0.00128026
test_01560,0.99519159
test_01561,0.00004727
test_01562,0.01035491
test_01563,0.96760007
test_01564,0.01102553
test_01565,0.99144303
test_01566,0.99562911
test_01567,0.01244428
test_01568,0.00332334
test_01569,0.00124878
test_01570,0.00157579
test_01571,0.99844152
test_01572,0.99986682
test_01573,0.79450570
test_01574,0.07693931
test_01575,0.00147594
test_01576,0.99994187
test_01577,0.61777879
test_01578,0.93103101
test_01579,0.98371004
test_01580,0.18414184
test_01581,0.99994729
test_01582,0.01084122
test_01583,0.00019293
test_01584,0.15429176
test_01585,0.02963631
test_01586,0.99995361
test_01587,0.99985896
test_01588,0.00006446
test_01589,0.11997710
test_01590,0.99995270
test_01591,0.99995422
test_01592,0.00034327
test_01593,0.05060588
test_01594,0.99515058
test_01595,0.99995203
test_01596,0.00004685
test_01597,0.00042530
test_01598,0.00004706
test_01599,0.97447846
test_01600,0.01756657
test_01601,0.99990757
test_01602,0.00323950
test_01603,0.99904170
test_01604,0.98593766
test_01605,0.00373162
test_01606,0.00826893
test_01607,0.99028059
test_01608,0.99505658
test_01609,0.99958779
test_01610,0.99814038
test_01611,0.00037031
test_01612,0.99705540
test_01613,0.29390204
test_01614,0.00339264
test_01615,0.99123084
test_01616,0.00393291
test_01617,0.92513534
test_01618,0.99977562
test_01619,0.00006790
test_01620,0.10616922
test_01621,0.02686034
test_01622,0.99993439
test_01623,0.95143978
test_01624,0.91565969
test_01625,0.43191538
test_01626,0.99994398
test_01627,0.99625765
test_01628,0.00012323
test_01629,0.98271348
test_01630,0.99120808
test_01631,0.97812987
test_01632,0.00005534
test_01633,0.99993514
test_01634,0.00042056
test_01635,0.76538403
test_01636,0.88529656
test_01637,0.00044118
test_01638,0.40768262
test_01639,0.01817575
test_01640,0.00051991
test_01641,0.01277962
test_01642,0.99779050
test_01643,0.00303131
test_01644,0.09431171
test_01645,0.81535016
test_01646,0.13500452
test_01647,0.99355092
test_01648,0.99943746
test_01649,0.00036916
test_01650,0.02474967
test_01651,0.00005979
test_01652,0.99527169
test_01653,0.01217066
test_01654,0.88571866
test_01655,0.99994180
test_01656,0.99993893
test_01657,0.00358492
test_01658,0.00884886
test_01659,0.00320363
test_01660,0.99963279
test_01661,0.00007812
test_01662,0.94485783
test_01663,0.00282505
test_01664,0.01750969
test_01665,0.99329559
test_01666,0.00004590
test_01667,0.01376169
test_01668,0.99989625
test_01669,0.00667863
test_01670,0.99620239
test_01671,0.99993607
test_01672,0.99995157
test_01673,0.12890147
test_01674,0.00045676
test_01675,0.00004747
test_01676,0.94872004
test_01677,0.00247108
test_01678,0.99137472
test_01679,0.99903406
test_01680,0.00012414
test_01681,0.99622170
test_01682,0.99994518
test_01683,0.00006396
test_01684,0.99769834
test_01685,0.99829360
test_01686,0.99853065
test_01687,0.99825483
test_01688,0.02384386
test_01689,0.00296679
test_01690,0.99786987
test_01691,0.00005173
test_01692,0.03153763
test_01693,0.00252364
test_01694,0.06828123
test_01695,0.12964512
test_01696,0.99879608
test_01697,0.99242391
test_01698,0.99812417
test_01699,0.00005096
test_01700,0.99994306
test_01701,0.00107837
test_01702,0.00005215
test_01703,0.99994846
test_01704,0.01846865
test_01705,0.44243070
test_01706,0.67533357
test_01707,0.99971921
test_01708,0.99505366
test_01709,0.99994943
test_01710,0.99907984
test_01711,0.00004829
test_01712,0.00410561
test_01713,0.00004732
test_01714,0.00374941
test_01715,0.99993783
test_01716,0.99993535
test_01717,0.99995217
test_01718,0.00005441
test_01719,0.00007428
test_01720,0.95871556
test_01721,0.00005687
test_01722,0.99994454
test_01723,0.00626290
test_01724,0.01631282
test_01725,0.01245106
test_01726,0.00005060
test_01727,0.80657635
test_01728,0.00112709
test_01729,0.99994875
test_01730,0.00486142
test_01731,0.00228361
test_01732,0.00415364
test_01733,0.95803025
test_01734,0.99311257
test_01735,0.98714087
test_01736,0.99793917
test_01737,0.99976566
test_01738,0.99985774
test_01739,0.01381206
test_01740,0.97792948
test_01741,0.01860534
test_01742,0.00005167
test_01743,0.99780235
test_01744,0.99605748
test_01745,0.00745276
test_01746,0.00192802
test_01747,0.99994715
test_01748,0.00170483
test_01749,0.98218229
test_01750,0.99950979
test_01751,0.01552298
test_01752,0.07178114
test_01753,0.38815420
test_01754,0.01439646
test_01755,0.33292861
test_01756,0.99934988
test_01757,0.99836478
test_01758,0.00374557
test_01759,0.00264583
test_01760,0.98451988
test_01761,0.02514585
test_01762,0.01182992
test_01763,0.00006153
test_01764,0.95304776
test_01765,0.93445203
test_01766,0.00007341
test_01767,0.00092259
test_01768,0.00294700
test_01769,0.25686728
test_01770,0.96288269
test_01771,0.15744711
test_01772,0.01151986
test_01773,0.96187401
test_01774,0.98615531
test_01775,0.99930081
test_01776,0.97481715
test_01777,0.90500969
test_01778,0.99994570
test_01779,0.01167731
test_01780,0.00622138
test_01781,0.88409545
test_01782,0.00708263
test_01783,0.54161158
test_01784,0.00404005
test_01785,0.99992266
test_01786,0.94762960
test_01787,0.26755576
test_01788,0.99977679
test_01789,0.57936864
test_01790,0.00008147
test_01791,0.99989624
test_01792,0.15123313
test_01793,0.06936769
test_01794,0.99968605
test_01795,0.01957465
test_01796,0.00836029
test_01797,0.00026494
test_01798,0.99795559
test_01799,0.18097021
test_01800,0.97804231
test_01801,0.99995039
test_01802,0.52080877
test_01803,0.98277172
test_01804,0.99995413
test_01805,0.00005411
test_01806,0.00114558
test_01807,0.99994587
test_01808,0.99814912
test_01809,0.99994278
test_01810,0.99775229
test_01811,0.99967477
test_01812,0.98838988
test_01813,0.37446388
test_01814,0.00005226
test_01815,0.99994000
test_01816,0.98510073
test_01817,0.00007408
test_01818,0.99987499
test_01819,0.94156777
test_01820,0.04167491
test_01821,0.99807833
test_01822,0.21768415
test_01823,0.00011123
test_01824,0.29306008
test_01825,0.00088426
test_01826,0.99995198
test_01827,0.00004693
test_01828,0.99717760
test_01829,0.00008301
test_01830,0.98743375
test_01831,0.23287067
test_01832,0.00070908
test_01833,0.31983702
test_01834,0.23825576
test_01835,0.99125614
test_01836,0.00004579
test_01837,0.99993920
test_01838,0.00118013
test_01839,0.99612632
test_01840,0.00194112
test_01841,0.99991655
test_01842,0.00041811
test_01843,0.00005011
test_01844,0.99924052
test_01845,0.98874602
test_01846,0.99048476
test_01847,0.92881138
test_01848,0.02017143
test_01849,0.99988647
test_01850,0.97853811
test_01851,0.99732003
test_01852,0.02365396
test_01853,0.08345159
test_01854,0.00030851
test_01855,0.01107403
test_01856,0.99995111
test_01857,0.00005180
test_01858,0.99868049
test_01859,0.99514008
test_01860,0.99994175
test_01861,0.30031714
test_01862,0.00170783
test_01863,0.99796918
test_01864,0.00735127
test_01865,0.85211460
test_01866,0.07972058
test_01867,0.19755644
test_01868,0.07377556
test_01869,0.99894122
test_01870,0.00005932
test_01871,0.99336282
test_01872,0.00418916
test_01873,0.99939189
test_01874,0.50554345
test_01875,0.00788327
test_01876,0.99610148
test_01877,0.99995091
test_01878,0.00380255
test_01879,0.99992957
test_01880,0.98755026
test_01881,0.99579351
test_01882,0.00005647
test_01883,0.01645365
test_01884,0.00313817
test_01885,0.01139458
test_01886,0.00155034
test_01887,0.95191129
test_01888,0.90124664
test_01889,0.00011463
test_01890,0.99994805
test_01891,0.00009244
test_01892,0.00076307
test_01893,0.99986775
test_01894,0.01666909
test_01895,0.00011308
test_01896,0.99987221
test_01897,0.00314121
test_01898,0.99980165
test_01899,0.65653253
test_01900,0.99992980
test_01901,0.00004742
test_01902,0.99576688
test_01903,0.00213393
test_01904,0.00004846
test_01905,0.99750643
test_01906,0.04771545
test_01907,0.99995143
test_01908,0.99904621
test_01909,0.00008362
test_01910,0.00010728
test_01911,0.02348751
test_01912,0.99995027
test_01913,0.00430648
test_01914,0.97886566
test_01915,0.02434260
test_01916,0.98832512
test_01917,0.99991860
test_01918,0.99907192
test_01919,0.00187984
test_01920,0.99993747
test_01921,0.00577317
test_01922,0.17823879
test_01923,0.94152398
test_01924,0.95596307
test_01925,0.99991571
test_01926,0.00187927
test_01927,0.99708556
test_01928,0.00848759
test_01929,0.82736132
test_01930,0.99994188
test_01931,0.00354139
test_01932,0.99989137
test_01933,0.98527813
test_01934,0.99703723
test_01935,0.00011796
test_01936,0.00005572
test_01937,0.99994581
test_01938,0.01115594
test_01939,0.99838696
test_01940,0.00005154
test_01941,0.99803847
test_01942,0.98169216
test_01943,0.07758227
test_01944,0.99582936
test_01945,0.00016910
test_01946,0.90349047
test_01947,0.00005842
test_01948,0.00177049
test_01949,0.06174889
test_01950,0.99782622
test_01951,0.00118913
test_01952,0.99993733
test_01953,0.00198606
test_01954,0.99994306
test_01955,0.00265186
test_01956,0.99994115
test_01957,0.99982572
test_01958,0.00166088
test_01959,0.01445115
test_01960,0.99994315
test_01961,0.99707385
test_01962,0.00004937
test_01963,0.05197997
test_01964,0.07676285
test_01965,0.96979451
test_01966,0.00005959
test_01967,0.01037240
test_01968,0.99512756
test_01969,0.00335052
test_01970,0.01057910
test_01971,0.99259008
test_01972,0.95979994
test_01973,0.00149194
test_01974,0.34919651
test_01975,0.99850250
test_01976,0.99995274
test_01977,0.00191359
test_01978,0.99953389
test_01979,0.00007250
test_01980,0.31998829
test_01981,0.00213780
test_01982,0.00004640
test_01983,0.07834273
test_01984,0.84736168
test_01985,0.99976133
test_01986,0.97412624
test_01987,0.05357572
test_01988,0.02254356
test_01989,0.95457928
test_01990,0.01880860
test_01991,0.99994408
test_01992,0.04493080
test_01993,0.56885643
test_01994,0.00640375
test_01995,0.66376342
test_01996,0.95756936
test_01997,0.93694127
test_01998,0.05816688
test_01999,0.01358371
test_02000,0.99995150
test_02001,0.01087430
test_02002,0.00593486
test_02003,0.99675328
test_02004,0.00241112
test_02005,0.99989854
test_02006,0.00005648
test_02007,0.10497341
test_02008,0.06306443
test_02009,0.99909786
test_02010,0.99495031
test_02011,0.99995263
test_02012,0.98269776
test_02013,0.99994224
test_02014,0.00006251
test_02015,0.00292546
test_02016,0.99722556
test_02017,0.01549943
test_02018,0.99970792
test_02019,0.99541812
test_02020,0.05276685
test_02021,0.98896872
test_02022,0.12885891
test_02023,0.00233529
test_02024,0.10787868
test_02025,0.99994859
test_02026,0.99541607
test_02027,0.00731052
test_02028,0.99122955
test_02029,0.96846215
test_02030,0.99994012
test_02031,0.52698940
test_02032,0.02905434
test_02033,0.00007507
test_02034,0.03425570
test_02035,0.98773221
test_02036,0.01433405
test_02037,0.00339469
test_02038,0.86609921
test_02039,0.99948640
test_02040,0.28958477
test_02041,0.99993444
test_02042,0.00079835
test_02043,0.00004970
test_02044,0.01871339
test_02045,0.99550465
test_02046,0.00541061
test_02047,0.02407187
test_02048,0.99930717
test_02049,0.00005782
test_02050,0.99995327
test_02051,0.99779844
test_02052,0.05319550
test_02053,0.99994204
test_02054,0.59574144
test_02055,0.99897900
test_02056,0.99881517
test_02057,0.99995418
test_02058,0.07080606
test_02059,0.99308428
test_02060,0.99995431
test_02061,0.98617800
test_02062,0.00013925
test_02063,0.00645798
test_02064,0.94484367
test_02065,0.96949954
test_02066,0.99995049
test_02067,0.00004853
test_02068,0.00435051
test_02069,0.99821363
test_02070,0.00004741
test_02071,0.00332193
test_02072,0.95162786
test_02073,0.00078426
test_02074,0.99956891
test_02075,0.74437734
test_02076,0.42039657
test_02077,0.06166260
test_02078,0.99820550
test_02079,0.00038533
test_02080,0.99456748
test_02081,0.00736829
test_02082,0.97264586
test_02083,0.00140977
test_02084,0.00163729
test_02085,0.26518801
test_02086,0.00629338
test_02087,0.00539650
test_02088,0.00539428
test_02089,0.00440297
test_02090,0.05146016
test_02091,0.00004688
test_02092,0.00005200
test_02093,0.01771546
test_02094,0.99883172
test_02095,0.00007715
test_02096,0.00083737
test_02097,0.14314279
test_02098,0.99840181
test_02099,0.99995361
test_02100,0.99677434
test_02101,0.99840490
test_02102,0.99993230
test_02103,0.00782984
test_02104,0.03890204
test_02105,0.99992040
test_02106,0.99799493
test_02107,0.02743588
test_02108,0.01145868
test_02109,0.00527394
test_02110,0.87217077
test_02111,0.00004665
test_02112,0.05757216
test_02113,0.99709302
test_02114,0.97481140
test_02115,0.02674446
test_02116,0.99961734
test_02117,0.00595268
test_02118,0.00488934
test_02119,0.96788901
test_02120,0.00043868
test_02121,0.98092576
test_02122,0.00006760
test_02123,0.00014673
test_02124,0.32026286
test_02125,0.99914525
test_02126,0.01833673
test_02127,0.00005783
test_02128,0.00109122
test_02129,0.99974827
test_02130,0.97442962
test_02131,0.99808612
test_02132,0.99078560
test_02133,0.99848323
test_02134,0.00005431
test_02135,0.99991795
test_02136,0.97624914
test_02137,0.69345060
test_02138,0.74649423
test_02139,0.99156578
test_02140,0.02836727
test_02141,0.95617299
test_02142,0.99546489
test_02143,0.00007298
test_02144,0.94385980
test_02145,0.00004713
test_02146,0.00007388
test_02147,0.75639578
test_02148,0.99699712
test_02149,0.00010061
test_02150,0.99933249
test_02151,0.00008227
test_02152,0.00083816
test_02153,0.99995448
test_02154,0.99994391
test_02155,0.99993687
test_02156,0.33021074
test_02157,0.00013532
test_02158,0.00422387
test_02159,0.99982773
test_02160,0.93313397
test_02161,0.99745339
test_02162,0.99993362
test_02163,0.00004713
test_02164,0.00006170
test_02165,0.00175168
test_02166,0.00195592
test_02167,0.20092117
test_02168,0.02820838
test_02169,0.00038099
test_02170,0.99990453
test_02171,0.00094164
test_02172,0.99989379
test_02173,0.00004741
test_02174,0.99459309
test_02175,0.97342293
test_02176,0.00400122
test_02177,0.94632179
test_02178,0.03122021
test_02179,0.77236075
test_02180,0.99980157
test_02181,0.99976806
test_02182,0.00189431
test_02183,0.00008210
test_02184,0.00024631
test_02185,0.99990581
test_02186,0.00484066
test_02187,0.99994186
test_02188,0.00549336
test_02189,0.99990947
test_02190,0.98962418
test_02191,0.99995302
test_02192,0.10510435
test_02193,0.00016872
test_02194,0.97417883
test_02195,0.99492699
test_02196,0.00036262
test_02197,0.76163810
test_02198,0.04740083
test_02199,0.00657912
test_02200,0.00568581
test_02201,0.01910099
test_02202,0.00166967
test_02203,0.00672798
test_02204,0.00935086
test_02205,0.00128487
test_02206,0.98605940
test_02207,0.00761369
test_02208,0.77514772
test_02209,0.99952555
test_02210,0.01561175
test_02211,0.02333099
test_02212,0.16077187
test_02213,0.90762356
test_02214,0.99955654
test_02215,0.01705339
test_02216,0.00193723
test_02217,0.00630199
test_02218,0.88133159
test_02219,0.00126251
test_02220,0.00153229
test_02221,0.09757326
test_02222,0.99307734
test_02223,0.00023721
test_02224,0.99993874
test_02225,0.00005511
test_02226,0.00579105
test_02227,0.76950835
test_02228,0.99994443
test_02229,0.99995349
test_02230,0.01549772
test_02231,0.01537818
test_02232,0.97779834
test_02233,0.99311507
test_02234,0.03278380
test_02235,0.95288337
test_02236,0.58082016
test_02237,0.99590716
test_02238,0.00464851
test_02239,0.09946607
test_02240,0.83755047
test_02241,0.99753595
test_02242,0.00063303
test_02243,0.00007111
test_02244,0.99340820
test_02245,0.00413839
test_02246,0.99535119
test_02247,0.99995286
test_02248,0.99495224
test_02249,0.99965199
test_02250,0.99995033
test_02251,0.00606271
test_02252,0.99995188
test_02253,0.98350556
test_02254,0.00005285
test_02255,0.97201234
test_02256,0.00703255
test_02257,0.79470293
test_02258,0.00272875
test_02259,0.94483854
test_02260,0.13928234
test_02261,0.00658423
test_02262,0.22605789
test_02263,0.98851920
test_02264,0.00449393
test_02265,0.99301918
test_02266,0.93314329
test_02267,0.30972563
test_02268,0.00421449
test_02269,0.98590353
test_02270,0.84135214
test_02271,0.00186301
test_02272,0.00141198
test_02273,0.99350018
test_02274,0.66986855
test_02275,0.99994403
test_02276,0.99940326
test_02277,0.99939604
test_02278,0.99993281
test_02279,0.99535271
test_02280,0.00062489
test_02281,0.91693964
test_02282,0.00675274
test_02283,0.91335110
test_02284,0.00005622
test_02285,0.99983961
test_02286,0.00137770
test_02287,0.00006599
test_02288,0.00005053
test_02289,0.00004702
test_02290,0.19980719
test_02291,0.00055343
test_02292,0.92296272
test_02293,0.00473178
test_02294,0.99555713
test_02295,0.65701959
test_02296,0.99995034
test_02297,0.99404067
test_02298,0.99797997
test_02299,0.99510263
test_02300,0.00005958
test_02301,0.09476279
test_02302,0.97648975
test_02303,0.99918598
test_02304,0.02212932
test_02305,0.97259283
test_02306,0.99954978
test_02307,0.82156487
test_02308,0.02811531
test_02309,0.00316318
test_02310,0.99822397
test_02311,0.98829847
test_02312,0.00530192
test_02313,0.01317820
test_02314,0.10777057
test_02315,0.98965001
test_02316,0.96147918
test_02317,0.00563334
test_02318,0.99993966
test_02319,0.99862271
test_02320,0.53681200
test_02321,0.93926496
test_02322,0.77094742
test_02323,0.00063738
test_02324,0.98831438
test_02325,0.99416746
test_02326,0.00676801
test_02327,0.97777994
test_02328,0.00232798
test_02329,0.00230018
test_02330,0.02054423
test_02331,0.00052668
test_02332,0.00088921
test_02333,0.00004981
test_02334,0.76599955
test_02335,0.99110861
test_02336,0.99994385
test_02337,0.46327810
test_02338,0.01772413
test_02339,0.99943650
test_02340,0.99990548
test_02341,0.79323176
test_02342,0.07527860
test_02343,0.99874223
test_02344,0.15096401
test_02345,0.00011033
test_02346,0.99042879
test_02347,0.99705239
test_02348,0.97484295
test_02349,0.99995398
test_02350,0.00005424
test_02351,0.00299560
test_02352,0.19856042
test_02353,0.01001332
test_02354,0.99993328
test_02355,0.99659571
test_02356,0.99837832
test_02357,0.00006781
test_02358,0.98965617
test_02359,0.99940204
test_02360,0.00654706
test_02361,0.43342837
test_02362,0.99842813
test_02363,0.97740647
test_02364,0.99995053
test_02365,0.98727124
test_02366,0.00026882
test_02367,0.99437407
test_02368,0.00056010
test_02369,0.00005165
test_02370,0.99674302
test_02371,0.99830756
test_02372,0.00004597
test_02373,0.00005584
test_02374,0.99981694
test_02375,0.99703489
test_02376,0.67444132
test_02377,0.97952484
test_02378,0.93999962
test_02379,0.00041224
test_02380,0.99909256
test_02381,0.99994839
test_02382,0.99876530
test_02383,0.01926154
test_02384,0.00187935
test_02385,0.96300335
test_02386,0.00083311
test_02387,0.99972016
test_02388,0.00041772
test_02389,0.00004607
test_02390,0.41576863
test_02391,0.00008774
test_02392,0.99700170
test_02393,0.01267387
test_02394,0.01893525
test_02395,0.95943999
test_02396,0.01182702
test_02397,0.99859068
test_02398,0.99995386
test_02399,0.00005962
test_02400,0.98604873
test_02401,0.99832065
test_02402,0.99657459
test_02403,0.00873010
test_02404,0.95754018
test_02405,0.95833449
test_02406,0.92381039
test_02407,0.94000514
test_02408,0.01724472
test_02409,0.00004867
test_02410,0.00349378
test_02411,0.99935700
test_02412,0.83621130
test_02413,0.99660796
test_02414,0.98618002
test_02415,0.99995179
test_02416,0.04799690
test_02417,0.98681557
test_02418,0.00562917
test_02419,0.00009106
test_02420,0.17773701
test_02421,0.96531955
test_02422,0.00007478
test_02423,0.99841430
test_02424,0.01212351
test_02425,0.00024120
test_02426,0.99927930
test_02427,0.99665100
test_02428,0.00179618
test_02429,0.00203717
test_02430,0.99965233
test_02431,0.00306712
test_02432,0.09760916
test_02433,0.99917001
test_02434,0.99948634
test_02435,0.73155165
test_02436,0.01704966
test_02437,0.99983350
test_02438,0.99994198
test_02439,0.99991951
test_02440,0.99861230
test_02441,0.99995033
test_02442,0.00007485
test_02443,0.99934164
test_02444,0.33858566
test_02445,0.49788196
test_02446,0.00005581
test_02447,0.98149055
test_02448,0.88127741
test_02449,0.00105255
test_02450,0.99963662
test_02451,0.99995080
test_02452,0.00069502
test_02453,0.76235522
test_02454,0.99798012
test_02455,0.01747514
test_02456,0.11432587
test_02457,0.00126908
test_02458,0.00022118
test_02459,0.00416944
test_02460,0.95895100
test_02461,0.99995056
test_02462,0.99994548
test_02463,0.00005386
test_02464,0.99637774
test_02465,0.00904123
test_02466,0.27620774
test_02467,0.00093753
test_02468,0.99953188
test_02469,0.06804057
test_02470,0.99109100
test_02471,0.99994947
test_02472,0.00146661
test_02473,0.99994822
test_02474,0.00006983
test_02475,0.00045702
test_02476,0.01796174
test_02477,0.99019118
test_02478,0.99994689
test_02479,0.99929068
test_02480,0.99993343
test_02481,0.99995184
test_02482,0.25186130
test_02483,0.00012063
test_02484,0.65189096
test_02485,0.01019043
test_02486,0.97847962
test_02487,0.02158447
test_02488,0.02770008
test_02489,0.98967519
test_02490,0.99994405
test_02491,0.98740361
test_02492,0.00243026
test_02493,0.01972445
test_02494,0.99995423
test_02495,0.00004747
test_02496,0.99995418
test_02497,0.09316766
test_02498,0.91705410
test_02499,0.50000000
test_02500,0.97508422
test_02501,0.00016883
test_02502,0.00602519
test_02503,0.99995069
test_02504,0.99826231
test_02505,0.21274821
test_02506,0.32529241
test_02507,0.98634679
test_02508,0.00005791
test_02509,0.99404069
test_02510,0.03501770
test_02511,0.99994132
test_02512,0.99747208
test_02513,0.99992146
test_02514,0.01449051
test_02515,0.87204964
test_02516,0.99993579
test_02517,0.00288578
test_02518,0.12282365
test_02519,0.97853064
test_02520,0.00386419
test_02521,0.01437093
test_02522,0.99993163
test_02523,0.01023172
test_02524,0.99355738
test_02525,0.99994507
test_02526,0.00364784
test_02527,0.96811933
test_02528,0.99738462
test_02529,0.99180893
test_02530,0.95348403
test_02531,0.97109003
test_02532,0.00392954
test_02533,0.98463311
test_02534,0.00056375
test_02535,0.99603078
test_02536,0.99994869
test_02537,0.83988116
test_02538,0.67348534
test_02539,0.98478743
test_02540,0.02272745
test_02541,0.04770323
test_02542,0.99771964
test_02543,0.99483781
test_02544,0.91796283
test_02545,0.98688934
test_02546,0.00071738
test_02547,0.99777646
test_02548,0.00008228
test_02549,0.99872384
test_02550,0.98842620
test_02551,0.00046579
test_02552,0.99582222
test_02553,0.99774944
test_02554,0.99717008
test_02555,0.05516037
test_02556,0.01736786
test_02557,0.66271080
test_02558,0.99937336
test_02559,0.00953642
test_02560,0.01623351
test_02561,0.98153712
test_02562,0.06710390
test_02563,0.99823278
test_02564,0.58547372
test_02565,0.99412779
test_02566,0.63621846
test_02567,0.48801938
test_02568,0.12663693
test_02569,0.00157355
test_02570,0.99993038
test_02571,0.03646659
test_02572,0.77631388
test_02573,0.00076419
test_02574,0.99634191
test_02575,0.66329294
test_02576,0.99796634
test_02577,0.37280272
test_02578,0.99874442
test_02579,0.04889460
test_02580,0.01122089
test_02581,0.26020665
test_02582,0.00004684
test_02583,0.86611704
test_02584,0.91756031
test_02585,0.00059017
test_02586,0.98915097
test_02587,0.00459978
test_02588,0.23075179
test_02589,0.02822088
test_02590,0.68641485
test_02591,0.96266362
test_02592,0.99004022
test_02593,0.99220426
test_02594,0.99740380
test_02595,0.99995355
test_02596,0.00105706
test_02597,0.99993359
test_02598,0.99967796
test_02599,0.01949475
test_02600,0.99974565
test_02601,0.00009266
test_02602,0.01010535
test_02603,0.01446863
test_02604,0.00009874
test_02605,0.00506020
test_02606,0.82397489
test_02607,0.99995216
test_02608,0.99409290
test_02609,0.99821967
test_02610,0.01367028
test_02611,0.95173213
test_02612,0.00061920
test_02613,0.00013852
test_02614,0.00392099
test_02615,0.03194702
test_02616,0.54707752
test_02617,0.99993884
test_02618,0.00390014
test_02619,0.97449750
test_02620,0.01763556
test_02621,0.99960366
test_02622,0.00507400
test_02623,0.86634945
test_02624,0.99992626
test_02625,0.00267648
test_02626,0.99971693
test_02627,0.99523614
test_02628,0.03669602
test_02629,0.00004940
test_02630,0.99989195
test_02631,0.02900477
test_02632,0.09198454
test_02633,0.99991069
test_02634,0.01698037
test_02635,0.00633710
test_02636,0.00056105
test_02637,0.99264852
test_02638,0.99860468
test_02639,0.11843810
test_02640,0.99812206
test_02641,0.99995137
test_02642,0.00281988
test_02643,0.99995220
test_02644,0.00005093
test_02645,0.01939920
test_02646,0.00894503
test_02647,0.00258766
test_02648,0.00005174
test_02649,0.99992754
test_02650,0.00792207
test_02651,0.99995137
test_02652,0.28669856
test_02653,0.99170743
test_02654,0.97892243
test_02655,0.04388037
test_02656,0.00362402
test_02657,0.22864766
test_02658,0.99867726
test_02659,0.96294524
test_02660,0.13183688
test_02661,0.87588746
test_02662,0.00415243
test_02663,0.00333304
test_02664,0.99540670
test_02665,0.99988555
test_02666,0.99340392
test_02667,0.99712059
test_02668,0.92858033
test_02669,0.02226053
test_02670,0.87917192
test_02671,0.00067370
test_02672,0.99925392
test_02673,0.99979765
test_02674,0.44919283
test_02675,0.74518000
test_02676,0.99943962
test_02677,0.00435032
test_02678,0.99990392
test_02679,0.99823334
test_02680,0.02673923
test_02681,0.00004591
test_02682,0.00014126
test_02683,0.99927642
test_02684,0.01344323
test_02685,0.00007734
test_02686,0.99994590
test_02687,0.01080150
test_02688,0.99994373
test_02689,0.96805401
test_02690,0.04754012
test_02691,0.00024172
test_02692,0.93395997
test_02693,0.93119544
test_02694,0.98257533
test_02695,0.99802516
test_02696,0.99992931
test_02697,0.00008237
test_02698,0.00008382
test_02699,0.99574655
test_02700,0.00127817
test_02701,0.00187836
test_02702,0.99589379
test_02703,0.00004881
test_02704,0.00124931
test_02705,0.99041345
test_02706,0.00024558
test_02707,0.98922759
test_02708,0.98645716
test_02709,0.99774006
test_02710,0.99880772
test_02711,0.00627621
test_02712,0.98916955
test_02713,0.00141420
test_02714,0.01159387
test_02715,0.99818532
test_02716,0.00420061
test_02717,0.99860353
test_02718,0.00006108
test_02719,0.80589112
test_02720,0.77407265
test_02721,0.00007299
test_02722,0.16222841
test_02723,0.99803190
test_02724,0.02294848
test_02725,0.00766133
test_02726,0.99926993
test_02727,0.00269803
test_02728,0.07368251
test_02729,0.00005504
test_02730,0.99885540
test_02731,0.00095112
test_02732,0.99669889
test_02733,0.97452534
test_02734,0.00291960
test_02735,0.99364380
test_02736,0.00711482
test_02737,0.99993645
test_02738,0.99956842
test_02739,0.96518599
test_02740,0.97658578
test_02741,0.00005809
test_02742,0.00006813
test_02743,0.00049379
test_02744,0.00011240
test_02745,0.99137498
test_02746,0.13857117
test_02747,0.03273328
test_02748,0.00314502
test_02749,0.63017551
test_02750,0.99995122
test_02751,0.27250039
test_02752,0.91418085
test_02753,0.99760853
test_02754,0.00005938
test_02755,0.96492430
test_02756,0.99969303
test_02757,0.00005208
test_02758,0.02397646
test_02759,0.56134312
test_02760,0.00004555
test_02761,0.99994923
test_02762,0.00005063
test_02763,0.00008518
test_02764,0.99887129
test_02765,0.00004999
test_02766,0.01712989
test_02767,0.00007452
test_02768,0.00679353
test_02769,0.00037671
test_02770,0.00010749
test_02771,0.95552731
test_02772,0.99320706
test_02773,0.00126237
test_02774,0.99412422
test_02775,0.99362023
test_02776,0.98699533
test_02777,0.99967363
test_02778,0.03771864
test_02779,0.02727632
test_02780,0.99242845
test_02781,0.89803579
test_02782,0.69391314
test_02783,0.00252600
test_02784,0.01139452
test_02785,0.99995398
test_02786,0.00747311
test_02787,0.01777941
test_02788,0.99991900
test_02789,0.00005089
test_02790,0.00775668
test_02791,0.00342297
test_02792,0.51502360
test_02793,0.00004651
test_02794,0.00006320
test_02795,0.99708967
test_02796,0.99995281
test_02797,0.00027311
test_02798,0.99936232
test_02799,0.01248008
test_02800,0.00068562
test_02801,0.00007186
test_02802,0.00752367
test_02803,0.00004563
test_02804,0.01976138
test_02805,0.06353484
test_02806,0.99995368
test_02807,0.00004668
test_02808,0.01991786
test_02809,0.34640482
test_02810,0.02721221
test_02811,0.00004604
test_02812,0.25320534
test_02813,0.99264286
test_02814,0.99985724
test_02815,0.00076922
test_02816,0.94633110
test_02817,0.00004773
test_02818,0.00133711
test_02819,0.99975010
test_02820,0.00005041
test_02821,0.99990534
test_02822,0.79644302
test_02823,0.99648759
test_02824,0.00004873
test_02825,0.95791715
test_02826,0.99993878
test_02827,0.57743370
test_02828,0.99993488
test_02829,0.98694556
test_02830,0.99075099
test_02831,0.90599073
test_02832,0.00516986
test_02833,0.01739923
test_02834,0.96458432
test_02835,0.00008353
test_02836,0.99987535
test_02837,0.99994574
test_02838,0.00084209
test_02839,0.99924727
test_02840,0.99437485
test_02841,0.99956720
test_02842,0.99980989
test_02843,0.00216695
test_02844,0.00005033
test_02845,0.00004616
test_02846,0.99834699
test_02847,0.98659481
test_02848,0.40898498
test_02849,0.08201150
test_02850,0.00356768
test_02851,0.98160683
test_02852,0.00135301
test_02853,0.02122321
test_02854,0.13108436
test_02855,0.99571694
test_02856,0.00355613
test_02857,0.98817830
test_02858,0.99992238
test_02859,0.99695803
test_02860,0.97775750
test_02861,0.99994259
test_02862,0.00484824
test_02863,0.00260194
test_02864,0.85302846
test_02865,0.99995220
test_02866,0.99799069
test_02867,0.96007365
test_02868,0.00006081
test_02869,0.99867505
test_02870,0.99618370
test_02871,0.94984299
test_02872,0.00813063
test_02873,0.99994544
test_02874,0.99990827
test_02875,0.95739484
test_02876,0.99991290
test_02877,0.00446870
test_02878,0.00426102
test_02879,0.00198882
test_02880,0.99110878
test_02881,0.00081638
test_02882,0.00906893
test_02883,0.99298671
test_02884,0.00017665
test_02885,0.97272632
test_02886,0.00005419
test_02887,0.00315840
test_02888,0.00005311
test_02889,0.00005002
test_02890,0.00006410
test_02891,0.01076904
test_02892,0.00035405
test_02893,0.01055343
test_02894,0.00261868
test_02895,0.00670745
test_02896,0.99775942
test_02897,0.00005908
test_02898,0.97828816
test_02899,0.98917176
test_02900,0.98506720
test_02901,0.99994617
test_02902,0.00033191
test_02903,0.06682132
test_02904,0.05787548
test_02905,0.99460276
test_02906,0.98980467
test_02907,0.96636996
test_02908,0.01673646
test_02909,0.00009181
test_02910,0.00006296
test_02911,0.00007359
test_02912,0.99983939
test_02913,0.00155772
test_02914,0.95113901
test_02915,0.99736930
test_02916,0.98199485
test_02917,0.01407032
test_02918,0.02227667
test_02919,0.00979035
test_02920,0.00050084
test_02921,0.99975986
test_02922,0.99995342
test_02923,0.00151213
test_02924,0.00100116
test_02925,0.00007622
test_02926,0.97070788
test_02927,0.99849824
test_02928,0.99086034
test_02929,0.00004740
test_02930,0.99995050
test_02931,0.99750579
test_02932,0.97729695
test_02933,0.00070382
test_02934,0.71520004
test_02935,0.93080781
test_02936,0.99995090
test_02937,0.03434345
test_02938,0.03191204
test_02939,0.99209984
test_02940,0.00367298
test_02941,0.98750507
test_02942,0.00127924
test_02943,0.98502867
test_02944,0.12087197
test_02945,0.96642185
test_02946,0.00018429
test_02947,0.79559144
test_02948,0.00006523
test_02949,0.12307856
test_02950,0.00446315
test_02951,0.00371494
test_02952,0.99992431
test_02953,0.99951861
test_02954,0.99947275
test_02955,0.00014021
test_02956,0.00016949
test_02957,0.00005604
test_02958,0.99994648
test_02959,0.01561656
test_02960,0.99300534
test_02961,0.31025421
test_02962,0.94105068
test_02963,0.00331645
test_02964,0.96063695
test_02965,0.00012480
test_02966,0.00004647
test_02967,0.00733478
test_02968,0.99994593
test_02969,0.99982125
test_02970,0.14806726
test_02971,0.99994528
test_02972,0.99993826
test_02973,0.00005003
test_02974,0.90141023
test_02975,0.00916618
test_02976,0.98333162
test_02977,0.42006097
test_02978,0.99991552
test_02979,0.99994709
test_02980,0.00415841
test_02981,0.99218713
test_02982,0.99381481
test_02983,0.81821253
test_02984,0.99928260
test_02985,0.01281826
test_02986,0.94400600
test_02987,0.00117767
test_02988,0.05828879
test_02989,0.99598341
test_02990,0.98953546
test_02991,0.99970582
test_02992,0.00060810
test_02993,0.01847816
test_02994,0.96700904
test_02995,0.03818039
test_02996,0.00263081
test_02997,0.00243347
test_02998,0.00968459
test_02999,0.99994994
test_03000,0.99994669
test_03001,0.99987394
test_03002,0.98126379
test_03003,0.63293292
test_03004,0.00228169
test_03005,0.01940770
test_03006,0.99163233
test_03007,0.01785780
test_03008,0.00774465
test_03009,0.01815408
test_03010,0.84296219
test_03011,0.99983751
test_03012,0.01309821
test_03013,0.99176852
test_03014,0.99137769
test_03015,0.00049807
test_03016,0.10862954
test_03017,0.99990682
test_03018,0.00033910
test_03019,0.00016040
test_03020,0.99283147
test_03021,0.00005047
test_03022,0.99911743
test_03023,0.05004461
test_03024,0.99995341
test_03025,0.00246003
test_03026,0.00138628
test_03027,0.00009313
test_03028,0.02346245
test_03029,0.00005152
test_03030,0.01342305
test_03031,0.08857451
test_03032,0.00012065
test_03033,0.94862226
test_03034,0.00769385
test_03035,0.00004756
test_03036,0.00224175
test_03037,0.00010473
test_03038,0.00005220
test_03039,0.00153288
test_03040,0.99974342
test_03041,0.99883145
test_03042,0.97996206
test_03043,0.98737450
test_03044,0.99986590
test_03045,0.98382212
test_03046,0.95816798
test_03047,0.99259664
test_03048,0.00004614
test_03049,0.98603238
test_03050,0.02138831
test_03051,0.00007159
test_03052,0.00106200
test_03053,0.05521852
test_03054,0.05036810
test_03055,0.99950101
test_03056,0.99993120
test_03057,0.00004809
test_03058,0.00146251
test_03059,0.99992667
test_03060,0.99995316
test_03061,0.99992526
test_03062,0.99995421
test_03063,0.00945281
test_03064,0.99992598
test_03065,0.00307323
test_03066,0.99995377
test_03067,0.87738779
test_03068,0.99921363
test_03069,0.99992466
test_03070,0.87999329
test_03071,0.99995259
test_03072,0.32022640
test_03073,0.00004961
test_03074,0.99928026
test_03075,0.99697462
test_03076,0.00005062
test_03077,0.55072901
test_03078,0.00010241
test_03079,0.00314633
test_03080,0.00048887
test_03081,0.24418744
test_03082,0.99990663
test_03083,0.99927267
test_03084,0.00645027
test_03085,0.60790171
test_03086,0.03638859
test_03087,0.00157371
test_03088,0.98889462
test_03089,0.00026267
test_03090,0.99992385
test_03091,0.99835058
test_03092,0.00039750
test_03093,0.85801259
test_03094,0.99990955
test_03095,0.34307350
test_03096,0.99987889
test_03097,0.01801755
test_03098,0.02148067
test_03099,0.99995359
test_03100,0.99351969
test_03101,0.96548808
test_03102,0.97361987
test_03103,0.06238674
test_03104,0.14607128
test_03105,0.00737604
test_03106,0.02066776
test_03107,0.00021319
test_03108,0.00005907
test_03109,0.00030867
test_03110,0.06174314
test_03111,0.00058298
test_03112,0.00014361
test_03113,0.00005959
test_03114,0.00004795
test_03115,0.14787533
test_03116,0.99995224
test_03117,0.00235611
test_03118,0.00223306
test_03119,0.98785934
test_03120,0.04995026
test_03121,0.01396912
test_03122,0.23081406
test_03123,0.99666920
test_03124,0.99789211
test_03125,0.07693772
test_03126,0.86000393
test_03127,0.97477120
test_03128,0.00062977
test_03129,0.00179962
test_03130,0.99238186
test_03131,0.00559642
test_03132,0.95715193
test_03133,0.04776043
test_03134,0.22967839
test_03135,0.99451201
test_03136,0.00880989
test_03137,0.00179334
test_03138,0.00099074
test_03139,0.00007675
test_03140,0.00005877
test_03141,0.99967655
test_03142,0.99627018
test_03143,0.08000313
test_03144,0.96528473
test_03145,0.99702662
test_03146,0.00014057
test_03147,0.00107416
test_03148,0.00006230
test_03149,0.05907484
test_03150,0.97564331
test_03151,0.00070546
test_03152,0.85435029
test_03153,0.02143304
test_03154,0.99994475
test_03155,0.00005581
test_03156,0.99904885
test_03157,0.00397739
test_03158,0.99604427
test_03159,0.98515426
test_03160,0.05750040
test_03161,0.00162580
test_03162,0.99981463
test_03163,0.00006958
test_03164,0.95982138
test_03165,0.00418633
test_03166,0.00103569
test_03167,0.00506270
test_03168,0.01803256
test_03169,0.00167268
test_03170,0.00049013
test_03171,0.97746078
test_03172,0.99677267
test_03173,0.97136336
test_03174,0.99184857
test_03175,0.97660741
test_03176,0.99993315
test_03177,0.00352175
test_03178,0.99965027
test_03179,0.10999647
test_03180,0.99831848
test_03181,0.99973210
test_03182,0.06550224
test_03183,0.99258414
test_03184,0.99995246
test_03185,0.99857330
test_03186,0.00004561
test_03187,0.98592829
test_03188,0.00458838
test_03189,0.99891536
test_03190,0.01277654
test_03191,0.00005214
test_03192,0.99873358
test_03193,0.03370117
test_03194,0.99811146
test_03195,0.00873291
test_03196,0.96783779
test_03197,0.00005796
test_03198,0.00567973
test_03199,0.03174453
test_03200,0.00345364
test_03201,0.00196328
test_03202,0.00069424
test_03203,0.00097301
test_03204,0.99991804
test_03205,0.01508222
test_03206,0.00005319
test_03207,0.99712113
test_03208,0.00460774
test_03209,0.60022606
test_03210,0.97755071
test_03211,0.00004614
test_03212,0.70480748
test_03213,0.99993525
test_03214,0.03538195
test_03215,0.99995422
test_03216,0.00760148
test_03217,0.00005493
test_03218,0.00184548
test_03219,0.99995022
test_03220,0.97963945
test_03221,0.99994016
test_03222,0.00628781
test_03223,0.07957855
test_03224,0.99994330
test_03225,0.99372723
test_03226,0.00514809
test_03227,0.99992158
test_03228,0.97982325
test_03229,0.20547805
test_03230,0.98007275
test_03231,0.99937759
test_03232,0.99965454
test_03233,0.00004748
test_03234,0.32194722
test_03235,0.00254287
test_03236,0.00043395
test_03237,0.99995179
test_03238,0.04826730
test_03239,0.00089952
test_03240,0.00788576
test_03241,0.01848986
test_03242,0.10434807
test_03243,0.00335293
test_03244,0.01349774
test_03245,0.99990406
test_03246,0.66402217
test_03247,0.99809264
test_03248,0.04643016
test_03249,0.88873998
test_03250,0.00004615
test_03251,0.00009153
test_03252,0.99775750
test_03253,0.99873816
test_03254,0.00056495
test_03255,0.00095186
test_03256,0.99993196
test_03257,0.97899432
test_03258,0.00722241
test_03259,0.99815205
test_03260,0.02518533
test_03261,0.00004901
test_03262,0.99957368
test_03263,0.71889478
test_03264,0.01233431
test_03265,0.00072781
test_03266,0.99989474
test_03267,0.97925965
test_03268,0.09899106
test_03269,0.99994936
test_03270,0.00187235
test_03271,0.00168020
test_03272,0.97295635
test_03273,0.00025165
test_03274,0.00889685
test_03275,0.00500056
test_03276,0.00027174
test_03277,0.00006159
test_03278,0.99599662
test_03279,0.95245307
test_03280,0.81002996
test_03281,0.99959282
test_03282,0.91065630
test_03283,0.04780110
test_03284,0.00005772
test_03285,0.99989724
test_03286,0.99995369
test_03287,0.99995282
test_03288,0.04270775
test_03289,0.99993787
test_03290,0.34403207
test_03291,0.47088689
test_03292,0.34598437
test_03293,0.99506807
test_03294,0.99850790
test_03295,0.00156430
test_03296,0.00112448
test_03297,0.99994146
test_03298,0.00007343
test_03299,0.99258244
test_03300,0.99995010
test_03301,0.00006616
test_03302,0.98312882
test_03303,0.00008552
test_03304,0.00585713
test_03305,0.99961220
test_03306,0.99836606
test_03307,0.96330347
test_03308,0.99978719
test_03309,0.00004850
test_03310,0.99994853
test_03311,0.00025657
test_03312,0.98870139
test_03313,0.00552496
test_03314,0.00004747
test_03315,0.86533198
test_03316,0.99995167
test_03317,0.99936416
test_03318,0.99994713
test_03319,0.00008225
test_03320,0.99197745
test_03321,0.98176104
test_03322,0.99701435
test_03323,0.97460267
test_03324,0.00063354
test_03325,0.05529046
test_03326,0.00142597
test_03327,0.99424898
test_03328,0.95272389
test_03329,0.01121458
test_03330,0.99993047
test_03331,0.00356404
test_03332,0.91253074
test_03333,0.00263226
test_03334,0.99977994
test_03335,0.99599308
test_03336,0.00004565
test_03337,0.01396795
test_03338,0.00562522
test_03339,0.98039556
test_03340,0.99519827
test_03341,0.27981735
test_03342,0.01671467
test_03343,0.00036656
test_03344,0.96830355
test_03345,0.00008927
test_03346,0.06511776
test_03347,0.02604722
test_03348,0.09832254
test_03349,0.98587825
test_03350,0.99993923
test_03351,0.83632136
test_03352,0.99992844
test_03353,0.09284446
test_03354,0.03479625
test_03355,0.79740841
test_03356,0.05049678
test_03357,0.98874346
test_03358,0.06663873
test_03359,0.99991051
test_03360,0.43086577
test_03361,0.03544323
test_03362,0.64510247
test_03363,0.98086535
test_03364,0.74225417
test_03365,0.86304059
test_03366,0.40522559
test_03367,0.58669902
test_03368,0.99822741
test_03369,0.02858073
test_03370,0.99995448
test_03371,0.99995385
test_03372,0.02538754
test_03373,0.04449385
test_03374,0.98623765
test_03375,0.00332833
test_03376,0.99457857
test_03377,0.08052562
test_03378,0.01910961
test_03379,0.99883644
test_03380,0.99990407
test_03381,0.99163472
test_03382,0.93420009
test_03383,0.11184295
test_03384,0.99354019
test_03385,0.91860614
test_03386,0.51509357
test_03387,0.99853701
test_03388,0.00590964
test_03389,0.93066452
test_03390,0.91206371
test_03391,0.99788583
test_03392,0.59466379
test_03393,0.00006492
test_03394,0.29415667
test_03395,0.95767549
test_03396,0.01692637
test_03397,0.00008746
test_03398,0.99849798
test_03399,0.99993524
test_03400,0.00026358
test_03401,0.00253268
test_03402,0.99342842
test_03403,0.00455644
test_03404,0.00004649
test_03405,0.99556585
test_03406,0.04390250
test_03407,0.00006570
test_03408,0.00345715
test_03409,0.00014912
test_03410,0.11785445
test_03411,0.99630128
test_03412,0.96672819
test_03413,0.01961043
test_03414,0.15949732
test_03415,0.75401600
test_03416,0.02019869
test_03417,0.00206838
test_03418,0.00651902
test_03419,0.00770781
test_03420,0.99994529
test_03421,0.00231223
test_03422,0.99315480
test_03423,0.00179726
test_03424,0.00006549
test_03425,0.00044523
test_03426,0.99994218
test_03427,0.89667747
test_03428,0.04311714
test_03429,0.99962062
test_03430,0.99995190
test_03431,0.99637277
test_03432,0.01608915
test_03433,0.99994733
test_03434,0.00895481
test_03435,0.99671850
test_03436,0.03045724
test_03437,0.02410097
test_03438,0.00556710
test_03439,0.99995067
test_03440,0.42026528
test_03441,0.99322320
test_03442,0.49994069
test_03443,0.99521453
test_03444,0.52525934
test_03445,0.01695686
test_03446,0.99291826
test_03447,0.99995117
test_03448,0.99898560
test_03449,0.99993846
test_03450,0.76704020
test_03451,0.00686086
test_03452,0.00004728
test_03453,0.10190327
test_03454,0.00068985
test_03455,0.00006498
test_03456,0.00091930
test_03457,0.00431087
test_03458,0.99995175
test_03459,0.00005064
test_03460,0.00020263
test_03461,0.34434999
test_03462,0.95917823
test_03463,0.00140991
test_03464,0.98367528
test_03465,0.00007108
test_03466,0.02588629
test_03467,0.99302120
test_03468,0.00010129
test_03469,0.02952231
test_03470,0.00005563
test_03471,0.99111480
test_03472,0.99910321
test_03473,0.87573783
test_03474,0.99994816
test_03475,0.98643703
test_03476,0.00243787
test_03477,0.50723267
test_03478,0.00005054
test_03479,0.01544516
test_03480,0.99989321
test_03481,0.85487255
test_03482,0.98710202
test_03483,0.01363419
test_03484,0.99454670
test_03485,0.01516968
test_03486,0.99986943
test_03487,0.99799804
test_03488,0.99994745
test_03489,0.00005387
test_03490,0.99861669
test_03491,0.98389288
test_03492,0.93865392
test_03493,0.99992255
test_03494,0.00005717
test_03495,0.01184976
test_03496,0.00106651
test_03497,0.98883367
test_03498,0.98675043
test_03499,0.99994461
test_03500,0.62088435
test_03501,0.00204684
test_03502,0.13049426
test_03503,0.00210570
test_03504,0.01273865
test_03505,0.00056297
test_03506,0.30704916
test_03507,0.00008967
test_03508,0.00281571
test_03509,0.03190510
test_03510,0.99995218
test_03511,0.00132189
test_03512,0.99530199
test_03513,0.00011735
test_03514,0.98254629
test_03515,0.99139024
test_03516,0.00442564
test_03517,0.99944934
test_03518,0.00009351
test_03519,0.99756243
test_03520,0.99994237
test_03521,0.99673944
test_03522,0.97506308
test_03523,0.99933973
test_03524,0.00323723
test_03525,0.99995446
test_03526,0.99989087
test_03527,0.95116055
test_03528,0.01657931
test_03529,0.00376570
test_03530,0.00310023
test_03531,0.00005450
test_03532,0.99879511
test_03533,0.00718284
test_03534,0.99078639
test_03535,0.00134026
test_03536,0.99991874
test_03537,0.00506482
test_03538,0.00005284
test_03539,0.04282058
test_03540,0.98923667
test_03541,0.03559127
test_03542,0.02475536
test_03543,0.72275759
test_03544,0.00005486
test_03545,0.03212591
test_03546,0.97887473
test_03547,0.99982431
test_03548,0.99995435
test_03549,0.00255604
test_03550,0.99921961
test_03551,0.99995322
test_03552,0.99986876
test_03553,0.95551335
test_03554,0.02133297
test_03555,0.00007163
test_03556,0.00583260
test_03557,0.81228694
test_03558,0.99667043
test_03559,0.00005491
test_03560,0.99593146
test_03561,0.94932332
test_03562,0.90397454
test_03563,0.86611905
test_03564,0.99807286
test_03565,0.99995037
test_03566,0.00013943
test_03567,0.98035845
test_03568,0.00004966
test_03569,0.00476252
test_03570,0.99097599
test_03571,0.00520850
test_03572,0.99992735
test_03573,0.99341859
test_03574,0.98895571
test_03575,0.99944888
test_03576,0.99940534
test_03577,0.03175065
test_03578,0.00140147
test_03579,0.00010634
test_03580,0.99452843
test_03581,0.00004653
test_03582,0.88409915
test_03583,0.99994692
test_03584,0.00036879
test_03585,0.98939871
test_03586,0.00247357
test_03587,0.06740143
test_03588,0.00010191
test_03589,0.37573390
test_03590,0.00034636
test_03591,0.00133633
test_03592,0.99992903
test_03593,0.99941412
test_03594,0.00007042
test_03595,0.99319384
test_03596,0.72353253
test_03597,0.00525507
test_03598,0.45450095
test_03599,0.93961284
test_03600,0.00101737
test_03601,0.99538661
test_03602,0.00004638
test_03603,0.99992788
test_03604,0.99977002
test_03605,0.99676568
test_03606,0.08359496
test_03607,0.00038381
test_03608,0.99994577
test_03609,0.00008276
test_03610,0.00039325
test_03611,0.99594283
test_03612,0.99906660
test_03613,0.99994211
test_03614,0.00004566
test_03615,0.99810517
test_03616,0.03811696
test_03617,0.00847150
test_03618,0.99021417
test_03619,0.00342987
test_03620,0.00353913
test_03621,0.00302440
test_03622,0.00008923
test_03623,0.00006621
test_03624,0.07249163
test_03625,0.99993979
test_03626,0.29136411
test_03627,0.00380031
test_03628,0.00006894
test_03629,0.99437407
test_03630,0.00006451
test_03631,0.00416820
test_03632,0.97907633
test_03633,0.02947193
test_03634,0.00323994
test_03635,0.99947323
test_03636,0.00150708
test_03637,0.00804927
test_03638,0.99791410
test_03639,0.00247054
test_03640,0.00006051
test_03641,0.99756950
test_03642,0.60037508
test_03643,0.99928434
test_03644,0.05459559
test_03645,0.99995259
test_03646,0.99720596
test_03647,0.01449642
test_03648,0.99867357
test_03649,0.99954651
test_03650,0.99426915
test_03651,0.04131707
test_03652,0.00563398
test_03653,0.99847555
test_03654,0.98059943
test_03655,0.99938822
test_03656,0.67627492
test_03657,0.09816387
test_03658,0.92626560
test_03659,0.98563994
test_03660,0.99995241
test_03661,0.00443983
test_03662,0.99993278
test_03663,0.87732115
test_03664,0.99994941
test_03665,0.99995266
test_03666,0.01171819
test_03667,0.00203665
test_03668,0.76468540
test_03669,0.94008814
test_03670,0.01346036
test_03671,0.00005146
test_03672,0.80506826
test_03673,0.99944853
test_03674,0.00109542
test_03675,0.99995441
test_03676,0.99990787
test_03677,0.48072269
test_03678,0.08125043
test_03679,0.00218723
test_03680,0.99889318
test_03681,0.02443557
test_03682,0.79617329
test_03683,0.99994538
test_03684,0.99994170
test_03685,0.99995153
test_03686,0.99994999
test_03687,0.13137330
test_03688,0.97547314
test_03689,0.00004645
test_03690,0.98632889
test_03691,0.99874244
test_03692,0.02970987
test_03693,0.98867732
test_03694,0.99981661
test_03695,0.00006302
test_03696,0.00005972
test_03697,0.96470336
test_03698,0.99981698
test_03699,0.99995435
test_03700,0.99995079
test_03701,0.00005298
test_03702,0.97376350
test_03703,0.99995213
test_03704,0.00743226
test_03705,0.04987560
test_03706,0.00005994
test_03707,0.99995123
test_03708,0.07330226
test_03709,0.99934755
test_03710,0.00351679
test_03711,0.02257847
test_03712,0.99989766
test_03713,0.00006176
test_03714,0.00057582
test_03715,0.99994598
test_03716,0.99779635
test_03717,0.00014130
test_03718,0.00005183
test_03719,0.99993000
test_03720,0.00135389
test_03721,0.00004899
test_03722,0.00253252
test_03723,0.00096335
test_03724,0.99920956
test_03725,0.00004562
test_03726,0.99994782
test_03727,0.00676197
test_03728,0.03819849
test_03729,0.00123015
test_03730,0.98425994
test_03731,0.88017184
test_03732,0.99856118
test_03733,0.99791045
test_03734,0.99994217
test_03735,0.00065915
test_03736,0.00075802
test_03737,0.99962523
test_03738,0.86483207
test_03739,0.99790777
test_03740,0.00092003
test_03741,0.00092437
test_03742,0.94096429
test_03743,0.99991305
test_03744,0.99990398
test_03745,0.99317375
test_03746,0.03023405
test_03747,0.46391983
test_03748,0.01612239
test_03749,0.88169271
test_03750,0.99994485
test_03751,0.97758849
test_03752,0.92580665
test_03753,0.98294988
test_03754,0.97895755
test_03755,0.99992307
test_03756,0.97529005
test_03757,0.00004925
test_03758,0.99948289
test_03759,0.00008130
test_03760,0.12936747
test_03761,0.04013399
test_03762,0.98995492
test_03763,0.12421755
test_03764,0.99767479
test_03765,0.02329918
test_03766,0.99995438
test_03767,0.98694753
test_03768,0.00749480
test_03769,0.00399923
test_03770,0.94633269
test_03771,0.98700086
test_03772,0.95857885
test_03773,0.00004632
test_03774,0.39635974
test_03775,0.99993750
test_03776,0.00004658
test_03777,0.00098629
test_03778,0.99958992
test_03779,0.00004724
test_03780,0.00005951
test_03781,0.00007951
test_03782,0.00006608
test_03783,0.00004929
test_03784,0.00005291
test_03785,0.99995114
test_03786,0.05109608
test_03787,0.00005411
test_03788,0.00004838
test_03789,0.02179835
test_03790,0.63266672
test_03791,0.89711202
test_03792,0.99995105
test_03793,0.00006652
test_03794,0.98922621
test_03795,0.99869562
test_03796,0.93675917
test_03797,0.00012941
test_03798,0.99993398
test_03799,0.00007754
test_03800,0.99994644
test_03801,0.00004571
test_03802,0.05304347
test_03803,0.01903957
test_03804,0.00076727
test_03805,0.46163055
test_03806,0.00110197
test_03807,0.87413439
test_03808,0.99525971
test_03809,0.00698050
test_03810,0.00187406
test_03811,0.00607015
test_03812,0.00027757
test_03813,0.99979635
test_03814,0.01770206
test_03815,0.99458826
test_03816,0.00718935
test_03817,0.79150844
test_03818,0.00478038
test_03819,0.90232104
test_03820,0.99917565
test_03821,0.99885898
test_03822,0.98402024
test_03823,0.00010356
test_03824,0.89252367
test_03825,0.83738018
test_03826,0.99995236
test_03827,0.02095243
test_03828,0.83309554
test_03829,0.07696865
test_03830,0.99365507
test_03831,0.00005914
test_03832,0.00052158
test_03833,0.00059292
test_03834,0.99862569
test_03835,0.99628925
test_03836,0.02831988
test_03837,0.02130177
test_03838,0.01719529
test_03839,0.00215665
test_03840,0.99597893
test_03841,0.99993596
test_03842,0.00595051
test_03843,0.99836094
test_03844,0.00008834
test_03845,0.99973235
test_03846,0.99903166
test_03847,0.00204202
test_03848,0.99223241
test_03849,0.99726837
test_03850,0.47881430
test_03851,0.00029061
test_03852,0.00004682
test_03853,0.99993914
test_03854,0.99743920
test_03855,0.00071655
test_03856,0.00500577
test_03857,0.00004672
test_03858,0.00080958
test_03859,0.00004774
test_03860,0.00004595
test_03861,0.00011246
test_03862,0.97212016
test_03863,0.99993440
test_03864,0.99995037
test_03865,0.00460702
test_03866,0.99977350
test_03867,0.00432749
test_03868,0.00006376
test_03869,0.99968425
test_03870,0.99427476
test_03871,0.00006052
test_03872,0.00035397
test_03873,0.00334772
test_03874,0.01052701
test_03875,0.00007049
test_03876,0.99994671
test_03877,0.07930409
test_03878,0.98920157
test_03879,0.99521026
test_03880,0.99784235
test_03881,0.00004880
test_03882,0.99994219
test_03883,0.09270469
test_03884,0.99995299
test_03885,0.01029139
test_03886,0.00006335
test_03887,0.00260788
test_03888,0.98519994
test_03889,0.00134182
test_03890,0.93362346
test_03891,0.00052282
test_03892,0.00800144
test_03893,0.06726768
test_03894,0.01084343
test_03895,0.04068240
test_03896,0.98301288
test_03897,0.99994384
test_03898,0.00345757
test_03899,0.94784939
test_03900,0.34923959
test_03901,0.00111755
test_03902,0.00005425
test_03903,0.99647727
test_03904,0.00381668
test_03905,0.99885297
test_03906,0.00005255
test_03907,0.98856833
test_03908,0.99618776
test_03909,0.99605772
test_03910,0.00012921
test_03911,0.48053209
test_03912,0.99995236
test_03913,0.00668593
test_03914,0.00452972
test_03915,0.00004997
test_03916,0.99498281
test_03917,0.99920629
test_03918,0.84800164
test_03919,0.97137603
test_03920,0.69835126
test_03921,0.00008907
test_03922,0.00099600
test_03923,0.98043823
test_03924,0.07788076
test_03925,0.00095800
test_03926,0.96951823
test_03927,0.00297606
test_03928,0.00148250
test_03929,0.99514266
test_03930,0.89989045
test_03931,0.99982084
test_03932,0.03032363
test_03933,0.00007127
test_03934,0.99924455
test_03935,0.00944815
test_03936,0.02523994
test_03937,0.00082321
test_03938,0.99483625
test_03939,0.05871921
test_03940,0.00057393
test_03941,0.36859403
test_03942,0.00295633
test_03943,0.00345149
test_03944,0.99995009
test_03945,0.99994042
test_03946,0.98236727
test_03947,0.99125975
test_03948,0.99857174
test_03949,0.94745003
test_03950,0.99174518
test_03951,0.00096065
test_03952,0.94794093
test_03953,0.99993532
test_03954,0.63050078
test_03955,0.00069564
test_03956,0.05056445
test_03957,0.98679476
test_03958,0.99995244
test_03959,0.09261720
test_03960,0.00211738
test_03961,0.99994641
test_03962,0.99695614
test_03963,0.07307613
test_03964,0.99538788
test_03965,0.00478603
test_03966,0.00559275
test_03967,0.00004846
test_03968,0.99978716
test_03969,0.99995293
test_03970,0.94962313
test_03971,0.00012405
test_03972,0.00913862
test_03973,0.99987530
test_03974,0.00307014
test_03975,0.99777106
test_03976,0.99894831
test_03977,0.99994982
test_03978,0.00385577
test_03979,0.99975443
test_03980,0.98623503
test_03981,0.99995397
test_03982,0.92402104
test_03983,0.99935453
test_03984,0.99159947
test_03985,0.00719943
test_03986,0.00098922
test_03987,0.99352781
test_03988,0.99995023
test_03989,0.00006349
test_03990,0.00004779
test_03991,0.00005110
test_03992,0.71236701
test_03993,0.00449208
test_03994,0.00551755
test_03995,0.00087683
test_03996,0.93452891
test_03997,0.98939264
test_03998,0.99974417
test_03999,0.99995432
test_04000,0.92921343
test_04001,0.07363318
test_04002,0.99994232
test_04003,0.93402690
test_04004,0.90838208
test_04005,0.03450550
test_04006,0.00011645
test_04007,0.00004942
test_04008,0.99433341
test_04009,0.00074495
test_04010,0.00276164
test_04011,0.00850808
test_04012,0.00006835
test_04013,0.00004865
test_04014,0.99972292
test_04015,0.94405347
test_04016,0.99242621
test_04017,0.02629548
test_04018,0.87688612
test_04019,0.92697932
test_04020,0.99994216
test_04021,0.04395781
test_04022,0.00060017
test_04023,0.25758291
test_04024,0.00066243
test_04025,0.00399004
test_04026,0.98518215
test_04027,0.00269763
test_04028,0.04059688
test_04029,0.98737096
test_04030,0.99993927
test_04031,0.00005584
test_04032,0.00099285
test_04033,0.99978567
test_04034,0.99992886
test_04035,0.89578761
test_04036,0.99994677
test_04037,0.99995447
test_04038,0.01165722
test_04039,0.29374244
test_04040,0.97902339
test_04041,0.96421688
test_04042,0.99543481
test_04043,0.02397678
test_04044,0.00071318
test_04045,0.02246613
test_04046,0.00007571
test_04047,0.99565898
test_04048,0.99161457
test_04049,0.99959766
test_04050,0.00063511
test_04051,0.99995119
test_04052,0.98569196
test_04053,0.56721672
test_04054,0.24645559
test_04055,0.98720121
test_04056,0.99936744
test_04057,0.99995376
test_04058,0.98327537
test_04059,0.98921124
test_04060,0.99994969
test_04061,0.03019891
test_04062,0.00269879
test_04063,0.00146567
test_04064,0.99722166
test_04065,0.86510215
test_04066,0.99735365
test_04067,0.00386941
test_04068,0.00019644
test_04069,0.00005584
test_04070,0.00004798
test_04071,0.95895384
test_04072,0.01186424
test_04073,0.00253514
test_04074,0.03295242
test_04075,0.99790906
test_04076,0.99325121
test_04077,0.94028798
test_04078,0.99359777
test_04079,0.00136218
test_04080,0.25393526
test_04081,0.99155322
test_04082,0.00006520
test_04083,0.48225302
test_04084,0.94508929
test_04085,0.00515036
test_04086,0.00692660
test_04087,0.99778547
test_04088,0.99994538
test_04089,0.00576469
test_04090,0.99994490
test_04091,0.97417060
test_04092,0.99627355
test_04093,0.99052305
test_04094,0.28814609
test_04095,0.63816134
test_04096,0.00503224
test_04097,0.92718413
test_04098,0.01084992
test_04099,0.99643550
test_04100,0.99995195
test_04101,0.00005979
test_04102,0.00324800
test_04103,0.00366881
test_04104,0.99812781
test_04105,0.00005542
test_04106,0.05948579
test_04107,0.00016704
test_04108,0.99993769
test_04109,0.99994952
test_04110,0.79208945
test_04111,0.99409003
test_04112,0.50698156
test_04113,0.98403880
test_04114,0.96325133
test_04115,0.96988709
test_04116,0.99813353
test_04117,0.99994175
test_04118,0.00192795
test_04119,0.25119835
test_04120,0.83233899
test_04121,0.94960150
test_04122,0.01356945
test_04123,0.99179338
test_04124,0.99566234
test_04125,0.02510208
test_04126,0.03275059
test_04127,0.00329881
test_04128,0.99994265
test_04129,0.99993001
test_04130,0.00004901
test_04131,0.00764777
test_04132,0.15649336
test_04133,0.00005589
test_04134,0.96748156
test_04135,0.99995108
test_04136,0.94607743
test_04137,0.00649394
test_04138,0.00765199
test_04139,0.93800629
test_04140,0.99992949
test_04141,0.02079397
test_04142,0.89218033
test_04143,0.99914398
test_04144,0.99869579
test_04145,0.99565206
test_04146,0.00004731
test_04147,0.00133497
test_04148,0.99578820
test_04149,0.99988556
test_04150,0.00015229
test_04151,0.51555224
test_04152,0.00658273
test_04153,0.99599069
test_04154,0.04586195
test_04155,0.00101998
test_04156,0.97755661
test_04157,0.99937101
test_04158,0.97388233
test_04159,0.00013757
test_04160,0.99958482
test_04161,0.00869835
test_04162,0.99860232
test_04163,0.09033668
test_04164,0.76043218
test_04165,0.99989128
test_04166,0.00313674
test_04167,0.00005274
test_04168,0.00121964
test_04169,0.99995240
test_04170,0.99607657
test_04171,0.99981328
test_04172,0.00655753
test_04173,0.92947917
test_04174,0.00050060
test_04175,0.99992665
test_04176,0.84063935
test_04177,0.00106814
test_04178,0.97926258
test_04179,0.01920211
test_04180,0.00006283
test_04181,0.99445649
test_04182,0.99993662
test_04183,0.97044208
test_04184,0.99459164
test_04185,0.99946336
test_04186,0.98453093
test_04187,0.99994242
test_04188,0.00172058
test_04189,0.00008509
test_04190,0.99545174
test_04191,0.99931505
test_04192,0.03100494
test_04193,0.00122832
test_04194,0.09347843
test_04195,0.00004827
test_04196,0.99817114
test_04197,0.00005131
test_04198,0.99038615
test_04199,0.00053375
test_04200,0.00012117
test_04201,0.99877693
test_04202,0.99952666
test_04203,0.99592158
test_04204,0.00292121
test_04205,0.00005548
test_04206,0.00004704
test_04207,0.99391617
test_04208,0.00056943
test_04209,0.00034018
test_04210,0.98845122
test_04211,0.99813898
test_04212,0.98579075
test_04213,0.00405562
test_04214,0.94492146
test_04215,0.04069352
test_04216,0.00202647
test_04217,0.98719205
test_04218,0.00620331
test_04219,0.99761829
test_04220,0.00007569
test_04221,0.99807942
test_04222,0.96507918
test_04223,0.98314444
test_04224,0.99969604
test_04225,0.06325363
test_04226,0.99993217
test_04227,0.93574921
test_04228,0.97232151
test_04229,0.99935949
test_04230,0.00267898
test_04231,0.98926877
test_04232,0.99874236
test_04233,0.99994284
test_04234,0.99945609
test_04235,0.99889924
test_04236,0.00223840
test_04237,0.98551126
test_04238,0.00004627
test_04239,0.98670904
test_04240,0.98985162
test_04241,0.99892510
test_04242,0.96470370
test_04243,0.00355504
test_04244,0.88021547
test_04245,0.97944848
test_04246,0.99994488
test_04247,0.86954276
test_04248,0.99655925
test_04249,0.99738962
test_04250,0.99387618
test_04251,0.99817498
test_04252,0.00398924
test_04253,0.01635447
test_04254,0.00682843
test_04255,0.99156611
test_04256,0.99984812
test_04257,0.01611710
test_04258,0.04613296
test_04259,0.99986639
test_04260,0.63480217
test_04261,0.99940966
test_04262,0.43675391
test_04263,0.00228087
test_04264,0.99992965
test_04265,0.99993417
test_04266,0.01780541
test_04267,0.00006272
test_04268,0.99995041
test_04269,0.99957780
test_04270,0.00335021
test_04271,0.34026555
test_04272,0.00353302
test_04273,0.00821243
test_04274,0.00545278
test_04275,0.00349725
test_04276,0.99959669
test_04277,0.00098437
test_04278,0.86409190
test_04279,0.01190834
test_04280,0.15894141
test_04281,0.99994066
test_04282,0.76217273
test_04283,0.00241643
test_04284,0.00005845
test_04285,0.98621624
test_04286,0.03397562
test_04287,0.99995026
test_04288,0.00827979
test_04289,0.99995088
test_04290,0.02480950
test_04291,0.00544590
test_04292,0.05656295
test_04293,0.99991983
test_04294,0.96235176
test_04295,0.00004608
test_04296,0.99082357
test_04297,0.89489223
test_04298,0.99962910
test_04299,0.01038695
test_04300,0.00005718
test_04301,0.99307079
test_04302,0.00358143
test_04303,0.99217138
test_04304,0.99967751
test_04305,0.19845843
test_04306,0.00005186
test_04307,0.99770520
test_04308,0.00336516
test_04309,0.91353699
test_04310,0.99995057
test_04311,0.99682842
test_04312,0.99374710
test_04313,0.00082847
test_04314,0.95661993
test_04315,0.99792443
test_04316,0.00005650
test_04317,0.00043383
test_04318,0.05850491
test_04319,0.03244623
test_04320,0.00394600
test_04321,0.99994244
test_04322,0.55088179
test_04323,0.00009282
test_04324,0.99689406
test_04325,0.97716068
test_04326,0.75048985
test_04327,0.00017100
test_04328,0.00199769
test_04329,0.99990319
test_04330,0.98952998
test_04331,0.99718390
test_04332,0.00447845
test_04333,0.00006216
test_04334,0.99983869
test_04335,0.00013056
test_04336,0.07149062
test_04337,0.99553051
test_04338,0.98962957
test_04339,0.99057042
test_04340,0.00047046
test_04341,0.99635800
test_04342,0.00744740
test_04343,0.94073648
test_04344,0.03647937
test_04345,0.99967429
test_04346,0.09402478
test_04347,0.00385658
test_04348,0.97673270
test_04349,0.99943889
test_04350,0.99888543
test_04351,0.29508104
test_04352,0.00590843
test_04353,0.99520797
test_04354,0.00004691
test_04355,0.97750210
test_04356,0.02597232
test_04357,0.89742642
test_04358,0.03184298
test_04359,0.03872317
test_04360,0.78213649
test_04361,0.13352016
test_04362,0.33420864
test_04363,0.80058273
test_04364,0.98297098
test_04365,0.09227399
test_04366,0.00026476
test_04367,0.01947732
test_04368,0.00830041
test_04369,0.86118133
test_04370,0.00004696
test_04371,0.99814425
test_04372,0.98210898
test_04373,0.00066927
test_04374,0.00352931
test_04375,0.99676062
test_04376,0.01313604
test_04377,0.00004683
test_04378,0.99994067
test_04379,0.27357972
test_04380,0.00014138
test_04381,0.99993635
test_04382,0.00004899
test_04383,0.00367567
test_04384,0.97599909
test_04385,0.99330030
test_04386,0.00109207
test_04387,0.00004564
test_04388,0.01768804
test_04389,0.00014248
test_04390,0.80629611
test_04391,0.99623559
test_04392,0.99995295
test_04393,0.99991740
test_04394,0.99358331
test_04395,0.00393891
test_04396,0.00451404
test_04397,0.97496661
test_04398,0.00493358
test_04399,0.00007017
test_04400,0.00376916
test_04401,0.01248745
test_04402,0.99930166
test_04403,0.98378184
test_04404,0.00005194
test_04405,0.99995407
test_04406,0.99993460
test_04407,0.00010569
test_04408,0.96234234
test_04409,0.99405298
test_04410,0.99989633
test_04411,0.99974192
test_04412,0.99853215
test_04413,0.99992798
test_04414,0.99675695
test_04415,0.00004562
test_04416,0.12344927
test_04417,0.00005011
test_04418,0.00591727
test_04419,0.00022913
test_04420,0.00006641
test_04421,0.99626087
test_04422,0.06573763
test_04423,0.01002375
test_04424,0.02762465
test_04425,0.99994636
test_04426,0.00353784
test_04427,0.97416757
test_04428,0.00174958
test_04429,0.99994807
test_04430,0.99082685
test_04431,0.99952823
test_04432,0.00004690
test_04433,0.10674181
test_04434,0.99995052
test_04435,0.00215956
test_04436,0.00004597
test_04437,0.97526885
test_04438,0.71595017
test_04439,0.00095804
test_04440,0.99992584
test_04441,0.96717359
test_04442,0.99988727
test_04443,0.00004935
test_04444,0.99802288
test_04445,0.99995410
test_04446,0.00005829
test_04447,0.93960450
test_04448,0.00011079
test_04449,0.67872686
test_04450,0.99421678
test_04451,0.00004841
test_04452,0.00183491
test_04453,0.99109579
test_04454,0.00012931
test_04455,0.98396522
test_04456,0.00007222
test_04457,0.01880771
test_04458,0.99993505
test_04459,0.00013712
test_04460,0.01190418
test_04461,0.95411236
test_04462,0.34021364
test_04463,0.86465510
test_04464,0.99995268
test_04465,0.07611086
test_04466,0.00006035
test_04467,0.99645921
test_04468,0.00076829
test_04469,0.00195755
test_04470,0.10547297
test_04471,0.96393740
test_04472,0.99995336
test_04473,0.00039186
test_04474,0.00677114
test_04475,0.00004673
test_04476,0.00006110
test_04477,0.22281020
test_04478,0.99766171
test_04479,0.35081559
test_04480,0.94674386
test_04481,0.97084962
test_04482,0.00261264
test_04483,0.99993462
test_04484,0.95321250
test_04485,0.99980721
test_04486,0.99948244
test_04487,0.00119424
test_04488,0.99650798
test_04489,0.00085388
test_04490,0.97656969
test_04491,0.38352689
test_04492,0.00314526
test_04493,0.48296987
test_04494,0.55207835
test_04495,0.99939325
test_04496,0.00004908
test_04497,0.00143189
test_04498,0.00017927
test_04499,0.13631635
test_04500,0.99927473
test_04501,0.00806869
test_04502,0.99994850
test_04503,0.01273207
test_04504,0.00599637
test_04505,0.00989416
test_04506,0.99994672
test_04507,0.00006720
test_04508,0.00030029
test_04509,0.00051931
test_04510,0.00006301
test_04511,0.00004700
test_04512,0.99837012
test_04513,0.00077569
test_04514,0.99725657
test_04515,0.00068291
test_04516,0.97053240
test_04517,0.99993989
test_04518,0.00644054
test_04519,0.00832466
test_04520,0.00122535
test_04521,0.96948750
test_04522,0.99993958
test_04523,0.00929352
test_04524,0.99971553
test_04525,0.00124591
test_04526,0.99994808
test_04527,0.03750091
test_04528,0.99860247
test_04529,0.00005214
test_04530,0.00005078
test_04531,0.18400934
test_04532,0.99298578
test_04533,0.00005959
test_04534,0.00761718
test_04535,0.95960641
test_04536,0.00004616
test_04537,0.00070449
test_04538,0.05472732
test_04539,0.92383853
test_04540,0.93493390
test_04541,0.99995446
test_04542,0.98089859
test_04543,0.00005019
test_04544,0.97603835
test_04545,0.99994547
test_04546,0.99807502
test_04547,0.99916722
test_04548,0.99066295
test_04549,0.00412723
test_04550,0.99656054
test_04551,0.99919589
test_04552,0.00453027
test_04553,0.05110229
test_04554,0.11535401
test_04555,0.00750049
test_04556,0.75306446
test_04557,0.35730071
test_04558,0.00185782
test_04559,0.07907682
test_04560,0.05563483
test_04561,0.00018121
test_04562,0.02335200
test_04563,0.99972890
test_04564,0.01918160
test_04565,0.99791569
test_04566,0.00738605
test_04567,0.99933680
test_04568,0.00274416
test_04569,0.99994876
test_04570,0.00112541
test_04571,0.00007066
test_04572,0.99993885
test_04573,0.99958470
test_04574,0.00786484
test_04575,0.99415511
test_04576,0.99969120
test_04577,0.99148349
test_04578,0.99994280
test_04579,0.00109879
test_04580,0.00068782
test_04581,0.03531412
test_04582,0.00005173
test_04583,0.98066814
test_04584,0.84353945
test_04585,0.99939683
test_04586,0.01307570
test_04587,0.88460566
test_04588,0.99743415
test_04589,0.99989189
test_04590,0.99992931
test_04591,0.99790619
test_04592,0.01003373
test_04593,0.96685405
test_04594,0.03306879
test_04595,0.99571129
test_04596,0.00063667
test_04597,0.00295996
test_04598,0.00005372
test_04599,0.98832082
test_04600,0.02928093
test_04601,0.00162587
test_04602,0.09326666
test_04603,0.99995385
test_04604,0.09898165
test_04605,0.99992697
test_04606,0.76801098
test_04607,0.00305770
test_04608,0.00550639
test_04609,0.92740808
test_04610,0.00011364
test_04611,0.99516178
test_04612,0.99995409
test_04613,0.99159634
test_04614,0.99993059
test_04615,0.94662828
test_04616,0.74172094
test_04617,0.00070616
test_04618,0.99991459
test_04619,0.95799251
test_04620,0.00006394
test_04621,0.99325821
test_04622,0.99992455
test_04623,0.99977784
test_04624,0.98667936
test_04625,0.90161709
test_04626,0.00005530
test_04627,0.01299338
test_04628,0.99858070
test_04629,0.92248484
test_04630,0.99933754
test_04631,0.99994602
test_04632,0.00004591
test_04633,0.05021086
test_04634,0.99993638
test_04635,0.99749550
test_04636,0.92409944
test_04637,0.96954903
test_04638,0.99970117
test_04639,0.99991501
test_04640,0.99782916
test_04641,0.99785911
test_04642,0.27845368
test_04643,0.79007158
test_04644,0.02700757
test_04645,0.99992171
test_04646,0.00985482
test_04647,0.99027687
test_04648,0.87371014
test_04649,0.99152635
test_04650,0.00058196
test_04651,0.99738234
test_04652,0.00127739
test_04653,0.87054785
test_04654,0.00156745
test_04655,0.05767962
test_04656,0.00004928
test_04657,0.99579294
test_04658,0.99995235
test_04659,0.78336400
test_04660,0.01269607
test_04661,0.00005982
test_04662,0.00010750
test_04663,0.00006283
test_04664,0.01001837
test_04665,0.99811570
test_04666,0.00457159
test_04667,0.99994561
test_04668,0.01411006
test_04669,0.99941783
test_04670,0.99993013
test_04671,0.00198571
test_04672,0.00875610
test_04673,0.05496279
test_04674,0.00763235
test_04675,0.00073562
test_04676,0.08440086
test_04677,0.99995339
test_04678,0.94822025
test_04679,0.00129710
test_04680,0.98696510
test_04681,0.96447310
test_04682,0.00005648
test_04683,0.03126326
test_04684,0.05930516
test_04685,0.93283343
test_04686,0.99991544
test_04687,0.99991613
test_04688,0.34514163
test_04689,0.99934305
test_04690,0.99994069
test_04691,0.00007662
test_04692,0.00005310
test_04693,0.99993930
test_04694,0.99483829
test_04695,0.01744154
test_04696,0.99472113
test_04697,0.00006360
test_04698,0.00022874
test_04699,0.00749856
test_04700,0.99448464
test_04701,0.00355150
test_04702,0.01000122
test_04703,0.99995293
test_04704,0.00762935
test_04705,0.01637303
test_04706,0.00005432
test_04707,0.97945613
test_04708,0.00023436
test_04709,0.00016016
test_04710,0.99154254
test_04711,0.97968317
test_04712,0.99365775
test_04713,0.97053963
test_04714,0.02954042
test_04715,0.94404400
test_04716,0.00202058
test_04717,0.00331399
test_04718,0.00169009
test_04719,0.00507195
test_04720,0.99605422
test_04721,0.99804721
test_04722,0.99959934
test_04723,0.99993467
test_04724,0.99990086
test_04725,0.99194513
test_04726,0.93681587
test_04727,0.99979438
test_04728,0.99987942
test_04729,0.00900886
test_04730,0.00009944
test_04731,0.00005933
test_04732,0.99857947
test_04733,0.04767132
test_04734,0.99901983
test_04735,0.99427860
test_04736,0.00129173
test_04737,0.00008043
test_04738,0.00015162
test_04739,0.00116971
test_04740,0.93108974
test_04741,0.99662041
test_04742,0.99993584
test_04743,0.94823126
test_04744,0.63392276
test_04745,0.99844150
test_04746,0.00004597
test_04747,0.07329848
test_04748,0.23115175
test_04749,0.90182896
test_04750,0.98391955
test_04751,0.99843728
test_04752,0.04693667
test_04753,0.99983153
test_04754,0.04973155
test_04755,0.00065450
test_04756,0.00204464
test_04757,0.00005978
test_04758,0.00006073
test_04759,0.95327312
test_04760,0.99947033
test_04761,0.61270278
test_04762,0.13801756
test_04763,0.02795899
test_04764,0.99978609
test_04765,0.99751461
test_04766,0.00004560
test_04767,0.99993828
test_04768,0.00431648
test_04769,0.99981777
test_04770,0.99944967
test_04771,0.00973324
test_04772,0.89468941
test_04773,0.99994393
test_04774,0.00010049
test_04775,0.98554302
test_04776,0.99994255
test_04777,0.07339915
test_04778,0.01775643
test_04779,0.97551390
test_04780,0.99656093
test_04781,0.00698554
test_04782,0.00274170
test_04783,0.97920528
test_04784,0.00919009
test_04785,0.99231990
test_04786,0.00005058
test_04787,0.86347010
test_04788,0.00477536
test_04789,0.00022521
test_04790,0.99992177
test_04791,0.00212354
test_04792,0.93079829
test_04793,0.99995449
test_04794,0.00187608
test_04795,0.21807519
test_04796,0.65327366
test_04797,0.99994381
test_04798,0.99992780
test_04799,0.00109763
test_04800,0.99879738
test_04801,0.98966298
test_04802,0.03987728
test_04803,0.99993936
test_04804,0.99581687
test_04805,0.00029753
test_04806,0.99817769
test_04807,0.00545239
test_04808,0.99688101
test_04809,0.99687100
test_04810,0.06790805
test_04811,0.00007715
test_04812,0.99994489
test_04813,0.96840746
test_04814,0.00616791
test_04815,0.99991209
test_04816,0.00056222
test_04817,0.00631889
test_04818,0.02555380
test_04819,0.02593223
test_04820,0.00075222
test_04821,0.99851165
test_04822,0.99513202
test_04823,0.99456081
test_04824,0.00005588
test_04825,0.21114687
test_04826,0.98468275
test_04827,0.00717538
test_04828,0.74716168
test_04829,0.99994608
test_04830,0.00063459
test_04831,0.01364253
test_04832,0.99012647
test_04833,0.01610835
test_04834,0.00094586
test_04835,0.99994472
test_04836,0.00486746
test_04837,0.82377650
test_04838,0.00349638
test_04839,0.00005841
test_04840,0.34762064
test_04841,0.04097717
test_04842,0.95226529
test_04843,0.00424414
test_04844,0.00088290
test_04845,0.99756768
test_04846,0.19969081
test_04847,0.98322319
test_04848,0.98705327
test_04849,0.89330580
test_04850,0.99635843
test_04851,0.97643147
test_04852,0.99994295
test_04853,0.00535726
test_04854,0.00360260
test_04855,0.99995365
test_04856,0.00005988
test_04857,0.00054301
test_04858,0.99703714
test_04859,0.00246386
test_04860,0.05359440
test_04861,0.99995409
test_04862,0.01051119
test_04863,0.00581405
test_04864,0.99989503
test_04865,0.00665273
test_04866,0.01671735
test_04867,0.00055175
test_04868,0.00205460
test_04869,0.10834243
test_04870,0.99995005
test_04871,0.99212806
test_04872,0.97215750
test_04873,0.94997338
test_04874,0.01761912
test_04875,0.99995034
test_04876,0.00166702
test_04877,0.10850534
test_04878,0.00151998
test_04879,0.97230206
test_04880,0.00006056
test_04881,0.04050723
test_04882,0.39189813
test_04883,0.99994931
test_04884,0.00033403
test_04885,0.00075558
test_04886,0.98590114
test_04887,0.00063988
test_04888,0.00079348
test_04889,0.80702045
test_04890,0.00030311
test_04891,0.99357337
test_04892,0.45520224
test_04893,0.99064901
test_04894,0.00157747
test_04895,0.00004922
test_04896,0.00009676
test_04897,0.00129369
test_04898,0.00957394
test_04899,0.24463125
test_04900,0.99993184
test_04901,0.98727924
test_04902,0.00008975
test_04903,0.99941497
test_04904,0.99994752
test_04905,0.03155861
test_04906,0.99994596
test_04907,0.99892765
test_04908,0.09262160
test_04909,0.86952849
test_04910,0.99272730
test_04911,0.99990190
test_04912,0.89351097
test_04913,0.99994753
test_04914,0.00006840
test_04915,0.99921601
test_04916,0.00005680
test_04917,0.98619933
test_04918,0.99994304
test_04919,0.02105772
test_04920,0.93389046
test_04921,0.99190313
test_04922,0.00004560
test_04923,0.01852467
test_04924,0.00029060
test_04925,0.99909256
test_04926,0.99621705
test_04927,0.00341462
test_04928,0.00374545
test_04929,0.98358581
test_04930,0.03510955
test_04931,0.95695952
test_04932,0.99995005
test_04933,0.99982609
test_04934,0.03906986
test_04935,0.00669505
test_04936,0.99994574
test_04937,0.00004801
test_04938,0.00065837
test_04939,0.95897204
test_04940,0.99993566
test_04941,0.99994197
test_04942,0.45556219
test_04943,0.99993232
test_04944,0.98677637
test_04945,0.00039675
test_04946,0.00017566
test_04947,0.99993121
test_04948,0.99995323
test_04949,0.99964035
test_04950,0.00071191
test_04951,0.00255928
test_04952,0.99993127
test_04953,0.00026792
test_04954,0.99953049
test_04955,0.92654531
test_04956,0.99995003
test_04957,0.99995404
test_04958,0.00005102
test_04959,0.00007037
test_04960,0.99481656
test_04961,0.00343052
test_04962,0.99992742
test_04963,0.00099588
test_04964,0.00939911
test_04965,0.99993394
test_04966,0.99995436
test_04967,0.65795717
test_04968,0.00046738
test_04969,0.85444565
test_04970,0.99995397
test_04971,0.99994217
test_04972,0.00004856
test_04973,0.99591316
test_04974,0.99994686
test_04975,0.00061322
test_04976,0.00070585
test_04977,0.01393202
test_04978,0.00104961
test_04979,0.00655339
test_04980,0.99951984
test_04981,0.98027771
test_04982,0.99994947
test_04983,0.00196610
test_04984,0.59150852
test_04985,0.97675680
test_04986,0.00269815
test_04987,0.97630913
test_04988,0.00205938
test_04989,0.00408472
test_04990,0.99985303
test_04991,0.00088327
test_04992,0.01944074
test_04993,0.99995415
test_04994,0.00006201
test_04995,0.93161179
test_04996,0.16338659
test_04997,0.00273305
test_04998,0.00033847
test_04999,0.00006878
test_05000,0.99993566
test_05001,0.99993009
test_05002,0.29556760
test_05003,0.99581107
test_05004,0.00005510
test_05005,0.99140498
test_05006,0.00006144
test_05007,0.94986745
test_05008,0.91958193
test_05009,0.94456210
test_05010,0.00010843
test_05011,0.20035152
test_05012,0.99993604
test_05013,0.99990235
test_05014,0.99517351
test_05015,0.99994501
test_05016,0.09205899
test_05017,0.99836981
test_05018,0.00134038
test_05019,0.00692417
test_05020,0.99989921
test_05021,0.04962232
test_05022,0.99994915
test_05023,0.80118829
test_05024,0.95189975
test_05025,0.00207717
test_05026,0.99995141
test_05027,0.99677863
test_05028,0.99891147
test_05029,0.99943913
test_05030,0.99846998
test_05031,0.01148953
test_05032,0.99843104
test_05033,0.99995443
test_05034,0.01669239
test_05035,0.29799269
test_05036,0.94582760
test_05037,0.99992010
test_05038,0.00097727
test_05039,0.99920225
test_05040,0.00615320
test_05041,0.97630849
test_05042,0.92279528
test_05043,0.99608242
test_05044,0.80162570
test_05045,0.91076429
test_05046,0.00083891
test_05047,0.99991195
test_05048,0.01341136
test_05049,0.99993272
test_05050,0.01189126
test_05051,0.01193134
test_05052,0.99452454
test_05053,0.99785437
test_05054,0.00244757
test_05055,0.00429413
test_05056,0.81974403
test_05057,0.62917730
test_05058,0.99978424
test_05059,0.00021402
test_05060,0.99991656
test_05061,0.99994494
test_05062,0.00007309
test_05063,0.99992335
test_05064,0.99920674
test_05065,0.00006623
test_05066,0.01109871
test_05067,0.99995004
test_05068,0.99994974
test_05069,0.99867579
test_05070,0.99143908
test_05071,0.00046770
test_05072,0.00187897
test_05073,0.00005222
test_05074,0.00009029
test_05075,0.99995072
test_05076,0.99485152
test_05077,0.00005709
test_05078,0.99707977
test_05079,0.00007107
test_05080,0.99873249
test_05081,0.00005166
test_05082,0.00005087
test_05083,0.96337429
test_05084,0.44001275
test_05085,0.99239073
test_05086,0.99991840
test_05087,0.01757557
test_05088,0.99967088
test_05089,0.35833080
test_05090,0.07418062
test_05091,0.99542286
test_05092,0.00796547
test_05093,0.00005603
test_05094,0.00088009
test_05095,0.97864177
test_05096,0.00888253
test_05097,0.99892205
test_05098,0.00205350
test_05099,0.99959023
test_05100,0.00070087
test_05101,0.00005183
test_05102,0.00007809
test_05103,0.98209327
test_05104,0.00004895
test_05105,0.96816504
test_05106,0.63127945
test_05107,0.00909796
test_05108,0.02354849
test_05109,0.00005109
test_05110,0.97386017
test_05111,0.98547417
test_05112,0.98919199
test_05113,0.00568953
test_05114,0.02515315
test_05115,0.00166705
test_05116,0.00275210
test_05117,0.98056233
test_05118,0.03975500
test_05119,0.99995318
test_05120,0.99988240
test_05121,0.00219188
test_05122,0.00129217
test_05123,0.43644279
test_05124,0.00991789
test_05125,0.94274544
test_05126,0.99846173
test_05127,0.99611881
test_05128,0.04728236
test_05129,0.15786323
test_05130,0.00005187
test_05131,0.11810491
test_05132,0.00005550
test_05133,0.03246944
test_05134,0.90181112
test_05135,0.00054311
test_05136,0.22939178
test_05137,0.99811339
test_05138,0.68117805
test_05139,0.98457977
test_05140,0.99527190
test_05141,0.98058428
test_05142,0.99685108
test_05143,0.97413619
test_05144,0.95735736
test_05145,0.99995186
test_05146,0.99520374
test_05147,0.97023471
test_05148,0.00611223
test_05149,0.00243267
test_05150,0.78393274
test_05151,0.99925396
test_05152,0.99995078
test_05153,0.05237294
test_05154,0.05358104
test_05155,0.02879605
test_05156,0.99851305
test_05157,0.00008857
test_05158,0.99594085
test_05159,0.00975259
test_05160,0.86676307
test_05161,0.99194285
test_05162,0.03272465
test_05163,0.00033175
test_05164,0.00307417
test_05165,0.00167524
test_05166,0.99954372
test_05167,0.89051725
test_05168,0.99879558
test_05169,0.99948497
test_05170,0.00007083
test_05171,0.99995105
test_05172,0.99991958
test_05173,0.00937956
test_05174,0.99430479
test_05175,0.00040311
test_05176,0.00900207
test_05177,0.99993299
test_05178,0.80774343
test_05179,0.01377200
test_05180,0.00010854
test_05181,0.14458373
test_05182,0.02039627
test_05183,0.00022997
test_05184,0.99339082
test_05185,0.99721390
test_05186,0.99320149
test_05187,0.99894614
test_05188,0.99660909
test_05189,0.00860147
test_05190,0.99756048
test_05191,0.99696935
test_05192,0.00164644
test_05193,0.04227474
test_05194,0.96660406
test_05195,0.00357744
test_05196,0.00005484
test_05197,0.08194514
test_05198,0.99761323
test_05199,0.98033397
test_05200,0.99995028
test_05201,0.99901754
test_05202,0.99893908
test_05203,0.99827990
test_05204,0.01277937
test_05205,0.00246566
test_05206,0.99994644
test_05207,0.00006379
test_05208,0.99854789
test_05209,0.00407639
test_05210,0.99860394
test_05211,0.99992753
test_05212,0.99847448
test_05213,0.03864229
test_05214,0.00513740
test_05215,0.99853577
test_05216,0.96259721
test_05217,0.99789175
test_05218,0.99994962
test_05219,0.01359704
test_05220,0.99976173
test_05221,0.00687206
test_05222,0.01361400
test_05223,0.96908970
test_05224,0.00551940
test_05225,0.99995374
test_05226,0.01005860
test_05227,0.99994694
test_05228,0.25674795
test_05229,0.01510327
test_05230,0.97144573
test_05231,0.00335386
test_05232,0.00673542
test_05233,0.78011312
test_05234,0.00102247
test_05235,0.92046769
test_05236,0.04401428
test_05237,0.93986454
test_05238,0.00138724
test_05239,0.99992526
test_05240,0.99097751
test_05241,0.00435299
test_05242,0.97813967
test_05243,0.99995392
test_05244,0.15514576
test_05245,0.00015232
test_05246,0.03305327
test_05247,0.00099176
test_05248,0.00125028
test_05249,0.07977079
test_05250,0.99656906
test_05251,0.99995449
test_05252,0.00005072
test_05253,0.00332546
test_05254,0.99994446
test_05255,0.99793776
test_05256,0.00005295
test_05257,0.03235127
test_05258,0.00421781
test_05259,0.00006136
test_05260,0.95589564
test_05261,0.99995437
test_05262,0.99975898
test_05263,0.99960629
test_05264,0.89428328
test_05265,0.00979901
test_05266,0.99991690
test_05267,0.99995149
test_05268,0.99952375
test_05269,0.99130900
test_05270,0.92275544
test_05271,0.96012083
test_05272,0.99983466
test_05273,0.00004567
test_05274,0.00068386
test_05275,0.00952016
test_05276,0.99918028
test_05277,0.06635699
test_05278,0.94605071
test_05279,0.00004800
test_05280,0.01462099
test_05281,0.99994050
test_05282,0.00738122
test_05283,0.99198259
test_05284,0.99344335
test_05285,0.03759893
test_05286,0.97701773
test_05287,0.00077731
test_05288,0.93118952
test_05289,0.99990154
test_05290,0.99444084
test_05291,0.00006926
test_05292,0.99995366
test_05293,0.00005076
test_05294,0.96628170
test_05295,0.99294125
test_05296,0.00231527
test_05297,0.01505233
test_05298,0.99229226
test_05299,0.99955989
test_05300,0.03645019
test_05301,0.01674312
test_05302,0.00005428
test_05303,0.99993981
test_05304,0.00006992
test_05305,0.99642901
test_05306,0.03727178
test_05307,0.97865323
test_05308,0.99991408
test_05309,0.01798889
test_05310,0.00006859
test_05311,0.99994885
test_05312,0.99993457
test_05313,0.99439815
test_05314,0.99055591
test_05315,0.09085505
test_05316,0.99934331
test_05317,0.99248775
test_05318,0.00291906
test_05319,0.99692378
test_05320,0.98477902
test_05321,0.99049412
test_05322,0.20953760
test_05323,0.85618360
test_05324,0.99972338
test_05325,0.99994887
test_05326,0.97640155
test_05327,0.99976481
test_05328,0.00534407
test_05329,0.99994712
test_05330,0.00006539
test_05331,0.00005836
test_05332,0.00006246
test_05333,0.44187497
test_05334,0.00615292
test_05335,0.00296305
test_05336,0.99742513
test_05337,0.99374669
test_05338,0.99684595
test_05339,0.00012763
test_05340,0.99994731
test_05341,0.07163212
test_05342,0.00060055
test_05343,0.30845835
test_05344,0.00112070
test_05345,0.05012066
test_05346,0.33769964
test_05347,0.15138752
test_05348,0.99120392
test_05349,0.03476772
test_05350,0.00188321
test_05351,0.99960945
test_05352,0.00291584
test_05353,0.16238304
test_05354,0.00608260
test_05355,0.00167287
test_05356,0.00021235
test_05357,0.97808262
test_05358,0.01316884
test_05359,0.00017040
test_05360,0.00004700
test_05361,0.89760753
test_05362,0.58832707
test_05363,0.00006616
test_05364,0.90055419
test_05365,0.00636440
test_05366,0.07412026
test_05367,0.01353666
test_05368,0.05828866
test_05369,0.00684655
test_05370,0.99994557
test_05371,0.00975715
test_05372,0.99528470
test_05373,0.97429869
test_05374,0.02237709
test_05375,0.00462131
test_05376,0.00047722
test_05377,0.97751962
test_05378,0.99989853
test_05379,0.99569916
test_05380,0.01826633
test_05381,0.99269081
test_05382,0.85902519
test_05383,0.99993990
test_05384,0.03774370
test_05385,0.98792248
test_05386,0.34530809
test_05387,0.99784474
test_05388,0.75225788
test_05389,0.00137075
test_05390,0.99297493
test_05391,0.99919841
test_05392,0.95034828
test_05393,0.99804163
test_05394,0.99584621
test_05395,0.99994218
test_05396,0.00322480
test_05397,0.00048581
test_05398,0.96545910
test_05399,0.97704150
test_05400,0.75688847
test_05401,0.13617543
test_05402,0.93726022
test_05403,0.25791646
test_05404,0.99462540
test_05405,0.00976766
test_05406,0.99629570
test_05407,0.94533820
test_05408,0.99595151
test_05409,0.00005857
test_05410,0.99782767
test_05411,0.99460013
test_05412,0.99835078
test_05413,0.00005242
test_05414,0.00267516
test_05415,0.03870541
test_05416,0.97546385
test_05417,0.00108141
test_05418,0.96313891
test_05419,0.99404993
test_05420,0.06476598
test_05421,0.99407048
test_05422,0.99890132
test_05423,0.00876313
test_05424,0.00393675
test_05425,0.68258360
test_05426,0.00068151
test_05427,0.00004574
test_05428,0.99994469
test_05429,0.99995377
test_05430,0.99976608
test_05431,0.00274099
test_05432,0.99995206
test_05433,0.99864237
test_05434,0.97702750
test_05435,0.99405145
test_05436,0.00336593
test_05437,0.99626234
test_05438,0.03595210
test_05439,0.00006285
test_05440,0.00010134
test_05441,0.99994208
test_05442,0.99608128
test_05443,0.00048844
test_05444,0.99995378
test_05445,0.00034024
test_05446,0.00142234
test_05447,0.70323099
test_05448,0.99994660
test_05449,0.01544592
test_05450,0.99884830
test_05451,0.05519781
test_05452,0.99994888
test_05453,0.99995418
test_05454,0.00365204
test_05455,0.00004637
test_05456,0.00004715
test_05457,0.00004909
test_05458,0.01965083
test_05459,0.00801600
test_05460,0.99127905
test_05461,0.00249626
test_05462,0.99993507
test_05463,0.99796651
test_05464,0.99994102
test_05465,0.00482037
test_05466,0.99994771
test_05467,0.16793618
test_05468,0.99566756
test_05469,0.99685912
test_05470,0.00675168
test_05471,0.02702472
test_05472,0.94426534
test_05473,0.00578926
test_05474,0.00009960
test_05475,0.00574046
test_05476,0.00107252
test_05477,0.19009229
test_05478,0.01710615
test_05479,0.98392249
test_05480,0.01998290
test_05481,0.99992382
test_05482,0.00339759
test_05483,0.99851416
test_05484,0.00396118
test_05485,0.02930451
test_05486,0.97003974
test_05487,0.51559586
test_05488,0.99606224
test_05489,0.00209066
test_05490,0.00212596
test_05491,0.64548099
test_05492,0.01262461
test_05493,0.00691323
test_05494,0.99994389
test_05495,0.99994745
test_05496,0.97665051
test_05497,0.00004855
test_05498,0.00004741
test_05499,0.00309096
test_05500,0.99575733
test_05501,0.99348863
test_05502,0.00005227
test_05503,0.00009432
test_05504,0.99993615
test_05505,0.99865118
test_05506,0.02508395
test_05507,0.00004710
test_05508,0.99995422
test_05509,0.00005984
test_05510,0.99941944
test_05511,0.99994395
test_05512,0.00120112
test_05513,0.02709364
test_05514,0.00339393
test_05515,0.00009357
test_05516,0.00359155
test_05517,0.00005568
test_05518,0.06492234
test_05519,0.98276351
test_05520,0.99863823
test_05521,0.99956643
test_05522,0.00935333
test_05523,0.99884005
test_05524,0.99508658
test_05525,0.00005012
test_05526,0.00737354
test_05527,0.91146036
test_05528,0.00127722
test_05529,0.97917771
test_05530,0.01314192
test_05531,0.00004782
test_05532,0.99995226
test_05533,0.99991075
test_05534,0.98773788
test_05535,0.99966106
test_05536,0.99927436
test_05537,0.99993626
test_05538,0.00254507
test_05539,0.99950858
test_05540,0.99669937
test_05541,0.05478686
test_05542,0.99894755
test_05543,0.00005959
test_05544,0.98483640
test_05545,0.02724597
test_05546,0.01904816
test_05547,0.01225670
test_05548,0.99992389
test_05549,0.38507105
test_05550,0.08051364
test_05551,0.99597474
test_05552,0.03253906
test_05553,0.99825449
test_05554,0.99963533
test_05555,0.99993015
test_05556,0.99992155
test_05557,0.99810539
test_05558,0.00007397
test_05559,0.00004774
test_05560,0.99676961
test_05561,0.00045017
test_05562,0.99993359
test_05563,0.86545838
test_05564,0.96962269
test_05565,0.99989642
test_05566,0.00080934
test_05567,0.99930188
test_05568,0.99994732
test_05569,0.23080396
test_05570,0.00006814
test_05571,0.99826189
test_05572,0.96484683
test_05573,0.99994973
test_05574,0.00361825
test_05575,0.99930799
test_05576,0.17387442
test_05577,0.99791614
test_05578,0.99834561
test_05579,0.00004580
test_05580,0.54783632
test_05581,0.00140878
test_05582,0.99994286
test_05583,0.00765634
test_05584,0.99767800
test_05585,0.00125205
test_05586,0.00884354
test_05587,0.00009357
test_05588,0.99842383
test_05589,0.00019937
test_05590,0.99529044
test_05591,0.00169035
test_05592,0.05040827
test_05593,0.99755768
test_05594,0.29261524
test_05595,0.99995403
test_05596,0.99898465
test_05597,0.00006137
test_05598,0.83827079
test_05599,0.44447752
test_05600,0.99991959
test_05601,0.99903212
test_05602,0.00922601
test_05603,0.99650982
test_05604,0.99994200
test_05605,0.85773211
test_05606,0.00004551
test_05607,0.27188667
test_05608,0.00219291
test_05609,0.01721652
test_05610,0.99993988
test_05611,0.00094985
test_05612,0.99856031
test_05613,0.00084812
test_05614,0.01321215
test_05615,0.99994463
test_05616,0.02142984
test_05617,0.00005281
test_05618,0.00006465
test_05619,0.00543151
test_05620,0.09858180
test_05621,0.00448248
test_05622,0.99995298
test_05623,0.00502331
test_05624,0.99823460
test_05625,0.00490824
test_05626,0.99674655
test_05627,0.00007421
test_05628,0.86445338
test_05629,0.01099114
test_05630,0.00004735
test_05631,0.00015571
test_05632,0.99989448
test_05633,0.99433576
test_05634,0.99995174
test_05635,0.01280193
test_05636,0.99392543
test_05637,0.99995286
test_05638,0.15632545
test_05639,0.95288473
test_05640,0.99994481
test_05641,0.00536947
test_05642,0.99037656
test_05643,0.00613112
test_05644,0.03878276
test_05645,0.96952431
test_05646,0.57908885
test_05647,0.15066020
test_05648,0.00015428
test_05649,0.00570621
test_05650,0.99785773
test_05651,0.00005080
test_05652,0.99845373
test_05653,0.07050493
test_05654,0.81102400
test_05655,0.99763545
test_05656,0.03416650
test_05657,0.00720552
test_05658,0.00122182
test_05659,0.99699877
test_05660,0.99992838
test_05661,0.00088430
test_05662,0.99994187
test_05663,0.98073979
test_05664,0.99657759
test_05665,0.00146055
test_05666,0.00414520
test_05667,0.02061586
test_05668,0.39499506
test_05669,0.99957943
test_05670,0.99990389
test_05671,0.96654251
test_05672,0.98790342
test_05673,0.00426583
test_05674,0.15484450
test_05675,0.97833694
test_05676,0.00053638
test_05677,0.00008695
test_05678,0.00005384
test_05679,0.99903476
test_05680,0.00007803
test_05681,0.00035722
test_05682,0.99993584
test_05683,0.01281439
test_05684,0.00219006
test_05685,0.08072252
test_05686,0.98358459
test_05687,0.00042833
test_05688,0.03181365
test_05689,0.97988029
test_05690,0.02520499
test_05691,0.99994501
test_05692,0.74823308
test_05693,0.99931261
test_05694,0.93423992
test_05695,0.00005744
test_05696,0.99960856
test_05697,0.95560932
test_05698,0.00106480
test_05699,0.34653979
test_05700,0.97168460
test_05701,0.99869853
test_05702,0.40951687
test_05703,0.99988812
test_05704,0.99594791
test_05705,0.00230735
test_05706,0.00638994
test_05707,0.97646873
test_05708,0.00119104
test_05709,0.77170867
test_05710,0.99993834
test_05711,0.02983664
test_05712,0.99992677
test_05713,0.00073252
test_05714,0.99974824
test_05715,0.68229270
test_05716,0.99619649
test_05717,0.99714534
test_05718,0.99812455
test_05719,0.00004646
test_05720,0.00722665
test_05721,0.99995261
test_05722,0.99319208
test_05723,0.00010585
test_05724,0.99992574
test_05725,0.00066725
test_05726,0.00005697
test_05727,0.99061932
test_05728,0.99822326
test_05729,0.00088576
test_05730,0.99995248
test_05731,0.99993442
test_05732,0.00225916
test_05733,0.99896993
test_05734,0.99578036
test_05735,0.00005568
test_05736,0.00049974
test_05737,0.00008146
test_05738,0.00306035
test_05739,0.00307559
test_05740,0.96335286
test_05741,0.02866059
test_05742,0.00144471
test_05743,0.00050218
test_05744,0.00946214
test_05745,0.00032770
test_05746,0.00419424
test_05747,0.23629803
test_05748,0.01322896
test_05749,0.99992025
test_05750,0.00050228
test_05751,0.00004961
test_05752,0.00304491
test_05753,0.00007389
test_05754,0.94766092
test_05755,0.99931719
test_05756,0.69372302
test_05757,0.79699356
test_05758,0.00159589
test_05759,0.16486451
test_05760,0.99338328
test_05761,0.99615227
test_05762,0.01308874
test_05763,0.99868607
test_05764,0.99456017
test_05765,0.99980139
test_05766,0.00017762
test_05767,0.00436701
test_05768,0.01631808
test_05769,0.01561587
test_05770,0.99951387
test_05771,0.14864993
test_05772,0.71207185
test_05773,0.98861029
test_05774,0.77804480
test_05775,0.96210032
test_05776,0.04691428
test_05777,0.99022906
test_05778,0.99717774
test_05779,0.26365347
test_05780,0.19652085
test_05781,0.98874326
test_05782,0.98479154
test_05783,0.99178954
test_05784,0.99755541
test_05785,0.99929998
test_05786,0.99012435
test_05787,0.07286683
test_05788,0.75915998
test_05789,0.41322279
test_05790,0.99976423
test_05791,0.01239641
test_05792,0.02453911
test_05793,0.99994670
test_05794,0.99150215
test_05795,0.99787003
test_05796,0.99399118
test_05797,0.99961197
test_05798,0.99937796
test_05799,0.99677086
test_05800,0.99994697
test_05801,0.01950284
test_05802,0.00009268
test_05803,0.99992654
test_05804,0.99992959
test_05805,0.99909213
test_05806,0.00044096
test_05807,0.00009678
test_05808,0.11239054
test_05809,0.00784657
test_05810,0.96974094
test_05811,0.04485195
test_05812,0.99993492
test_05813,0.99993204
test_05814,0.99992736
test_05815,0.93063656
test_05816,0.00010907
test_05817,0.99047622
test_05818,0.99926316
test_05819,0.94700086
test_05820,0.00295005
test_05821,0.95264996
test_05822,0.01953618
test_05823,0.04343990
test_05824,0.00047340
test_05825,0.01138810
test_05826,0.99321568
test_05827,0.01017148
test_05828,0.01275556
test_05829,0.00079980
test_05830,0.00155585
test_05831,0.00058008
test_05832,0.99727574
test_05833,0.84341079
test_05834,0.06130483
test_05835,0.99900434
test_05836,0.96457150
test_05837,0.01020747
test_05838,0.00005118
test_05839,0.99961759
test_05840,0.99716469
test_05841,0.85166247
test_05842,0.00077666
test_05843,0.96808602
test_05844,0.22597442
test_05845,0.00179703
test_05846,0.80368262
test_05847,0.99994003
test_05848,0.00332706
test_05849,0.00004626
test_05850,0.18142909
test_05851,0.00379312
test_05852,0.98058134
test_05853,0.98525206
test_05854,0.04841812
test_05855,0.99800866
test_05856,0.99995375
test_05857,0.99994736
test_05858,0.00012405
test_05859,0.00453415
test_05860,0.05613271
test_05861,0.00008343
test_05862,0.00089567
test_05863,0.00168597
test_05864,0.01074389
test_05865,0.00048170
test_05866,0.79256649
test_05867,0.99992722
test_05868,0.99014697
test_05869,0.99994086
test_05870,0.00028117
test_05871,0.99821453
test_05872,0.99929771
test_05873,0.00458523
test_05874,0.00020014
test_05875,0.04097736
test_05876,0.00005673
test_05877,0.99601734
test_05878,0.99994583
test_05879,0.99003092
test_05880,0.99995296
test_05881,0.99960934
test_05882,0.88740528
test_05883,0.99995002
test_05884,0.99670328
test_05885,0.01579696
test_05886,0.00011746
test_05887,0.00658105
test_05888,0.00411925
test_05889,0.00038432
test_05890,0.00007862
test_05891,0.53614384
test_05892,0.99924827
test_05893,0.00311421
test_05894,0.98080638
test_05895,0.00004621
test_05896,0.99990276
test_05897,0.98551954
test_05898,0.00007878
test_05899,0.99913859
test_05900,0.99830486
test_05901,0.07349798
test_05902,0.99173446
test_05903,0.00005179
test_05904,0.31349958
test_05905,0.21128719
test_05906,0.00394302
test_05907,0.19155394
test_05908,0.00005333
test_05909,0.00306799
test_05910,0.99993739
test_05911,0.00436260
test_05912,0.00097019
test_05913,0.02018398
test_05914,0.00245405
test_05915,0.99205920
test_05916,0.00129950
test_05917,0.00005795
test_05918,0.00535144
test_05919,0.92804042
test_05920,0.01531315
test_05921,0.99986284
test_05922,0.97623626
test_05923,0.99936171
test_05924,0.00341108
test_05925,0.08859044
test_05926,0.00276619
test_05927,0.00245355
test_05928,0.99994847
test_05929,0.00021302
test_05930,0.00004988
test_05931,0.99995273
test_05932,0.00007917
test_05933,0.00201393
test_05934,0.00005495
test_05935,0.00246110
test_05936,0.99357331
test_05937,0.00280201
test_05938,0.99880587
test_05939,0.00004748
test_05940,0.00482936
test_05941,0.99995407
test_05942,0.00349062
test_05943,0.99869902
test_05944,0.99994938
test_05945,0.02083060
test_05946,0.61115145
test_05947,0.99856377
test_05948,0.99605401
test_05949,0.99646714
test_05950,0.00379034
test_05951,0.00200332
test_05952,0.00005286
test_05953,0.99920998
test_05954,0.01369374
test_05955,0.98428368
test_05956,0.26675628
test_05957,0.00381335
test_05958,0.00057697
test_05959,0.99821805
test_05960,0.00439344
test_05961,0.17995636
test_05962,0.87480210
test_05963,0.99994992
test_05964,0.11886831
test_05965,0.01118052
test_05966,0.06507988
test_05967,0.62870463
test_05968,0.99874258
test_05969,0.00011328
test_05970,0.93072746
test_05971,0.00007231
test_05972,0.99851086
test_05973,0.00005619
test_05974,0.02271077
test_05975,0.90530310
test_05976,0.00006955
test_05977,0.99930890
test_05978,0.99959525
test_05979,0.00167549
test_05980,0.00540786
test_05981,0.99936594
test_05982,0.99994147
test_05983,0.00005308
test_05984,0.01265288
test_05985,0.00112868
test_05986,0.99072523
test_05987,0.95450305
test_05988,0.99994112
test_05989,0.98725263
test_05990,0.99994869
test_05991,0.99909963
test_05992,0.99520774
test_05993,0.97227086
test_05994,0.00792081
test_05995,0.16685275
test_05996,0.11524499
test_05997,0.99994860
test_05998,0.93582541
test_05999,0.00414301
test_06000,0.99994251
test_06001,0.99497785
test_06002,0.99771764
test_06003,0.99677196
test_06004,0.00004964
test_06005,0.99960677
test_06006,0.98117311
test_06007,0.00005707
test_06008,0.00560160
test_06009,0.00036685
test_06010,0.99994917
test_06011,0.84902880
test_06012,0.99606497
test_06013,0.99544814
test_06014,0.00348347
test_06015,0.01532723
test_06016,0.00014387
test_06017,0.00374900
test_06018,0.01704853
test_06019,0.99910320
test_06020,0.00326921
test_06021,0.00037098
test_06022,0.00009954
test_06023,0.00313920
test_06024,0.99002665
test_06025,0.99834483
test_06026,0.05922932
test_06027,0.99994389
test_06028,0.00011179
test_06029,0.00224807
test_06030,0.93259713
test_06031,0.02910859
test_06032,0.00004762
test_06033,0.00006940
test_06034,0.98070142
test_06035,0.00004578
test_06036,0.97909183
test_06037,0.00009056
test_06038,0.99995301
test_06039,0.00028911
test_06040,0.22986616
test_06041,0.92486300
test_06042,0.99931910
test_06043,0.08125474
test_06044,0.99993694
test_06045,0.44024393
test_06046,0.00307874
test_06047,0.00162589
test_06048,0.99993984
test_06049,0.00010871
test_06050,0.00106166
test_06051,0.00005809
test_06052,0.99964359
test_06053,0.00004646
test_06054,0.00545976
test_06055,0.00005866
test_06056,0.99995397
test_06057,0.99782588
test_06058,0.99573702
test_06059,0.99995363
test_06060,0.99994173
test_06061,0.00004703
test_06062,0.99767333
test_06063,0.99989341
test_06064,0.99370082
test_06065,0.00042312
test_06066,0.00714172
test_06067,0.51716952
test_06068,0.99890062
test_06069,0.92412924
test_06070,0.00005361
test_06071,0.20494527
test_06072,0.98599396
test_06073,0.99802372
test_06074,0.01637346
test_06075,0.00080179
test_06076,0.99991213
test_06077,0.95519878
test_06078,0.99294376
test_06079,0.99769436
test_06080,0.99995281
test_06081,0.98309457
test_06082,0.54086049
test_06083,0.00268705
test_06084,0.00055196
test_06085,0.99990351
test_06086,0.02886940
test_06087,0.97638634
test_06088,0.06702327
test_06089,0.66890257
test_06090,0.99993568
test_06091,0.99059380
test_06092,0.00005010
test_06093,0.06728281
test_06094,0.99330703
test_06095,0.01807044
test_06096,0.99994794
test_06097,0.00340520
test_06098,0.00006493
test_06099,0.00107160
test_06100,0.00004868
test_06101,0.00012726
test_06102,0.99995246
test_06103,0.99995116
test_06104,0.98615066
test_06105,0.99993455
test_06106,0.99403478
test_06107,0.98664176
test_06108,0.64428587
test_06109,0.00004971
test_06110,0.94594478
test_06111,0.00083688
test_06112,0.00368029
test_06113,0.00006716
test_06114,0.00006672
test_06115,0.99992982
test_06116,0.99521257
test_06117,0.01771093
test_06118,0.00312968
test_06119,0.99266095
test_06120,0.98952873
test_06121,0.99924610
test_06122,0.10434411
test_06123,0.00006287
test_06124,0.19262279
test_06125,0.99994621
test_06126,0.26401449
test_06127,0.00015046
test_06128,0.88520531
test_06129,0.01262518
test_06130,0.20335383
test_06131,0.01064213
test_06132,0.99603056
test_06133,0.01033442
test_06134,0.00004594
test_06135,0.00839364
test_06136,0.99793993
test_06137,0.81833932
test_06138,0.96574361
test_06139,0.99995435
test_06140,0.99953773
test_06141,0.99880791
test_06142,0.68586355
test_06143,0.00004669
test_06144,0.99886217
test_06145,0.09306837
test_06146,0.01221667
test_06147,0.90123253
test_06148,0.00006415
test_06149,0.04922027
test_06150,0.00309217
test_06151,0.99968878
test_06152,0.00006524
test_06153,0.99988526
test_06154,0.08443712
test_06155,0.86210344
test_06156,0.00676493
test_06157,0.00481392
test_06158,0.00021872
test_06159,0.07194825
test_06160,0.98569205
test_06161,0.05154991
test_06162,0.96843631
test_06163,0.99867820
test_06164,0.99612264
test_06165,0.00654489
test_06166,0.01301931
test_06167,0.65391615
test_06168,0.29718857
test_06169,0.98610126
test_06170,0.98130681
test_06171,0.01081339
test_06172,0.99765495
test_06173,0.99991906
test_06174,0.00005641
test_06175,0.00566281
test_06176,0.97619246
test_06177,0.99844979
test_06178,0.99431209
test_06179,0.98174788
test_06180,0.98293646
test_06181,0.00057381
test_06182,0.02515803
test_06183,0.99995406
test_06184,0.98918341
test_06185,0.00381136
test_06186,0.99994511
test_06187,0.00005558
test_06188,0.83398335
test_06189,0.00018198
test_06190,0.97614327
test_06191,0.02883328
test_06192,0.00005899
test_06193,0.99980693
test_06194,0.99403967
test_06195,0.06426090
test_06196,0.00005590
test_06197,0.98919320
test_06198,0.00833917
test_06199,0.99995266
test_06200,0.99994615
test_06201,0.98881973
test_06202,0.00142376
test_06203,0.00005974
test_06204,0.01709032
test_06205,0.95450155
test_06206,0.00004744
test_06207,0.97687672
test_06208,0.00146389
test_06209,0.00093927
test_06210,0.99563759
test_06211,0.02525651
test_06212,0.99994458
test_06213,0.00008013
test_06214,0.00284894
test_06215,0.99941623
test_06216,0.99995037
test_06217,0.99994987
test_06218,0.95954468
test_06219,0.00348961
test_06220,0.00085802
test_06221,0.00006098
test_06222,0.00621071
test_06223,0.00015474
test_06224,0.20944895
test_06225,0.99527222
test_06226,0.99445962
test_06227,0.00026618
test_06228,0.99976574
test_06229,0.02379032
test_06230,0.02345020
test_06231,0.00017208
test_06232,0.00328089
test_06233,0.02364171
test_06234,0.99994678
test_06235,0.00004587
test_06236,0.00004679
test_06237,0.99518499
test_06238,0.00006654
test_06239,0.99994914
test_06240,0.97579209
test_06241,0.93806141
test_06242,0.18619750
test_06243,0.99987288
test_06244,0.98434359
test_06245,0.90840730
test_06246,0.98244005
test_06247,0.98631918
test_06248,0.98570085
test_06249,0.92684530
test_06250,0.93170671
test_06251,0.00648951
test_06252,0.99246868
test_06253,0.15055734
test_06254,0.97421246
test_06255,0.00429991
test_06256,0.99404043
test_06257,0.99921918
test_06258,0.99930874
test_06259,0.48745854
test_06260,0.88265718
test_06261,0.15211667
test_06262,0.96037358
test_06263,0.99781571
test_06264,0.87846332
test_06265,0.99039492
test_06266,0.99990904
test_06267,0.99346912
test_06268,0.99995319
test_06269,0.00855415
test_06270,0.21713251
test_06271,0.96718712
test_06272,0.99961620
test_06273,0.96728946
test_06274,0.99858837
test_06275,0.84587037
test_06276,0.02259091
test_06277,0.99304683
test_06278,0.00186364
test_06279,0.00005200
test_06280,0.01424345
test_06281,0.89072309
test_06282,0.99994428
test_06283,0.00473756
test_06284,0.78812917
test_06285,0.01516578
test_06286,0.99676098
test_06287,0.00130376
test_06288,0.99994789
test_06289,0.00325396
test_06290,0.00633871
test_06291,0.00004979
test_06292,0.00725627
test_06293,0.00810705
test_06294,0.97165649
test_06295,0.08883021
test_06296,0.00033374
test_06297,0.94319419
test_06298,0.99994539
test_06299,0.99272932
test_06300,0.99992799
test_06301,0.01750709
test_06302,0.99693901
test_06303,0.00009288
test_06304,0.99980267
test_06305,0.06422098
test_06306,0.05272602
test_06307,0.17696088
test_06308,0.97935007
test_06309,0.99827475
test_06310,0.00004803
test_06311,0.00006577
test_06312,0.00090687
test_06313,0.44644522
test_06314,0.00878520
test_06315,0.00218427
test_06316,0.53131770
test_06317,0.98377559
test_06318,0.99994281
test_06319,0.27736676
test_06320,0.99580921
test_06321,0.00772251
test_06322,0.99993820
test_06323,0.00554102
test_06324,0.00056463
test_06325,0.99985559
test_06326,0.99941982
test_06327,0.00005052
test_06328,0.99835245
test_06329,0.84670783
test_06330,0.00004550
test_06331,0.00006554
test_06332,0.00223913
test_06333,0.03084894
test_06334,0.00110663
test_06335,0.86860643
test_06336,0.01619662
test_06337,0.00169529
test_06338,0.98828680
test_06339,0.99754082
test_06340,0.99995368
test_06341,0.05354115
test_06342,0.99948445
test_06343,0.36872194
test_06344,0.00858558
test_06345,0.01287562
test_06346,0.99995310
test_06347,0.00433913
test_06348,0.99995406
test_06349,0.00006549
test_06350,0.01920080
test_06351,0.99995156
test_06352,0.01072942
test_06353,0.00273141
test_06354,0.63232146
test_06355,0.27066414
test_06356,0.93609063
test_06357,0.00775554
test_06358,0.97044889
test_06359,0.98110996
test_06360,0.99675323
test_06361,0.00305662
test_06362,0.00007588
test_06363,0.87256110
test_06364,0.70711289
test_06365,0.00563559
test_06366,0.99891646
test_06367,0.55574264
test_06368,0.99383435
test_06369,0.81654944
test_06370,0.99941842
test_06371,0.04442480
test_06372,0.99598194
test_06373,0.99879172
test_06374,0.99857093
test_06375,0.03495191
test_06376,0.00062433
test_06377,0.99837486
test_06378,0.99853779
test_06379,0.25572674
test_06380,0.00714275
test_06381,0.02372304
test_06382,0.99767458
test_06383,0.99053981
test_06384,0.99993762
test_06385,0.00739264
test_06386,0.99994271
test_06387,0.99948640
test_06388,0.96619053
test_06389,0.01626283
test_06390,0.99190613
test_06391,0.00023881
test_06392,0.03966166
test_06393,0.00007951
test_06394,0.58028138
test_06395,0.03429022
test_06396,0.00251973
test_06397,0.02414845
test_06398,0.99671972
test_06399,0.00014654
test_06400,0.00004910
test_06401,0.44268979
test_06402,0.84687533
test_06403,0.00492626
test_06404,0.00638708
test_06405,0.00005871
test_06406,0.00844861
test_06407,0.00042586
test_06408,0.00005101
test_06409,0.99592727
test_06410,0.99971565
test_06411,0.99022131
test_06412,0.04457907
test_06413,0.00005628
test_06414,0.99989331
test_06415,0.06942052
test_06416,0.99946627
test_06417,0.83945575
test_06418,0.00569429
test_06419,0.98710079
test_06420,0.02590450
test_06421,0.99948911
test_06422,0.98278614
test_06423,0.99987542
test_06424,0.99725279
test_06425,0.03753225
test_06426,0.00017421
test_06427,0.00007447
test_06428,0.95247076
test_06429,0.00684279
test_06430,0.01609328
test_06431,0.99975264
test_06432,0.00007259
test_06433,0.99388549
test_06434,0.99994245
test_06435,0.99360690
test_06436,0.00377786
test_06437,0.00614159
test_06438,0.01168071
test_06439,0.79179649
test_06440,0.00005242
test_06441,0.98365717
test_06442,0.32082678
test_06443,0.16925306
test_06444,0.05008605
test_06445,0.01433796
test_06446,0.99708058
test_06447,0.90687018
test_06448,0.97175110
test_06449,0.00428592
test_06450,0.99664647
test_06451,0.99541351
test_06452,0.93041754
test_06453,0.29833301
test_06454,0.98990998
test_06455,0.99995440
test_06456,0.00005302
test_06457,0.99990648
test_06458,0.09628882
test_06459,0.97616184
test_06460,0.01214540
test_06461,0.00004637
test_06462,0.91435307
test_06463,0.99992694
test_06464,0.00105024
test_06465,0.00091655
test_06466,0.11627552
test_06467,0.04401463
test_06468,0.00063138
test_06469,0.99991967
test_06470,0.90956494
test_06471,0.00004971
test_06472,0.00711400
test_06473,0.99980450
test_06474,0.00055404
test_06475,0.92614550
test_06476,0.01184658
test_06477,0.00013424
test_06478,0.99994537
test_06479,0.98709669
test_06480,0.99197535
test_06481,0.00009089
test_06482,0.99995048
test_06483,0.05860113
test_06484,0.00006161
test_06485,0.95409545
test_06486,0.96401270
test_06487,0.00008722
test_06488,0.99978711
test_06489,0.00004591
test_06490,0.97662847
test_06491,0.00114481
test_06492,0.99508888
test_06493,0.00004564
test_06494,0.99638552
test_06495,0.00592388
test_06496,0.00350624
test_06497,0.99765529
test_06498,0.99977020
test_06499,0.01527128
test_06500,0.00598263
test_06501,0.00088810
test_06502,0.99994831
test_06503,0.00010709
test_06504,0.00008218
test_06505,0.02285913
test_06506,0.91719515
test_06507,0.99994900
test_06508,0.98388886
test_06509,0.11483818
test_06510,0.98837739
test_06511,0.40484983
test_06512,0.95093923
test_06513,0.99501376
test_06514,0.00862372
test_06515,0.99168910
test_06516,0.87642536
test_06517,0.91673973
test_06518,0.92645417
test_06519,0.13999061
test_06520,0.00403175
test_06521,0.32758747
test_06522,0.99241372
test_06523,0.99072175
test_06524,0.00028449
test_06525,0.01749257
test_06526,0.98082326
test_06527,0.00004567
test_06528,0.99935144
test_06529,0.03120846
test_06530,0.10168533
test_06531,0.99994629
test_06532,0.92098444
test_06533,0.99538148
test_06534,0.97943186
test_06535,0.99990478
test_06536,0.61186936
test_06537,0.00807918
test_06538,0.33227408
test_06539,0.42795334
test_06540,0.00416088
test_06541,0.02135004
test_06542,0.00007586
test_06543,0.00827165
test_06544,0.99993382
test_06545,0.99993913
test_06546,0.00276598
test_06547,0.40561654
test_06548,0.99948124
test_06549,0.00352523
test_06550,0.91391362
test_06551,0.00006408
test_06552,0.99885124
test_06553,0.99674182
test_06554,0.99989391
test_06555,0.01343569
test_06556,0.96050977
test_06557,0.00015349
test_06558,0.91959006
test_06559,0.03326818
test_06560,0.00386362
test_06561,0.99332210
test_06562,0.00626460
test_06563,0.00586284
test_06564,0.98078444
test_06565,0.99993792
test_06566,0.97515375
test_06567,0.98333020
test_06568,0.00004563
test_06569,0.00455692
test_06570,0.00007606
test_06571,0.00121549
test_06572,0.00042700
test_06573,0.34219777
test_06574,0.06152407
test_06575,0.00004546
test_06576,0.40889609
test_06577,0.00266520
test_06578,0.97598493
test_06579,0.03201561
test_06580,0.99697813
test_06581,0.01024155
test_06582,0.87985950
test_06583,0.00812205
test_06584,0.99848889
test_06585,0.01551890
test_06586,0.01112690
test_06587,0.99722574
test_06588,0.01247931
test_06589,0.98521928
test_06590,0.03424773
test_06591,0.00052753
test_06592,0.97413704
test_06593,0.99979375
test_06594,0.95365810
test_06595,0.11819551
test_06596,0.29195536
test_06597,0.16998790
test_06598,0.00120378
test_06599,0.00005353
test_06600,0.00004904
test_06601,0.00004946
test_06602,0.00035949
test_06603,0.00446719
test_06604,0.01804152
test_06605,0.00031753
test_06606,0.98132725
test_06607,0.00004679
test_06608,0.99818588
test_06609,0.75164675
test_06610,0.01149669
test_06611,0.99744462
test_06612,0.00049184
test_06613,0.00689955
test_06614,0.00005431
test_06615,0.02542335
test_06616,0.99316717
test_06617,0.99303106
test_06618,0.00006365
test_06619,0.00129249
test_06620,0.07068643
test_06621,0.10769666
test_06622,0.00357715
test_06623,0.02129109
test_06624,0.99600477
test_06625,0.99995028
test_06626,0.00005396
test_06627,0.00620828
test_06628,0.97894100
test_06629,0.00436183
test_06630,0.00004582
test_06631,0.00440656
test_06632,0.00005234
test_06633,0.00141800
test_06634,0.99764400
test_06635,0.00358091
test_06636,0.00101179
test_06637,0.00084993
test_06638,0.00218265
test_06639,0.97470970
test_06640,0.86082595
test_06641,0.01931015
test_06642,0.97622145
test_06643,0.98649462
test_06644,0.97235165
test_06645,0.99992518
test_06646,0.99892549
test_06647,0.99991161
test_06648,0.00068662
test_06649,0.47540390
test_06650,0.00931284
test_06651,0.02166264
test_06652,0.00006112
test_06653,0.99298594
test_06654,0.00587222
test_06655,0.00005524
test_06656,0.99992883
test_06657,0.99013994
test_06658,0.00055328
test_06659,0.99939596
test_06660,0.99836316
test_06661,0.00659252
test_06662,0.01219789
test_06663,0.00008744
test_06664,0.00005174
test_06665,0.00007375
test_06666,0.00567735
test_06667,0.99992730
test_06668,0.13089201
test_06669,0.00005459
test_06670,0.00184724
test_06671,0.97169120
test_06672,0.04837074
test_06673,0.00174575
test_06674,0.99476042
test_06675,0.01185372
test_06676,0.97004036
test_06677,0.98579830
test_06678,0.99988016
test_06679,0.00059192
test_06680,0.01049848
test_06681,0.99755134
test_06682,0.00005846
test_06683,0.68272951
test_06684,0.00389058
test_06685,0.72981014
test_06686,0.99582862
test_06687,0.09125908
test_06688,0.18577157
test_06689,0.99909902
test_06690,0.95455309
test_06691,0.00005729
test_06692,0.99943940
test_06693,0.07673975
test_06694,0.99992735
test_06695,0.00005585
test_06696,0.98998686
test_06697,0.99995208
test_06698,0.06583760
test_06699,0.44048836
test_06700,0.98527819
test_06701,0.99992393
test_06702,0.99959197
test_06703,0.00090000
test_06704,0.99344586
test_06705,0.99994046
test_06706,0.04654199
test_06707,0.00237114
test_06708,0.97609837
test_06709,0.59248469
test_06710,0.98743989
test_06711,0.96462263
test_06712,0.06943654
test_06713,0.99993227
test_06714,0.44789763
test_06715,0.00126017
test_06716,0.99901031
test_06717,0.99750394
test_06718,0.44772651
test_06719,0.99101757
test_06720,0.99866213
test_06721,0.00802981
test_06722,0.96964231
test_06723,0.93299238
test_06724,0.00556403
test_06725,0.89249631
test_06726,0.99929477
test_06727,0.99310481
test_06728,0.00105045
test_06729,0.00071195
test_06730,0.00746158
test_06731,0.94087780
test_06732,0.57344185
test_06733,0.99858478
test_06734,0.02288024
test_06735,0.99991256
test_06736,0.98224223
test_06737,0.99993888
test_06738,0.99994857
test_06739,0.99994225
test_06740,0.98409278
test_06741,0.97541971
test_06742,0.99993964
test_06743,0.99995175
test_06744,0.00203501
test_06745,0.00004643
test_06746,0.99901752
test_06747,0.99775825
test_06748,0.00315624
test_06749,0.99993392
test_06750,0.99204009
test_06751,0.00239144
test_06752,0.00007659
test_06753,0.00005009
test_06754,0.00572976
test_06755,0.99762039
test_06756,0.00004926
test_06757,0.99995074
test_06758,0.00005532
test_06759,0.05407394
test_06760,0.00126409
test_06761,0.99971319
test_06762,0.99995278
test_06763,0.99892902
test_06764,0.99793790
test_06765,0.99733570
test_06766,0.00005354
test_06767,0.00007975
test_06768,0.99995379
test_06769,0.00006031
test_06770,0.00102159
test_06771,0.99216950
test_06772,0.00195095
test_06773,0.96609958
test_06774,0.97428243
test_06775,0.01143781
test_06776,0.99056553
test_06777,0.98307911
test_06778,0.00052187
test_06779,0.01593810
test_06780,0.98050466
test_06781,0.99991913
test_06782,0.57013341
test_06783,0.97358551
test_06784,0.00006186
test_06785,0.99942670
test_06786,0.99935796
test_06787,0.00004940
test_06788,0.07662475
test_06789,0.00364912
test_06790,0.99684328
test_06791,0.99251345
test_06792,0.99995013
test_06793,0.00373921
test_06794,0.97372441
test_06795,0.00006171
test_06796,0.99992356
test_06797,0.99521768
test_06798,0.99993542
test_06799,0.02020264
test_06800,0.01093163
test_06801,0.91856602
test_06802,0.00506729
test_06803,0.07052356
test_06804,0.87777251
test_06805,0.00137422
test_06806,0.98963839
test_06807,0.99887905
test_06808,0.99182074
test_06809,0.82196261
test_06810,0.98862813
test_06811,0.99912546
test_06812,0.08104377
test_06813,0.93400444
test_06814,0.95911242
test_06815,0.99979504
test_06816,0.99907122
test_06817,0.00365239
test_06818,0.97451182
test_06819,0.98176647
test_06820,0.36857780
test_06821,0.95798481
test_06822,0.01079866
test_06823,0.00017268
test_06824,0.98034330
test_06825,0.00021344
test_06826,0.00546704
test_06827,0.00673245
test_06828,0.99916199
test_06829,0.97835561
test_06830,0.00006405
test_06831,0.97812230
test_06832,0.00005119
test_06833,0.00007812
test_06834,0.11092413
test_06835,0.00008206
test_06836,0.77406457
test_06837,0.00044183
test_06838,0.00004869
test_06839,0.08059341
test_06840,0.99994950
test_06841,0.01052528
test_06842,0.99847436
test_06843,0.00129885
test_06844,0.00515142
test_06845,0.00542834
test_06846,0.99995058
test_06847,0.99816600
test_06848,0.00009213
test_06849,0.99991351
test_06850,0.18083013
test_06851,0.00070941
test_06852,0.00149775
test_06853,0.00740246
test_06854,0.40491044
test_06855,0.00004669
test_06856,0.00572871
test_06857,0.08655069
test_06858,0.00663624
test_06859,0.91530326
test_06860,0.97362387
test_06861,0.00005342
test_06862,0.95353661
test_06863,0.63696927
test_06864,0.99804794
test_06865,0.00005416
test_06866,0.00320243
test_06867,0.58452098
test_06868,0.99452941
test_06869,0.00636354
test_06870,0.99994977
test_06871,0.99920175
test_06872,0.16068130
test_06873,0.01870451
test_06874,0.99995200
test_06875,0.00427808
test_06876,0.00005767
test_06877,0.99058599
test_06878,0.02129027
test_06879,0.94506702
test_06880,0.00013017
test_06881,0.99956169
test_06882,0.01917662
test_06883,0.94170874
test_06884,0.00067250
test_06885,0.02949408
test_06886,0.77919821
test_06887,0.98595997
test_06888,0.07605405
test_06889,0.99541551
test_06890,0.63980650
test_06891,0.03590817
test_06892,0.00004927
test_06893,0.00053033
test_06894,0.00005176
test_06895,0.00006931
test_06896,0.97607488
test_06897,0.24815458
test_06898,0.00596026
test_06899,0.01014907
test_06900,0.03873842
test_06901,0.99984947
test_06902,0.63329164
test_06903,0.99971109
test_06904,0.98603374
test_06905,0.99796135
test_06906,0.02308517
test_06907,0.99872015
test_06908,0.99852194
test_06909,0.17481229
test_06910,0.99829537
test_06911,0.99994320
test_06912,0.00051391
test_06913,0.00814830
test_06914,0.85056789
test_06915,0.41247978
test_06916,0.98155156
test_06917,0.00839753
test_06918,0.84846491
test_06919,0.99957483
test_06920,0.00006374
test_06921,0.99109148
test_06922,0.99993869
test_06923,0.61489832
test_06924,0.99474228
test_06925,0.00833350
test_06926,0.00021139
test_06927,0.10194162
test_06928,0.00005020
test_06929,0.99036008
test_06930,0.00375614
test_06931,0.00102815
test_06932,0.99128689
test_06933,0.95787246
test_06934,0.00838889
test_06935,0.01339647
test_06936,0.99992541
test_06937,0.95177148
test_06938,0.00153652
test_06939,0.00026150
test_06940,0.99985301
test_06941,0.99515952
test_06942,0.00592917
test_06943,0.00323697
test_06944,0.05110672
test_06945,0.00537856
test_06946,0.67539336
test_06947,0.99380459
test_06948,0.02966075
test_06949,0.99897340
test_06950,0.01577524
test_06951,0.06590454
test_06952,0.56472162
test_06953,0.00005290
test_06954,0.85612847
test_06955,0.99865534
test_06956,0.99397489
test_06957,0.99195588
test_06958,0.99245498
test_06959,0.23034112
test_06960,0.00004833
test_06961,0.98440937
test_06962,0.00084433
test_06963,0.89752429
test_06964,0.99482864
test_06965,0.09581333
test_06966,0.00234311
test_06967,0.01400365
test_06968,0.00004579
test_06969,0.01309559
test_06970,0.99995393
test_06971,0.99993452
test_06972,0.00005143
test_06973,0.99981451
test_06974,0.00114508
test_06975,0.99950105
test_06976,0.99985603
test_06977,0.99848450
test_06978,0.00019931
test_06979,0.59122304
test_06980,0.99701681
test_06981,0.99913601
test_06982,0.99885157
test_06983,0.00133789
test_06984,0.00005851
test_06985,0.00158325
test_06986,0.00778674
test_06987,0.07074303
test_06988,0.00142117
test_06989,0.00298257
test_06990,0.99995181
test_06991,0.98935702
test_06992,0.00430023
test_06993,0.00308744
test_06994,0.00121056
test_06995,0.00093100
test_06996,0.03835329
test_06997,0.99991749
test_06998,0.04805104
test_06999,0.99662956
test_07000,0.00372671
test_07001,0.20872291
test_07002,0.99987960
test_07003,0.99510051
test_07004,0.99655888
test_07005,0.89266478
test_07006,0.00532068
test_07007,0.09069512
test_07008,0.00064893
test_07009,0.99163375
test_07010,0.99753909
test_07011,0.99388587
test_07012,0.99599450
test_07013,0.00193086
test_07014,0.99747442
test_07015,0.99994187
test_07016,0.99978050
test_07017,0.00005088
test_07018,0.99994451
test_07019,0.89890324
test_07020,0.00222343
test_07021,0.99993709
test_07022,0.00005237
test_07023,0.99709247
test_07024,0.02668281
test_07025,0.94786262
test_07026,0.99989759
test_07027,0.00064966
test_07028,0.97879499
test_07029,0.88568037
test_07030,0.51866211
test_07031,0.00063652
test_07032,0.87610126
test_07033,0.99993297
test_07034,0.01535809
test_07035,0.02329666
test_07036,0.03217545
test_07037,0.01050731
test_07038,0.96138370
test_07039,0.00066774
test_07040,0.00017131
test_07041,0.98987807
test_07042,0.99703685
test_07043,0.00495069
test_07044,0.99992426
test_07045,0.00133830
test_07046,0.99898066
test_07047,0.99994905
test_07048,0.03613665
test_07049,0.09720403
test_07050,0.98436479
test_07051,0.09821543
test_07052,0.99168593
test_07053,0.00004584
test_07054,0.89212849
test_07055,0.93057555
test_07056,0.99992233
test_07057,0.00607151
test_07058,0.99887048
test_07059,0.09424478
test_07060,0.99994568
test_07061,0.99984264
test_07062,0.02032854
test_07063,0.01353654
test_07064,0.00352943
test_07065,0.01199514
test_07066,0.06710456
test_07067,0.71419876
test_07068,0.99730796
test_07069,0.97493572
test_07070,0.00165136
test_07071,0.00005199
test_07072,0.99776205
test_07073,0.98259840
test_07074,0.99992847
test_07075,0.99639538
test_07076,0.98932734
test_07077,0.00660906
test_07078,0.99889105
test_07079,0.99995425
test_07080,0.00013524
test_07081,0.02980541
test_07082,0.99855629
test_07083,0.00049472
test_07084,0.00987306
test_07085,0.00328600
test_07086,0.99341498
test_07087,0.00047043
test_07088,0.98341967
test_07089,0.31458700
test_07090,0.99994521
test_07091,0.00509383
test_07092,0.85514758
test_07093,0.93112705
test_07094,0.99822283
test_07095,0.00037882
test_07096,0.99992802
test_07097,0.00014371
test_07098,0.00869372
test_07099,0.00033942
test_07100,0.99975000
test_07101,0.99991859
test_07102,0.99995054
test_07103,0.99993171
test_07104,0.69686953
test_07105,0.00388013
test_07106,0.97899153
test_07107,0.00005421
test_07108,0.97623352
test_07109,0.57092221
test_07110,0.99738507
test_07111,0.29463379
test_07112,0.99877395
test_07113,0.00005530
test_07114,0.99691416
test_07115,0.96621980
test_07116,0.94221104
test_07117,0.00565348
test_07118,0.00005770
test_07119,0.01255628
test_07120,0.00702680
test_07121,0.00046868
test_07122,0.99942158
test_07123,0.24839853
test_07124,0.99959238
test_07125,0.99995293
test_07126,0.99994660
test_07127,0.99813855
test_07128,0.00188756
test_07129,0.00007109
test_07130,0.99820490
test_07131,0.99694527
test_07132,0.00315329
test_07133,0.00013917
test_07134,0.10944080
test_07135,0.17282733
test_07136,0.98710374
test_07137,0.99638625
test_07138,0.00014349
test_07139,0.00005490
test_07140,0.00005170
test_07141,0.01638447
test_07142,0.00015437
test_07143,0.08172524
test_07144,0.00009361
test_07145,0.00004638
test_07146,0.99995259
test_07147,0.12712953
test_07148,0.99994976
test_07149,0.00028626
test_07150,0.95031767
test_07151,0.09576480
test_07152,0.99712661
test_07153,0.99646375
test_07154,0.53195929
test_07155,0.00005115
test_07156,0.00020144
test_07157,0.96877879
test_07158,0.99995171
test_07159,0.00004944
test_07160,0.00134196
test_07161,0.00004931
test_07162,0.99255684
test_07163,0.92785279
test_07164,0.99091394
test_07165,0.01057709
test_07166,0.99854016
test_07167,0.00005288
test_07168,0.99995150
test_07169,0.00004744
test_07170,0.99995102
test_07171,0.90284968
test_07172,0.99981344
test_07173,0.99994784
test_07174,0.98395414
test_07175,0.99994481
test_07176,0.00222725
test_07177,0.00591979
test_07178,0.99981737
test_07179,0.01112946
test_07180,0.00007722
test_07181,0.01146332
test_07182,0.01401833
test_07183,0.00009218
test_07184,0.00005713
test_07185,0.99911184
test_07186,0.99990795
test_07187,0.00005777
test_07188,0.73161152
test_07189,0.00004608
test_07190,0.96454705
test_07191,0.00005617
test_07192,0.00019413
test_07193,0.07224195
test_07194,0.72061846
test_07195,0.93799502
test_07196,0.99982348
test_07197,0.00877185
test_07198,0.02711197
test_07199,0.00039843
test_07200,0.99995325
test_07201,0.00420960
test_07202,0.00006290
test_07203,0.97041693
test_07204,0.87782098
test_07205,0.00004657
test_07206,0.23170209
test_07207,0.72710418
test_07208,0.00005197
test_07209,0.01145518
test_07210,0.00004636
test_07211,0.00006276
test_07212,0.69077776
test_07213,0.00450778
test_07214,0.99628180
test_07215,0.12729087
test_07216,0.01676166
test_07217,0.01150018
test_07218,0.03904568
test_07219,0.97995431
test_07220,0.01544198
test_07221,0.99901183
test_07222,0.00130266
test_07223,0.00021433
test_07224,0.99396628
test_07225,0.00108894
test_07226,0.98943023
test_07227,0.99360282
test_07228,0.09910877
test_07229,0.04913523
test_07230,0.01484639
test_07231,0.01140843
test_07232,0.97788760
test_07233,0.99993968
test_07234,0.99991701
test_07235,0.90429990
test_07236,0.00006101
test_07237,0.99655463
test_07238,0.00439939
test_07239,0.43845699
test_07240,0.00087334
test_07241,0.00509356
test_07242,0.00005790
test_07243,0.00014478
test_07244,0.99834947
test_07245,0.00558345
test_07246,0.04907208
test_07247,0.99358387
test_07248,0.99850536
test_07249,0.00052771
test_07250,0.00376001
test_07251,0.25566798
test_07252,0.98034580
test_07253,0.00242734
test_07254,0.00870194
test_07255,0.25618135
test_07256,0.00124319
test_07257,0.99851452
test_07258,0.07622490
test_07259,0.99986117
test_07260,0.87775739
test_07261,0.07602059
test_07262,0.00009292
test_07263,0.99193154
test_07264,0.00018594
test_07265,0.99865502
test_07266,0.00005276
test_07267,0.01104339
test_07268,0.99661457
test_07269,0.99777512
test_07270,0.99794563
test_07271,0.99976805
test_07272,0.67979157
test_07273,0.99789194
test_07274,0.98756094
test_07275,0.00844795
test_07276,0.00021361
test_07277,0.98503929
test_07278,0.95092911
test_07279,0.00007088
test_07280,0.00004750
test_07281,0.00007296
test_07282,0.99692150
test_07283,0.46133019
test_07284,0.02713402
test_07285,0.94224647
test_07286,0.03121790
test_07287,0.99715099
test_07288,0.00075964
test_07289,0.00031225
test_07290,0.00344655
test_07291,0.96493827
test_07292,0.00907581
test_07293,0.01483406
test_07294,0.99881722
test_07295,0.02130249
test_07296,0.83482513
test_07297,0.93073372
test_07298,0.17973789
test_07299,0.91258779
test_07300,0.00555699
test_07301,0.98857750
test_07302,0.00004813
test_07303,0.99592128
test_07304,0.03243967
test_07305,0.01369204
test_07306,0.15005652
test_07307,0.00093637
test_07308,0.00005031
test_07309,0.00637487
test_07310,0.00411529
test_07311,0.07380850
test_07312,0.99976793
test_07313,0.00827924
test_07314,0.99840163
test_07315,0.92281324
test_07316,0.65122396
test_07317,0.99823121
test_07318,0.03722914
test_07319,0.99284410
test_07320,0.99708847
test_07321,0.10415309
test_07322,0.09047657
test_07323,0.00044559
test_07324,0.01436465
test_07325,0.05548424
test_07326,0.97197630
test_07327,0.99924748
test_07328,0.99985203
test_07329,0.00223170
test_07330,0.03334910
test_07331,0.00005517
test_07332,0.00007204
test_07333,0.01428550
test_07334,0.66131368
test_07335,0.48091329
test_07336,0.00857705
test_07337,0.56803621
test_07338,0.99993360
test_07339,0.00006664
test_07340,0.99769072
test_07341,0.02737078
test_07342,0.01574390
test_07343,0.96887136
test_07344,0.99394578
test_07345,0.00229354
test_07346,0.00180035
test_07347,0.00007632
test_07348,0.87160472
test_07349,0.00007095
test_07350,0.99995285
test_07351,0.00022136
test_07352,0.99910476
test_07353,0.99458615
test_07354,0.82781701
test_07355,0.73587304
test_07356,0.99642357
test_07357,0.99992759
test_07358,0.99961495
test_07359,0.00033104
test_07360,0.99946403
test_07361,0.96196098
test_07362,0.00008355
test_07363,0.99476827
test_07364,0.00318213
test_07365,0.49859527
test_07366,0.99395694
test_07367,0.99732184
test_07368,0.00223962
test_07369,0.00821062
test_07370,0.99994255
test_07371,0.00027188
test_07372,0.00004880
test_07373,0.99738814
test_07374,0.00060172
test_07375,0.08265366
test_07376,0.88284661
test_07377,0.00099989
test_07378,0.91859741
test_07379,0.00661433
test_07380,0.00668645
test_07381,0.04912766
test_07382,0.52773074
test_07383,0.68319348
test_07384,0.92734951
test_07385,0.00045777
test_07386,0.00246644
test_07387,0.00130232
test_07388,0.99637054
test_07389,0.00782197
test_07390,0.00321372
test_07391,0.99994318
test_07392,0.88113009
test_07393,0.99580518
test_07394,0.99771910
test_07395,0.99995154
test_07396,0.00004654
test_07397,0.99995141
test_07398,0.99017286
test_07399,0.96305234
test_07400,0.99974643
test_07401,0.00163722
test_07402,0.99995084
test_07403,0.00458203
test_07404,0.00005035
test_07405,0.99995425
test_07406,0.02253443
test_07407,0.00655270
test_07408,0.00033167
test_07409,0.96288544
test_07410,0.99843661
test_07411,0.00694154
test_07412,0.00006665
test_07413,0.99607931
test_07414,0.08685195
test_07415,0.99445871
test_07416,0.00146951
test_07417,0.00112809
test_07418,0.99227817
test_07419,0.00695085
test_07420,0.00004708
test_07421,0.00275531
test_07422,0.99931641
test_07423,0.99820010
test_07424,0.00091873
test_07425,0.01095040
test_07426,0.79134855
test_07427,0.00048628
test_07428,0.00006048
test_07429,0.40682262
test_07430,0.00142708
test_07431,0.99994691
test_07432,0.01395836
test_07433,0.00223973
test_07434,0.00004546
test_07435,0.00004870
test_07436,0.07375105
test_07437,0.99987307
test_07438,0.99711077
test_07439,0.00966699
test_07440,0.12445260
test_07441,0.00041473
test_07442,0.00008413
test_07443,0.96734985
test_07444,0.00023068
test_07445,0.01094163
test_07446,0.00007209
test_07447,0.00004948
test_07448,0.00379728
test_07449,0.99994016
test_07450,0.99401337
test_07451,0.99463654
test_07452,0.00084842
test_07453,0.00030563
test_07454,0.94937253
test_07455,0.15510217
test_07456,0.99831092
test_07457,0.97896272
test_07458,0.99994746
test_07459,0.99419009
test_07460,0.00005891
test_07461,0.98106667
test_07462,0.81923687
test_07463,0.00008376
test_07464,0.00461116
test_07465,0.95329904
test_07466,0.26934552
test_07467,0.99949756
test_07468,0.96303585
test_07469,0.83021027
test_07470,0.97056098
test_07471,0.08476772
test_07472,0.98627516
test_07473,0.01395081
test_07474,0.00009541
test_07475,0.99972901
test_07476,0.00372517
test_07477,0.00009588
test_07478,0.99995224
test_07479,0.97282782
test_07480,0.00917795
test_07481,0.00028684
test_07482,0.01312023
test_07483,0.99635351
test_07484,0.00815735
test_07485,0.99974156
test_07486,0.99993215
test_07487,0.00021746
test_07488,0.00288930
test_07489,0.99992856
test_07490,0.28555359
test_07491,0.00409589
test_07492,0.00277925
test_07493,0.44695207
test_07494,0.99747604
test_07495,0.98186151
test_07496,0.00048183
test_07497,0.00008847
test_07498,0.02289719
test_07499,0.07833401
test_07500,0.00370952
test_07501,0.00006703
test_07502,0.99994609
test_07503,0.36904803
test_07504,0.00005511
test_07505,0.97945287
test_07506,0.96936346
test_07507,0.00400048
test_07508,0.00004612
test_07509,0.99549996
test_07510,0.99959989
test_07511,0.90551969
test_07512,0.03845410
test_07513,0.99989157
test_07514,0.95687706
test_07515,0.99995277
test_07516,0.79736228
test_07517,0.99410254
test_07518,0.02327424
test_07519,0.00236240
test_07520,0.00249058
test_07521,0.00956447
test_07522,0.99844298
test_07523,0.00088624
test_07524,0.99390025
test_07525,0.66263968
test_07526,0.00007280
test_07527,0.14363631
test_07528,0.99994484
test_07529,0.00005104
test_07530,0.98415719
test_07531,0.99640046
test_07532,0.99856879
test_07533,0.03432960
test_07534,0.22836305
test_07535,0.71612917
test_07536,0.00307745
test_07537,0.00013905
test_07538,0.02565077
test_07539,0.99990419
test_07540,0.07853873
test_07541,0.99469680
test_07542,0.42276469
test_07543,0.00699904
test_07544,0.99720845
test_07545,0.42669812
test_07546,0.95679878
test_07547,0.99905393
test_07548,0.02919455
test_07549,0.99991216
test_07550,0.98523101
test_07551,0.99994176
test_07552,0.02692377
test_07553,0.91824389
test_07554,0.99935790
test_07555,0.03716844
test_07556,0.00004912
test_07557,0.99995236
test_07558,0.99990071
test_07559,0.95273275
test_07560,0.74172094
test_07561,0.00004712
test_07562,0.33478456
test_07563,0.97574611
test_07564,0.99994591
test_07565,0.00009096
test_07566,0.12725380
test_07567,0.00337342
test_07568,0.36869252
test_07569,0.99288051
test_07570,0.99990857
test_07571,0.00073231
test_07572,0.99992010
test_07573,0.99011903
test_07574,0.97015390
test_07575,0.00004788
test_07576,0.00006489
test_07577,0.00097772
test_07578,0.06066834
test_07579,0.00009105
test_07580,0.99958392
test_07581,0.00397448
test_07582,0.00004700
test_07583,0.99994365
test_07584,0.99990644
test_07585,0.78074112
test_07586,0.99995346
test_07587,0.00990527
test_07588,0.66365346
test_07589,0.99566831
test_07590,0.81758475
test_07591,0.98664717
test_07592,0.01968891
test_07593,0.99977590
test_07594,0.98275177
test_07595,0.00009823
test_07596,0.00082162
test_07597,0.99210062
test_07598,0.98259828
test_07599,0.99369052
test_07600,0.00008632
test_07601,0.00007865
test_07602,0.00007584
test_07603,0.75396913
test_07604,0.00070937
test_07605,0.00237929
test_07606,0.01122143
test_07607,0.06246209
test_07608,0.02794126
test_07609,0.99994355
test_07610,0.00973425
test_07611,0.00005257
test_07612,0.00007042
test_07613,0.04299714
test_07614,0.99965425
test_07615,0.96939996
test_07616,0.96809165
test_07617,0.04363588
test_07618,0.99848702
test_07619,0.00005611
test_07620,0.97528236
test_07621,0.00004786
test_07622,0.09083842
test_07623,0.99991403
test_07624,0.00052754
test_07625,0.00006727
test_07626,0.99820754
test_07627,0.89455936
test_07628,0.99964772
test_07629,0.00009005
test_07630,0.99897279
test_07631,0.00170791
test_07632,0.00005593
test_07633,0.00117337
test_07634,0.99995373
test_07635,0.94105144
test_07636,0.00642994
test_07637,0.97022988
test_07638,0.99959717
test_07639,0.00334046
test_07640,0.00008122
test_07641,0.99504073
test_07642,0.00005042
test_07643,0.99993301
test_07644,0.99994229
test_07645,0.00124430
test_07646,0.99992756
test_07647,0.99988360
test_07648,0.00030003
test_07649,0.99990517
test_07650,0.99839514
test_07651,0.32360490
test_07652,0.99535354
test_07653,0.97506914
test_07654,0.99994906
test_07655,0.00192692
test_07656,0.00005546
test_07657,0.98917416
test_07658,0.00007263
test_07659,0.98971628
test_07660,0.30879271
test_07661,0.99995003
test_07662,0.00110100
test_07663,0.00157619
test_07664,0.00191850
test_07665,0.00004682
test_07666,0.99875570
test_07667,0.00160255
test_07668,0.00007032
test_07669,0.99970758
test_07670,0.00145049
test_07671,0.01814940
test_07672,0.00016699
test_07673,0.00006192
test_07674,0.99549424
test_07675,0.00004845
test_07676,0.00004907
test_07677,0.00965262
test_07678,0.03828858
test_07679,0.00015399
test_07680,0.98291061
test_07681,0.00004604
test_07682,0.00018625
test_07683,0.88977295
test_07684,0.87946022
test_07685,0.00081135
test_07686,0.00964437
test_07687,0.12556609
test_07688,0.10947612
test_07689,0.99284762
test_07690,0.99694158
test_07691,0.00004616
test_07692,0.99220962
test_07693,0.99780993
test_07694,0.00005141
test_07695,0.00218723
test_07696,0.00900177
test_07697,0.99994059
test_07698,0.99924586
test_07699,0.00004745
test_07700,0.99956295
test_07701,0.00056416
test_07702,0.00165742
test_07703,0.99601918
test_07704,0.99688036
test_07705,0.00004615
test_07706,0.93854906
test_07707,0.83558423
test_07708,0.99995429
test_07709,0.98264428
test_07710,0.95953401
test_07711,0.99851853
test_07712,0.02365224
test_07713,0.00229776
test_07714,0.00006321
test_07715,0.99796705
test_07716,0.98577822
test_07717,0.04807215
test_07718,0.06799312
test_07719,0.01151754
test_07720,0.00005621
test_07721,0.00804475
test_07722,0.00090165
test_07723,0.01816039
test_07724,0.99995318
test_07725,0.98838473
test_07726,0.21172068
test_07727,0.00863896
test_07728,0.69092517
test_07729,0.99994939
test_07730,0.21918435
test_07731,0.00004636
test_07732,0.79733396
test_07733,0.99995172
test_07734,0.00005938
test_07735,0.00163768
test_07736,0.00360017
test_07737,0.99218297
test_07738,0.00025634
test_07739,0.00537247
test_07740,0.00526829
test_07741,0.00235492
test_07742,0.98092615
test_07743,0.99992994
test_07744,0.00047649
test_07745,0.58956109
test_07746,0.00160669
test_07747,0.97657167
test_07748,0.04335237
test_07749,0.99946357
test_07750,0.99995286
test_07751,0.00541455
test_07752,0.00004748
test_07753,0.65323275
test_07754,0.57519369
test_07755,0.01374369
test_07756,0.84662976
test_07757,0.00185698
test_07758,0.01535339
test_07759,0.99711120
test_07760,0.09040248
test_07761,0.98784572
test_07762,0.99126475
test_07763,0.99990147
test_07764,0.98838178
test_07765,0.03218506
test_07766,0.99995157
test_07767,0.00005874
test_07768,0.00700842
test_07769,0.00163951
test_07770,0.00486984
test_07771,0.99919899
test_07772,0.99995356
test_07773,0.99884108
test_07774,0.17149618
test_07775,0.00385584
test_07776,0.04288499
test_07777,0.99995399
test_07778,0.96733625
test_07779,0.99995400
test_07780,0.94230292
test_07781,0.03995995
test_07782,0.66473169
test_07783,0.00500680
test_07784,0.00955443
test_07785,0.01298180
test_07786,0.15613373
test_07787,0.96225830
test_07788,0.99880769
test_07789,0.96921867
test_07790,0.00192548
test_07791,0.04181614
test_07792,0.00335552
test_07793,0.00004739
test_07794,0.00053030
test_07795,0.45090913
test_07796,0.07300496
test_07797,0.01292826
test_07798,0.96956748
test_07799,0.99116548
test_07800,0.99990595
test_07801,0.00004944
test_07802,0.99828215
test_07803,0.89153827
test_07804,0.99994538
test_07805,0.00235740
test_07806,0.00006310
test_07807,0.00707550
test_07808,0.00005997
test_07809,0.00428713
test_07810,0.01582626
test_07811,0.99819802
test_07812,0.00464761
test_07813,0.99992221
test_07814,0.26339868
test_07815,0.00005026
test_07816,0.00424512
test_07817,0.95274123
test_07818,0.00005904
test_07819,0.99203507
test_07820,0.00005176
test_07821,0.99386738
test_07822,0.00175968
test_07823,0.00495544
test_07824,0.99978399
test_07825,0.96523521
test_07826,0.00184114
test_07827,0.98521685
test_07828,0.00990084
test_07829,0.99768126
test_07830,0.00477125
test_07831,0.99992227
test_07832,0.99219616
test_07833,0.97690367
test_07834,0.97134713
test_07835,0.97328601
test_07836,0.20017582
test_07837,0.00005479
test_07838,0.99995319
test_07839,0.98728867
test_07840,0.98711048
test_07841,0.00340513
test_07842,0.01191861
test_07843,0.00005294
test_07844,0.97338317
test_07845,0.99587124
test_07846,0.00263060
test_07847,0.99993657
test_07848,0.00250566
test_07849,0.99994012
test_07850,0.99995366
test_07851,0.12019684
test_07852,0.98782119
test_07853,0.01302262
test_07854,0.99994845
test_07855,0.01694848
test_07856,0.00040575
test_07857,0.00430875
test_07858,0.00011519
test_07859,0.99977437
test_07860,0.08303076
test_07861,0.00005551
test_07862,0.00004674
test_07863,0.04752557
test_07864,0.04271159
test_07865,0.99154302
test_07866,0.99487535
test_07867,0.00005016
test_07868,0.99692230
test_07869,0.99969016
test_07870,0.00013970
test_07871,0.99994693
test_07872,0.00401638
test_07873,0.00005050
test_07874,0.00006912
test_07875,0.00004680
test_07876,0.04112069
test_07877,0.01805674
test_07878,0.00999985
test_07879,0.00005195
test_07880,0.66763467
test_07881,0.93739396
test_07882,0.99755631
test_07883,0.95662972
test_07884,0.96892065
test_07885,0.99875021
test_07886,0.00733802
test_07887,0.99995440
test_07888,0.11866348
test_07889,0.99994811
test_07890,0.95574998
test_07891,0.94574829
test_07892,0.02377898
test_07893,0.99909318
test_07894,0.00007562
test_07895,0.01905451
test_07896,0.99993109
test_07897,0.00020213
test_07898,0.99995196
test_07899,0.99995364
test_07900,0.99884395
test_07901,0.99995262
test_07902,0.00004868
test_07903,0.00429064
test_07904,0.00005990
test_07905,0.02829463
test_07906,0.00219829
test_07907,0.01112980
test_07908,0.00053334
test_07909,0.97028845
test_07910,0.98794166
test_07911,0.99879685
test_07912,0.00091196
test_07913,0.00312999
test_07914,0.00428872
test_07915,0.04407474
test_07916,0.98267389
test_07917,0.04545168
test_07918,0.00707888
test_07919,0.00669535
test_07920,0.00005123
test_07921,0.99994820
test_07922,0.09168662
test_07923,0.99811044
test_07924,0.00009300
test_07925,0.00005649
test_07926,0.00794442
test_07927,0.99589968
test_07928,0.00004801
test_07929,0.02207649
test_07930,0.01190380
test_07931,0.00011286
test_07932,0.99990313
test_07933,0.99994879
test_07934,0.02564187
test_07935,0.05261408
test_07936,0.00110819
test_07937,0.12237490
test_07938,0.97905819
test_07939,0.00200445
test_07940,0.03217290
test_07941,0.07090381
test_07942,0.00181107
test_07943,0.98856878
test_07944,0.13350410
test_07945,0.00153642
test_07946,0.00591715
test_07947,0.99993838
test_07948,0.00158255
test_07949,0.99992140
test_07950,0.99945136
test_07951,0.03445416
test_07952,0.20513579
test_07953,0.00007070
test_07954,0.04459519
test_07955,0.00005004
test_07956,0.00109212
test_07957,0.00590609
test_07958,0.00455126
test_07959,0.99993975
test_07960,0.00111463
test_07961,0.99707300
test_07962,0.00004638
test_07963,0.99403196
test_07964,0.05913877
test_07965,0.00004839
test_07966,0.98352011
test_07967,0.98743691
test_07968,0.02097533
test_07969,0.00454475
test_07970,0.00188279
test_07971,0.00220701
test_07972,0.99668279
test_07973,0.00230441
test_07974,0.30338437
test_07975,0.01440517
test_07976,0.46249062
test_07977,0.00005282
test_07978,0.99967958
test_07979,0.00091033
test_07980,0.00387255
test_07981,0.10170509
test_07982,0.00052893
test_07983,0.00004961
test_07984,0.99080966
test_07985,0.99969743
test_07986,0.00578323
test_07987,0.02878335
test_07988,0.00512549
test_07989,0.00181077
test_07990,0.86406771
test_07991,0.99991560
test_07992,0.03369486
test_07993,0.99640084
test_07994,0.56457539
test_07995,0.99843332
test_07996,0.99463407
test_07997,0.99874507
test_07998,0.99322598
test_07999,0.89633696
test_08000,0.08914037
test_08001,0.00668637
test_08002,0.01087454
test_08003,0.99099145
test_08004,0.01236510
test_08005,0.99617342
test_08006,0.99753542
test_08007,0.00053965
test_08008,0.99466808
test_08009,0.00050078
test_08010,0.92752300
test_08011,0.98715581
test_08012,0.98907742
test_08013,0.00895682
test_08014,0.01171908
test_08015,0.00276940
test_08016,0.99949799
test_08017,0.00439434
test_08018,0.99994942
test_08019,0.99992146
test_08020,0.99995440
test_08021,0.63998127
test_08022,0.00526179
test_08023,0.00051310
test_08024,0.00010719
test_08025,0.32537352
test_08026,0.99994698
test_08027,0.99405571
test_08028,0.01294322
test_08029,0.99991576
test_08030,0.00771365
test_08031,0.00005411
test_08032,0.99994786
test_08033,0.00011837
test_08034,0.99993871
test_08035,0.00493842
test_08036,0.93254016
test_08037,0.00325066
test_08038,0.97843740
test_08039,0.99964246
test_08040,0.98612406
test_08041,0.98709476
test_08042,0.98153007
test_08043,0.00006859
test_08044,0.00102644
test_08045,0.13079257
test_08046,0.00222830
test_08047,0.00005311
test_08048,0.99008128
test_08049,0.99993000
test_08050,0.02865924
test_08051,0.00108826
test_08052,0.99984093
test_08053,0.13222243
test_08054,0.00426848
test_08055,0.98434351
test_08056,0.99666210
test_08057,0.00088266
test_08058,0.20240110
test_08059,0.00119504
test_08060,0.82644565
test_08061,0.64333290
test_08062,0.99990737
test_08063,0.19382876
test_08064,0.02886945
test_08065,0.99993676
test_08066,0.22579281
test_08067,0.99993403
test_08068,0.53485916
test_08069,0.36936328
test_08070,0.00581735
test_08071,0.99672874
test_08072,0.00214335
test_08073,0.98073893
test_08074,0.01397715
test_08075,0.92400394
test_08076,0.01035828
test_08077,0.00064966
test_08078,0.99693939
test_08079,0.00564875
test_08080,0.99885058
test_08081,0.00916559
test_08082,0.00004979
test_08083,0.99993118
test_08084,0.00148455
test_08085,0.01106960
test_08086,0.00223895
test_08087,0.99892603
test_08088,0.99834268
test_08089,0.03945959
test_08090,0.00583573
test_08091,0.99913070
test_08092,0.94823319
test_08093,0.00974429
test_08094,0.00147321
test_08095,0.97969139
test_08096,0.00529271
test_08097,0.99865730
test_08098,0.00004907
test_08099,0.17904839
test_08100,0.99993902
test_08101,0.00079496
test_08102,0.00008616
test_08103,0.99911485
test_08104,0.00005634
test_08105,0.99947650
test_08106,0.97841075
test_08107,0.87904285
test_08108,0.00894909
test_08109,0.99170069
test_08110,0.98919995
test_08111,0.00173129
test_08112,0.99995440
test_08113,0.03510258
test_08114,0.05686429
test_08115,0.00004735
test_08116,0.97193643
test_08117,0.00238856
test_08118,0.00013640
test_08119,0.00287789
test_08120,0.05460371
test_08121,0.00347196
test_08122,0.99911350
test_08123,0.02943059
test_08124,0.97728021
test_08125,0.98816929
test_08126,0.00045914
test_08127,0.00005731
test_08128,0.36185036
test_08129,0.00022538
test_08130,0.00514504
test_08131,0.99993957
test_08132,0.00202922
test_08133,0.03116859
test_08134,0.00313862
test_08135,0.00005122
test_08136,0.99416944
test_08137,0.00005449
test_08138,0.00366280
test_08139,0.99989743
test_08140,0.79321045
test_08141,0.99590735
test_08142,0.99993885
test_08143,0.99993191
test_08144,0.98843150
test_08145,0.00261826
test_08146,0.85894801
test_08147,0.00562244
test_08148,0.00007083
test_08149,0.00004611
test_08150,0.99916725
test_08151,0.91209917
test_08152,0.01532466
test_08153,0.24339648
test_08154,0.00005389
test_08155,0.00161628
test_08156,0.00149648
test_08157,0.00521718
test_08158,0.00130559
test_08159,0.99995258
test_08160,0.99935379
test_08161,0.99473336
test_08162,0.00004724
test_08163,0.99789662
test_08164,0.47732869
test_08165,0.00021788
test_08166,0.00020379
test_08167,0.00005294
test_08168,0.99927502
test_08169,0.93504125
test_08170,0.00006066
test_08171,0.97909417
test_08172,0.99982130
test_08173,0.00071838
test_08174,0.03172089
test_08175,0.99658984
test_08176,0.38845980
test_08177,0.99873939
test_08178,0.99789301
test_08179,0.99652750
test_08180,0.00799063
test_08181,0.00502401
test_08182,0.00723248
test_08183,0.99556001
test_08184,0.99993953
test_08185,0.99576345
test_08186,0.97781852
test_08187,0.99893520
test_08188,0.01218022
test_08189,0.01710319
test_08190,0.00006546
test_08191,0.00219384
test_08192,0.90932341
test_08193,0.99363308
test_08194,0.00579941
test_08195,0.00132258
test_08196,0.01271885
test_08197,0.99995431
test_08198,0.99910295
test_08199,0.01095648
test_08200,0.99944347
test_08201,0.00481031
test_08202,0.99596632
test_08203,0.99129626
test_08204,0.99956839
test_08205,0.93284336
test_08206,0.98883512
test_08207,0.99968327
test_08208,0.18450316
test_08209,0.00385260
test_08210,0.04158778
test_08211,0.00007467
test_08212,0.99541638
test_08213,0.99523036
test_08214,0.04091966
test_08215,0.00342034
test_08216,0.00075454
test_08217,0.97199261
test_08218,0.99805090
test_08219,0.00029998
test_08220,0.00010578
test_08221,0.00266147
test_08222,0.99773216
test_08223,0.00005167
test_08224,0.02359905
test_08225,0.03998578
test_08226,0.98225250
test_08227,0.99917032
test_08228,0.99991346
test_08229,0.02110061
test_08230,0.66738868
test_08231,0.02639995
test_08232,0.01491546
test_08233,0.00005763
test_08234,0.00004960
test_08235,0.00194754
test_08236,0.60952396
test_08237,0.98801334
test_08238,0.99834398
test_08239,0.99993893
test_08240,0.94582854
test_08241,0.99463388
test_08242,0.81910364
test_08243,0.00533751
test_08244,0.99270857
test_08245,0.20499514
test_08246,0.99585941
test_08247,0.00008009
test_08248,0.00858502
test_08249,0.99896674
test_08250,0.57580553
test_08251,0.99991434
test_08252,0.99994984
test_08253,0.05351678
test_08254,0.99534731
test_08255,0.01677309
test_08256,0.10694703
test_08257,0.00083828
test_08258,0.00457091
test_08259,0.99902385
test_08260,0.91704127
test_08261,0.99994946
test_08262,0.79159808
test_08263,0.78793134
test_08264,0.99128495
test_08265,0.92287142
test_08266,0.99545811
test_08267,0.06486033
test_08268,0.00039766
test_08269,0.99993094
test_08270,0.66895748
test_08271,0.64450195
test_08272,0.98950741
test_08273,0.66770576
test_08274,0.97107001
test_08275,0.00006718
test_08276,0.99995316
test_08277,0.00004913
test_08278,0.00054790
test_08279,0.01394504
test_08280,0.00487972
test_08281,0.99286004
test_08282,0.94730915
test_08283,0.99398218
test_08284,0.99542939
test_08285,0.99992903
test_08286,0.06017964
test_08287,0.00083564
test_08288,0.00023437
test_08289,0.00153698
test_08290,0.00054921
test_08291,0.03893184
test_08292,0.00005187
test_08293,0.99868378
test_08294,0.06214559
test_08295,0.99930005
test_08296,0.99990719
test_08297,0.99994302
test_08298,0.00125009
test_08299,0.00005454
test_08300,0.99944233
test_08301,0.92141409
test_08302,0.99991929
test_08303,0.99990983
test_08304,0.99975435
test_08305,0.00056723
test_08306,0.00005854
test_08307,0.99988061
test_08308,0.98819426
test_08309,0.07999458
test_08310,0.99746160
test_08311,0.00147317
test_08312,0.99128839
test_08313,0.99993149
test_08314,0.00115826
test_08315,0.99971334
test_08316,0.87366166
test_08317,0.63892651
test_08318,0.00468659
test_08319,0.99965940
test_08320,0.99533472
test_08321,0.99691742
test_08322,0.99337077
test_08323,0.99965249
test_08324,0.75251525
test_08325,0.99978404
test_08326,0.00093951
test_08327,0.09489883
test_08328,0.00455763
test_08329,0.99316097
test_08330,0.99921359
test_08331,0.92445158
test_08332,0.00046892
test_08333,0.00381930
test_08334,0.99991560
test_08335,0.42644414
test_08336,0.60194854
test_08337,0.99987611
test_08338,0.99962976
test_08339,0.01759320
test_08340,0.00005146
test_08341,0.99814533
test_08342,0.00165205
test_08343,0.24666154
test_08344,0.99271465
test_08345,0.99897055
test_08346,0.00120201
test_08347,0.05121623
test_08348,0.99995424
test_08349,0.00122340
test_08350,0.99994447
test_08351,0.99719786
test_08352,0.00061389
test_08353,0.98418097
test_08354,0.00806917
test_08355,0.99897431
test_08356,0.04678517
test_08357,0.08098967
test_08358,0.99963667
test_08359,0.99992993
test_08360,0.99984500
test_08361,0.99739853
test_08362,0.00004863
test_08363,0.99929171
test_08364,0.06585018
test_08365,0.05514717
test_08366,0.97527175
test_08367,0.99386633
test_08368,0.99266320
test_08369,0.00587901
test_08370,0.99907824
test_08371,0.00047106
test_08372,0.00200841
test_08373,0.99993879
test_08374,0.99971574
test_08375,0.00008389
test_08376,0.99802470
test_08377,0.98502743
test_08378,0.99573617
test_08379,0.98313060
test_08380,0.99963898
test_08381,0.99793713
test_08382,0.98910944
test_08383,0.00246460
test_08384,0.00092452
test_08385,0.00070920
test_08386,0.00005674
test_08387,0.01639790
test_08388,0.00587213
test_08389,0.99895813
test_08390,0.14831084
test_08391,0.00158823
test_08392,0.99994024
test_08393,0.99995155
test_08394,0.00359421
test_08395,0.00056318
test_08396,0.00560227
test_08397,0.00007007
test_08398,0.99246847
test_08399,0.00249137
test_08400,0.00103952
test_08401,0.15671899
test_08402,0.09579428
test_08403,0.13561979
test_08404,0.99985769
test_08405,0.00360538
test_08406,0.00006101
test_08407,0.89914035
test_08408,0.01723519
test_08409,0.00014028
test_08410,0.98627595
test_08411,0.91317201
test_08412,0.99995428
test_08413,0.00330354
test_08414,0.05205268
test_08415,0.00024843
test_08416,0.99992892
test_08417,0.99994929
test_08418,0.99814434
test_08419,0.00396888
test_08420,0.18134713
test_08421,0.00064972
test_08422,0.88475680
test_08423,0.99995034
test_08424,0.00008979
test_08425,0.05797416
test_08426,0.00005200
test_08427,0.99806956
test_08428,0.99995276
test_08429,0.00018751
test_08430,0.99774685
test_08431,0.00491165
test_08432,0.60276873
test_08433,0.31233956
test_08434,0.88745167
test_08435,0.00007311
test_08436,0.99125177
test_08437,0.00417745
test_08438,0.99465881
test_08439,0.00013802
test_08440,0.99815423
test_08441,0.55174300
test_08442,0.00342511
test_08443,0.00010140
test_08444,0.00005313
test_08445,0.99721157
test_08446,0.00062225
test_08447,0.00004812
test_08448,0.06812134
test_08449,0.95949924
test_08450,0.00599612
test_08451,0.00005661
test_08452,0.46573878
test_08453,0.00010881
test_08454,0.00582059
test_08455,0.29934695
test_08456,0.99991010
test_08457,0.99966199
test_08458,0.00006779
test_08459,0.99809516
test_08460,0.99995352
test_08461,0.00036161
test_08462,0.00004618
test_08463,0.99992376
test_08464,0.02811527
test_08465,0.99995419
test_08466,0.07256047
test_08467,0.00022603
test_08468,0.97454596
test_08469,0.00062980
test_08470,0.00074748
test_08471,0.01027905
test_08472,0.99864856
test_08473,0.00005102
test_08474,0.99745795
test_08475,0.00167362
test_08476,0.64345626
test_08477,0.99940664
test_08478,0.99834855
test_08479,0.00038491
test_08480,0.01993668
test_08481,0.00070052
test_08482,0.99936210
test_08483,0.00004857
test_08484,0.86590991
test_08485,0.08133730
test_08486,0.01301515
test_08487,0.01152261
test_08488,0.05159119
test_08489,0.00516967
test_08490,0.98771434
test_08491,0.99989543
test_08492,0.96417442
test_08493,0.93926590
test_08494,0.01724051
test_08495,0.00009733
test_08496,0.00005915
test_08497,0.99778319
test_08498,0.00048966
test_08499,0.39424316
test_08500,0.99431510
test_08501,0.00004684
test_08502,0.99995328
test_08503,0.04017743
test_08504,0.99905522
test_08505,0.02309571
test_08506,0.31724609
test_08507,0.02898033
test_08508,0.99813819
test_08509,0.99808235
test_08510,0.99995129
test_08511,0.96873041
test_08512,0.99258640
test_08513,0.99859861
test_08514,0.00008227
test_08515,0.99992791
test_08516,0.99995013
test_08517,0.99192589
test_08518,0.95243290
test_08519,0.99994907
test_08520,0.43864096
test_08521,0.00089965
test_08522,0.00404710
test_08523,0.00004966
test_08524,0.00008938
test_08525,0.99995394
test_08526,0.00010698
test_08527,0.00073379
test_08528,0.11821266
test_08529,0.86893295
test_08530,0.01531384
test_08531,0.91320816
test_08532,0.96550624
test_08533,0.01199015
test_08534,0.05099180
test_08535,0.99597425
test_08536,0.00010797
test_08537,0.99798317
test_08538,0.99107724
test_08539,0.99876004
test_08540,0.99991663
test_08541,0.04383763
test_08542,0.98990434
test_08543,0.03018070
test_08544,0.94454121
test_08545,0.87432556
test_08546,0.95191590
test_08547,0.99994971
test_08548,0.00702736
test_08549,0.14596938
test_08550,0.28096070
test_08551,0.91868365
test_08552,0.92982501
test_08553,0.99752502
test_08554,0.00441738
test_08555,0.99311840
test_08556,0.00212870
test_08557,0.09469844
test_08558,0.00007867
test_08559,0.94231986
test_08560,0.04180164
test_08561,0.98917327
test_08562,0.77798931
test_08563,0.00839387
test_08564,0.00005451
test_08565,0.99994762
test_08566,0.99986534
test_08567,0.00102750
test_08568,0.98939527
test_08569,0.00078669
test_08570,0.04676573
test_08571,0.02293989
test_08572,0.99993021
test_08573,0.99826289
test_08574,0.00512165
test_08575,0.78908644
test_08576,0.02031473
test_08577,0.99933927
test_08578,0.16619647
test_08579,0.99574524
test_08580,0.99503615
test_08581,0.99993751
test_08582,0.07089482
test_08583,0.00062983
test_08584,0.02083665
test_08585,0.00084354
test_08586,0.98318862
test_08587,0.00233406
test_08588,0.98849891
test_08589,0.59246339
test_08590,0.23379277
test_08591,0.00628298
test_08592,0.99918648
test_08593,0.02075908
test_08594,0.00128228
test_08595,0.99730363
test_08596,0.99927989
test_08597,0.99797290
test_08598,0.13184295
test_08599,0.10916650
test_08600,0.99952522
test_08601,0.99589440
test_08602,0.98659861
test_08603,0.99622050
test_08604,0.99993879
test_08605,0.13300809
test_08606,0.99983620
test_08607,0.94736990
test_08608,0.96564799
test_08609,0.00316053
test_08610,0.99724880
test_08611,0.00006070
test_08612,0.99994450
test_08613,0.14182008
test_08614,0.99871529
test_08615,0.04205568
test_08616,0.99993967
test_08617,0.00881005
test_08618,0.00609280
test_08619,0.94445107
test_08620,0.99587461
test_08621,0.97689646
test_08622,0.99585460
test_08623,0.00055392
test_08624,0.21534315
test_08625,0.99414098
test_08626,0.00433242
test_08627,0.03223387
test_08628,0.99547456
test_08629,0.03008684
test_08630,0.99949136
test_08631,0.04862417
test_08632,0.00553858
test_08633,0.99098930
test_08634,0.90640258
test_08635,0.04053010
test_08636,0.00573452
test_08637,0.95441606
test_08638,0.98182885
test_08639,0.00027057
test_08640,0.03216973
test_08641,0.00010624
test_08642,0.99931020
test_08643,0.04035451
test_08644,0.99856832
test_08645,0.40576054
test_08646,0.00007626
test_08647,0.00080974
test_08648,0.02120833
test_08649,0.99870667
test_08650,0.99849454
test_08651,0.84942612
test_08652,0.96448616
test_08653,0.99723866
test_08654,0.00007802
test_08655,0.99718268
test_08656,0.10961031
test_08657,0.80507546
test_08658,0.98293054
test_08659,0.00004709
test_08660,0.16268355
test_08661,0.01407962
test_08662,0.03896089
test_08663,0.00016872
test_08664,0.00137762
test_08665,0.01088378
test_08666,0.99995234
test_08667,0.99995141
test_08668,0.97641212
test_08669,0.68468409
test_08670,0.95390392
test_08671,0.99319760
test_08672,0.99889027
test_08673,0.99994969
test_08674,0.99995447
test_08675,0.00004625
test_08676,0.97018514
test_08677,0.99277000
test_08678,0.99863651
test_08679,0.99994693
test_08680,0.99995081
test_08681,0.06938468
test_08682,0.00579290
test_08683,0.76009204
test_08684,0.08327265
test_08685,0.99995112
test_08686,0.98674942
test_08687,0.01664018
test_08688,0.88831049
test_08689,0.99936624
test_08690,0.01176302
test_08691,0.96914443
test_08692,0.99995047
test_08693,0.00039445
test_08694,0.01133378
test_08695,0.97886928
test_08696,0.00245823
test_08697,0.00321991
test_08698,0.87457815
test_08699,0.94254703
test_08700,0.99700407
test_08701,0.99593191
test_08702,0.00013138
test_08703,0.01506088
test_08704,0.00004557
test_08705,0.02124192
test_08706,0.00134335
test_08707,0.84770531
test_08708,0.99078297
test_08709,0.99616710
test_08710,0.00008883
test_08711,0.99743138
test_08712,0.00138943
test_08713,0.99511185
test_08714,0.54173248
test_08715,0.00273963
test_08716,0.99868592
test_08717,0.30628851
test_08718,0.00007561
test_08719,0.99692682
test_08720,0.99995226
test_08721,0.95281988
test_08722,0.99128527
test_08723,0.99992778
test_08724,0.00004733
test_08725,0.99958267
test_08726,0.99758290
test_08727,0.00007216
test_08728,0.00275159
test_08729,0.98677073
test_08730,0.27143982
test_08731,0.99056363
test_08732,0.32535527
test_08733,0.00039225
test_08734,0.99240186
test_08735,0.00004682
test_08736,0.99277960
test_08737,0.00004845
test_08738,0.05804572
test_08739,0.00356949
test_08740,0.00060443
test_08741,0.77957044
test_08742,0.98655868
test_08743,0.00117256
test_08744,0.75577538
test_08745,0.90690780
test_08746,0.33780657
test_08747,0.99961643
test_08748,0.04863189
test_08749,0.21050540
test_08750,0.99772214
test_08751,0.01853912
test_08752,0.58611802
test_08753,0.98840548
test_08754,0.00005671
test_08755,0.99972998
test_08756,0.99499600
test_08757,0.99994565
test_08758,0.00535942
test_08759,0.00084501
test_08760,0.00004561
test_08761,0.08896278
test_08762,0.99101541
test_08763,0.57003539
test_08764,0.91065257
test_08765,0.00306239
test_08766,0.99992152
test_08767,0.00281978
test_08768,0.99410996
test_08769,0.12245046
test_08770,0.98460102
test_08771,0.06851390
test_08772,0.01113137
test_08773,0.05788058
test_08774,0.25067916
test_08775,0.98344011
test_08776,0.97138193
test_08777,0.10957605
test_08778,0.99009047
test_08779,0.84995982
test_08780,0.01049546
test_08781,0.98111438
test_08782,0.01873112
test_08783,0.98968192
test_08784,0.99411109
test_08785,0.04070566
test_08786,0.03268362
test_08787,0.00677650
test_08788,0.40016861
test_08789,0.98199041
test_08790,0.00007863
test_08791,0.00049756
test_08792,0.00004603
test_08793,0.11280285
test_08794,0.00004640
test_08795,0.99992547
test_08796,0.99993995
test_08797,0.99185105
test_08798,0.98597026
test_08799,0.99994788
test_08800,0.99994994
test_08801,0.99799209
test_08802,0.98359847
test_08803,0.98690541
test_08804,0.00054958
test_08805,0.99994368
test_08806,0.99991799
test_08807,0.06956699
test_08808,0.99980965
test_08809,0.94903839
test_08810,0.00239312
test_08811,0.99994228
test_08812,0.00045997
test_08813,0.98037250
test_08814,0.00004915
test_08815,0.00004634
test_08816,0.00627728
test_08817,0.99886418
test_08818,0.16422841
test_08819,0.99907870
test_08820,0.99399193
test_08821,0.00258325
test_08822,0.99989343
test_08823,0.08983184
test_08824,0.00006840
test_08825,0.95645757
test_08826,0.00521575
test_08827,0.96313509
test_08828,0.99900359
test_08829,0.00028965
test_08830,0.99994409
test_08831,0.01970528
test_08832,0.00438843
test_08833,0.99866858
test_08834,0.98749028
test_08835,0.99702756
test_08836,0.35420611
test_08837,0.95712953
test_08838,0.99021359
test_08839,0.99993891
test_08840,0.24547140
test_08841,0.98977726
test_08842,0.00022548
test_08843,0.99964211
test_08844,0.00010641
test_08845,0.00005624
test_08846,0.99950796
test_08847,0.86203037
test_08848,0.00799733
test_08849,0.01524332
test_08850,0.96319596
test_08851,0.00055095
test_08852,0.02867599
test_08853,0.98017208
test_08854,0.94398446
test_08855,0.55621335
test_08856,0.99439202
test_08857,0.96522360
test_08858,0.98074946
test_08859,0.00133778
test_08860,0.98910459
test_08861,0.99994683
test_08862,0.00009135
test_08863,0.00010669
test_08864,0.49930695
test_08865,0.29960110
test_08866,0.99747291
test_08867,0.95150198
test_08868,0.00555466
test_08869,0.92229364
test_08870,0.99995390
test_08871,0.99995420
test_08872,0.00454679
test_08873,0.99883416
test_08874,0.00006273
test_08875,0.99604018
test_08876,0.99935295
test_08877,0.06924922
test_08878,0.99716750
test_08879,0.99759427
test_08880,0.99558071
test_08881,0.99995145
test_08882,0.22813711
test_08883,0.00672688
test_08884,0.99909836
test_08885,0.06058664
test_08886,0.03786442
test_08887,0.01004403
test_08888,0.00141608
test_08889,0.99995065
test_08890,0.01303821
test_08891,0.16521025
test_08892,0.89739385
test_08893,0.16031548
test_08894,0.99993537
test_08895,0.00006483
test_08896,0.98822930
test_08897,0.03682694
test_08898,0.99113674
test_08899,0.00040269
test_08900,0.99928062
test_08901,0.99994563
test_08902,0.99888224
test_08903,0.77637148
test_08904,0.99614133
test_08905,0.99972638
test_08906,0.99926459
test_08907,0.99066533
test_08908,0.99963880
test_08909,0.03228218
test_08910,0.01743130
test_08911,0.99994673
test_08912,0.00006419
test_08913,0.16995695
test_08914,0.00062260
test_08915,0.71309539
test_08916,0.98974494
test_08917,0.99995196
test_08918,0.99994560
test_08919,0.97404652
test_08920,0.00662509
test_08921,0.59029067
test_08922,0.00008338
test_08923,0.98558114
test_08924,0.99995150
test_08925,0.99995114
test_08926,0.31079005
test_08927,0.00005253
test_08928,0.00008302
test_08929,0.99994314
test_08930,0.98372836
test_08931,0.00388429
test_08932,0.04403222
test_08933,0.07486898
test_08934,0.96689046
test_08935,0.99993178
test_08936,0.99901002
test_08937,0.99442161
test_08938,0.99674641
test_08939,0.00516107
test_08940,0.00028542
test_08941,0.02408439
test_08942,0.57349828
test_08943,0.99590380
test_08944,0.99097816
test_08945,0.99981831
test_08946,0.01669372
test_08947,0.99857750
test_08948,0.99820256
test_08949,0.00116489
test_08950,0.00035587
test_08951,0.99994603
test_08952,0.99079645
test_08953,0.99823778
test_08954,0.99991330
test_08955,0.99346222
test_08956,0.98718740
test_08957,0.00958234
test_08958,0.00009775
test_08959,0.00513680
test_08960,0.99260323
test_08961,0.00010297
test_08962,0.01106292
test_08963,0.00300100
test_08964,0.00007841
test_08965,0.00006111
test_08966,0.99897026
test_08967,0.00005025
test_08968,0.99962894
test_08969,0.00089475
test_08970,0.99995014
test_08971,0.00024555
test_08972,0.00105553
test_08973,0.99970928
test_08974,0.34599509
test_08975,0.18063579
test_08976,0.00012141
test_08977,0.99988652
test_08978,0.11897589
test_08979,0.99739940
test_08980,0.99082700
test_08981,0.99789783
test_08982,0.99163098
test_08983,0.99994043
test_08984,0.00006490
test_08985,0.00005595
test_08986,0.99828668
test_08987,0.00458665
test_08988,0.00413817
test_08989,0.97364746
test_08990,0.00006296
test_08991,0.00004585
test_08992,0.00028726
test_08993,0.51268710
test_08994,0.99979536
test_08995,0.00200075
test_08996,0.99995041
test_08997,0.99858550
test_08998,0.99995423
test_08999,0.99981389
test_09000,0.99995249
test_09001,0.99683742
test_09002,0.01829033
test_09003,0.69498564
test_09004,0.00037241
test_09005,0.98717876
test_09006,0.99995083
test_09007,0.95375914
test_09008,0.03163532
test_09009,0.60814746
test_09010,0.99610021
test_09011,0.00004678
test_09012,0.99994962
test_09013,0.99975899
test_09014,0.04653408
test_09015,0.98777428
test_09016,0.99485850
test_09017,0.99372349
test_09018,0.99994538
test_09019,0.99423349
test_09020,0.00054670
test_09021,0.97997405
test_09022,0.99995412
test_09023,0.00007930
test_09024,0.98793780
test_09025,0.99991485
test_09026,0.99993063
test_09027,0.61912789
test_09028,0.41304374
test_09029,0.00004698
test_09030,0.99994433
test_09031,0.00074116
test_09032,0.99993624
test_09033,0.99146029
test_09034,0.00738768
test_09035,0.00165050
test_09036,0.00004596
test_09037,0.00004619
test_09038,0.00010898
test_09039,0.00301482
test_09040,0.68681667
test_09041,0.05860707
test_09042,0.99993024
test_09043,0.00062803
test_09044,0.46289664
test_09045,0.00005424
test_09046,0.95128237
test_09047,0.98660170
test_09048,0.00557480
test_09049,0.99592872
test_09050,0.00094790
test_09051,0.96611812
test_09052,0.99995282
test_09053,0.85177553
test_09054,0.96317859
test_09055,0.01949238
test_09056,0.00058830
test_09057,0.00006992
test_09058,0.97993248
test_09059,0.41740820
test_09060,0.98100214
test_09061,0.05626021
test_09062,0.99421345
test_09063,0.99493716
test_09064,0.08955230
test_09065,0.99927458
test_09066,0.13057446
test_09067,0.99994039
test_09068,0.00061855
test_09069,0.03489337
test_09070,0.00005067
test_09071,0.94793580
test_09072,0.99994059
test_09073,0.99313848
test_09074,0.95207530
test_09075,0.97350676
test_09076,0.00006757
test_09077,0.99994445
test_09078,0.99954307
test_09079,0.99711626
test_09080,0.92817683
test_09081,0.99579982
test_09082,0.05720391
test_09083,0.99986317
test_09084,0.00069320
test_09085,0.85629277
test_09086,0.89403265
test_09087,0.00040651
test_09088,0.00240919
test_09089,0.99949144
test_09090,0.87134980
test_09091,0.00005035
test_09092,0.00005921
test_09093,0.45310200
test_09094,0.99945721
test_09095,0.99990479
test_09096,0.00009042
test_09097,0.02496126
test_09098,0.99934038
test_09099,0.06598182
test_09100,0.99947385
test_09101,0.99659798
test_09102,0.00005500
test_09103,0.03839991
test_09104,0.99969057
test_09105,0.00005867
test_09106,0.92119988
test_09107,0.07456004
test_09108,0.80424154
test_09109,0.00195994
test_09110,0.99992951
test_09111,0.99974895
test_09112,0.99603803
test_09113,0.99994469
test_09114,0.00061051
test_09115,0.00006226
test_09116,0.99995095
test_09117,0.00013175
test_09118,0.99994099
test_09119,0.04796114
test_09120,0.99884919
test_09121,0.99925516
test_09122,0.99994211
test_09123,0.03145737
test_09124,0.99111109
test_09125,0.99990165
test_09126,0.03190732
test_09127,0.99772702
test_09128,0.00043369
test_09129,0.03157719
test_09130,0.00004600
test_09131,0.16366165
test_09132,0.08727119
test_09133,0.01113891
test_09134,0.05492633
test_09135,0.99993877
test_09136,0.99994063
test_09137,0.99732537
test_09138,0.99125555
test_09139,0.00006761
test_09140,0.99994157
test_09141,0.53003182
test_09142,0.00069775
test_09143,0.00010128
test_09144,0.99636795
test_09145,0.99992090
test_09146,0.04901885
test_09147,0.99992053
test_09148,0.00005078
test_09149,0.99045513
test_09150,0.00110025
test_09151,0.00562966
test_09152,0.00068480
test_09153,0.91040108
test_09154,0.99888428
test_09155,0.00006880
test_09156,0.20459823
test_09157,0.00004556
test_09158,0.64856651
test_09159,0.00007899
test_09160,0.99840352
test_09161,0.99132109
test_09162,0.01234271
test_09163,0.99990139
test_09164,0.00007545
test_09165,0.00270560
test_09166,0.96014917
test_09167,0.01740859
test_09168,0.99995437
test_09169,0.99943782
test_09170,0.98690509
test_09171,0.12498882
test_09172,0.90844167
test_09173,0.99629889
test_09174,0.01521537
test_09175,0.00256254
test_09176,0.02618172
test_09177,0.16978864
test_09178,0.99191050
test_09179,0.00008159
test_09180,0.00190836
test_09181,0.00615362
test_09182,0.99940746
test_09183,0.00234867
test_09184,0.00788236
test_09185,0.47943579
test_09186,0.02643372
test_09187,0.99701169
test_09188,0.00013993
test_09189,0.04006660
test_09190,0.99220119
test_09191,0.76965159
test_09192,0.02396598
test_09193,0.99897384
test_09194,0.12998140
test_09195,0.99827575
test_09196,0.99992003
test_09197,0.05895356
test_09198,0.00006061
test_09199,0.99967531
test_09200,0.05321420
test_09201,0.00795641
test_09202,0.00018071
test_09203,0.99993484
test_09204,0.99994516
test_09205,0.97388480
test_09206,0.87414977
test_09207,0.00332575
test_09208,0.14093028
test_09209,0.05179809
test_09210,0.08696485
test_09211,0.99979965
test_09212,0.00005638
test_09213,0.99657156
test_09214,0.98922206
test_09215,0.00696727
test_09216,0.00201952
test_09217,0.96207452
test_09218,0.99737580
test_09219,0.99965265
test_09220,0.98007020
test_09221,0.96514932
test_09222,0.04858647
test_09223,0.17715794
test_09224,0.99661598
test_09225,0.99885128
test_09226,0.99963970
test_09227,0.00006573
test_09228,0.02375569
test_09229,0.06041686
test_09230,0.97957398
test_09231,0.97250479
test_09232,0.00006158
test_09233,0.00214272
test_09234,0.99488802
test_09235,0.00093799
test_09236,0.00005261
test_09237,0.99768409
test_09238,0.99994748
test_09239,0.38631057
test_09240,0.00004872
test_09241,0.14483175
test_09242,0.99142746
test_09243,0.01500711
test_09244,0.03038296
test_09245,0.99978740
test_09246,0.99992403
test_09247,0.00043390
test_09248,0.99994787
test_09249,0.99953920
test_09250,0.00007550
test_09251,0.01421750
test_09252,0.00013249
test_09253,0.99993915
test_09254,0.99101570
test_09255,0.99679013
test_09256,0.99993856
test_09257,0.01826790
test_09258,0.23084645
test_09259,0.99992768
test_09260,0.00005519
test_09261,0.00004896
test_09262,0.99727586
test_09263,0.00723208
test_09264,0.07258735
test_09265,0.32624313
test_09266,0.99957244
test_09267,0.99774782
test_09268,0.98309392
test_09269,0.01320499
test_09270,0.00006671
test_09271,0.84915406
test_09272,0.99552162
test_09273,0.96437206
test_09274,0.00199901
test_09275,0.00084123
test_09276,0.01209535
test_09277,0.99013121
test_09278,0.00015650
test_09279,0.00048779
test_09280,0.00422965
test_09281,0.00421399
test_09282,0.00005506
test_09283,0.00007052
test_09284,0.99994565
test_09285,0.34252656
test_09286,0.00009556
test_09287,0.99950385
test_09288,0.00791818
test_09289,0.99514529
test_09290,0.00577517
test_09291,0.99995198
test_09292,0.98929120
test_09293,0.00129817
test_09294,0.00522109
test_09295,0.00342725
test_09296,0.00004862
test_09297,0.47869977
test_09298,0.12586023
test_09299,0.01730309
test_09300,0.00005272
test_09301,0.00006893
test_09302,0.02197574
test_09303,0.98256864
test_09304,0.45586350
test_09305,0.99956117
test_09306,0.01407686
test_09307,0.04092293
test_09308,0.00005142
test_09309,0.98510277
test_09310,0.98675053
test_09311,0.06028688
test_09312,0.99994842
test_09313,0.02066153
test_09314,0.00004586
test_09315,0.11401615
test_09316,0.99967241
test_09317,0.99994337
test_09318,0.99990799
test_09319,0.95582863
test_09320,0.99954220
test_09321,0.99571347
test_09322,0.99995106
test_09323,0.99433214
test_09324,0.90330893
test_09325,0.99994883
test_09326,0.06638681
test_09327,0.10640430
test_09328,0.49801354
test_09329,0.00949686
test_09330,0.00609167
test_09331,0.99790959
test_09332,0.00040788
test_09333,0.84947421
test_09334,0.99994912
test_09335,0.05255695
test_09336,0.00005208
test_09337,0.99737271
test_09338,0.01068970
test_09339,0.00158484
test_09340,0.94861729
test_09341,0.00074313
test_09342,0.66375084
test_09343,0.00010413
test_09344,0.98353667
test_09345,0.97119778
test_09346,0.97972181
test_09347,0.00004918
test_09348,0.22031998
test_09349,0.00508042
test_09350,0.99380209
test_09351,0.99992670
test_09352,0.00143847
test_09353,0.01164103
test_09354,0.99992891
test_09355,0.99982203
test_09356,0.94457383
test_09357,0.99871785
test_09358,0.00575996
test_09359,0.00005605
test_09360,0.01423127
test_09361,0.00433542
test_09362,0.02674043
test_09363,0.99992120
test_09364,0.00315704
test_09365,0.00084550
test_09366,0.91848261
test_09367,0.82627630
test_09368,0.43983431
test_09369,0.00342479
test_09370,0.08819770
test_09371,0.00004731
test_09372,0.99691947
test_09373,0.00004668
test_09374,0.99901634
test_09375,0.00044613
test_09376,0.00885667
test_09377,0.87406138
test_09378,0.99402761
test_09379,0.99993759
test_09380,0.00011988
test_09381,0.99849788
test_09382,0.99995237
test_09383,0.74823561
test_09384,0.01291893
test_09385,0.99995183
test_09386,0.99984503
test_09387,0.98287803
test_09388,0.93687280
test_09389,0.24849937
test_09390,0.99588213
test_09391,0.00007570
test_09392,0.00005440
test_09393,0.41893432
test_09394,0.93110897
test_09395,0.99621101
test_09396,0.97903880
test_09397,0.00780625
test_09398,0.97627165
test_09399,0.00190449
test_09400,0.83281357
test_09401,0.99575264
test_09402,0.99993889
test_09403,0.00247457
test_09404,0.99995254
test_09405,0.00599832
test_09406,0.99994876
test_09407,0.99336458
test_09408,0.09472700
test_09409,0.01159295
test_09410,0.99994442
test_09411,0.99994282
test_09412,0.99995449
test_09413,0.98181872
test_09414,0.00006053
test_09415,0.99985806
test_09416,0.98914992
test_09417,0.00018265
test_09418,0.99677282
test_09419,0.00005148
test_09420,0.92508318
test_09421,0.00005580
test_09422,0.00031738
test_09423,0.00034883
test_09424,0.99994838
test_09425,0.00006085
test_09426,0.99554986
test_09427,0.00007174
test_09428,0.00626596
test_09429,0.90617321
test_09430,0.99961118
test_09431,0.98531945
test_09432,0.00070111
test_09433,0.87151424
test_09434,0.99995435
test_09435,0.99668834
test_09436,0.02156215
test_09437,0.00730462
test_09438,0.99853106
test_09439,0.00209594
test_09440,0.98665965
test_09441,0.00406640
test_09442,0.00004709
test_09443,0.82432770
test_09444,0.99043335
test_09445,0.00410344
test_09446,0.06968266
test_09447,0.24141895
test_09448,0.93934067
test_09449,0.99764891
test_09450,0.99971235
test_09451,0.00474169
test_09452,0.99994203
test_09453,0.99919239
test_09454,0.63175922
test_09455,0.91928478
test_09456,0.99991044
test_09457,0.00053099
test_09458,0.00049057
test_09459,0.96819716
test_09460,0.99995243
test_09461,0.99994758
test_09462,0.00004613
test_09463,0.00130388
test_09464,0.00511346
test_09465,0.99202596
test_09466,0.00005138
test_09467,0.81155058
test_09468,0.00278003
test_09469,0.03919144
test_09470,0.99951455
test_09471,0.21227421
test_09472,0.99994207
test_09473,0.00269097
test_09474,0.00644152
test_09475,0.99929053
test_09476,0.99117113
test_09477,0.91461155
test_09478,0.02321074
test_09479,0.99927866
test_09480,0.00745246
test_09481,0.00005211
test_09482,0.00322760
test_09483,0.99022716
test_09484,0.43081622
test_09485,0.13153329
test_09486,0.98952169
test_09487,0.99284735
test_09488,0.00237267
test_09489,0.88941227
test_09490,0.00034097
test_09491,0.36450123
test_09492,0.99013434
test_09493,0.22075370
test_09494,0.02739321
test_09495,0.00028118
test_09496,0.00245578
test_09497,0.00047268
test_09498,0.99889279
test_09499,0.00396698
test_09500,0.96407206
test_09501,0.88707021
test_09502,0.05280443
test_09503,0.99751282
test_09504,0.14180550
test_09505,0.99994974
test_09506,0.93794959
test_09507,0.99993511
test_09508,0.99969650
test_09509,0.00005080
test_09510,0.02915368
test_09511,0.00031730
test_09512,0.00004626
test_09513,0.58478036
test_09514,0.99994962
test_09515,0.02696548
test_09516,0.99046048
test_09517,0.99002836
test_09518,0.00004743
test_09519,0.99989245
test_09520,0.02400002
test_09521,0.99769627
test_09522,0.89504255
test_09523,0.00005112
test_09524,0.99831968
test_09525,0.99853544
test_09526,0.99993322
test_09527,0.00086638
test_09528,0.00025447
test_09529,0.94109220
test_09530,0.01444930
test_09531,0.00005568
test_09532,0.00252809
test_09533,0.99987670
test_09534,0.99986598
test_09535,0.00639148
test_09536,0.00217462
test_09537,0.98900655
test_09538,0.00061238
test_09539,0.99058133
test_09540,0.00004993
test_09541,0.00143184
test_09542,0.00057239
test_09543,0.99884530
test_09544,0.99654201
test_09545,0.99989327
test_09546,0.00008110
test_09547,0.00010391
test_09548,0.01032741
test_09549,0.98723034
test_09550,0.00006731
test_09551,0.00152243
test_09552,0.99917334
test_09553,0.07631256
test_09554,0.00004784
test_09555,0.07131274
test_09556,0.66447932
test_09557,0.03057829
test_09558,0.00811650
test_09559,0.98598003
test_09560,0.75511952
test_09561,0.48252374
test_09562,0.99896650
test_09563,0.01607337
test_09564,0.99947781
test_09565,0.99654769
test_09566,0.00109487
test_09567,0.99404190
test_09568,0.99995439
test_09569,0.00005804
test_09570,0.00005074
test_09571,0.02711131
test_09572,0.00007442
test_09573,0.99815453
test_09574,0.98339694
test_09575,0.09884005
test_09576,0.02127712
test_09577,0.00004860
test_09578,0.00393696
test_09579,0.99994056
test_09580,0.07360480
test_09581,0.99891773
test_09582,0.99901207
test_09583,0.00156498
test_09584,0.99955631
test_09585,0.96342139
test_09586,0.86224212
test_09587,0.00652474
test_09588,0.99949312
test_09589,0.97268981
test_09590,0.99963101
test_09591,0.99992932
test_09592,0.97998318
test_09593,0.00018597
test_09594,0.99995423
test_09595,0.98420318
test_09596,0.99894115
test_09597,0.99398685
test_09598,0.98228118
test_09599,0.00004640
test_09600,0.01024182
test_09601,0.89935523
test_09602,0.00247688
test_09603,0.00010667
test_09604,0.00004661
test_09605,0.99839862
test_09606,0.82043618
test_09607,0.00224044
test_09608,0.00076161
test_09609,0.97243423
test_09610,0.99992930
test_09611,0.37392106
test_09612,0.99096948
test_09613,0.00075118
test_09614,0.00079635
test_09615,0.00144775
test_09616,0.00293918
test_09617,0.99568382
test_09618,0.00270900
test_09619,0.87172707
test_09620,0.99232567
test_09621,0.98790221
test_09622,0.00005493
test_09623,0.99505478
test_09624,0.00005954
test_09625,0.99994417
test_09626,0.99828823
test_09627,0.01500616
test_09628,0.00007942
test_09629,0.98617631
test_09630,0.98958611
test_09631,0.00005038
test_09632,0.00415532
test_09633,0.95446195
test_09634,0.99262165
test_09635,0.60219859
test_09636,0.00010800
test_09637,0.21334760
test_09638,0.00004821
test_09639,0.99994397
test_09640,0.02241608
test_09641,0.04814402
test_09642,0.98806590
test_09643,0.97947307
test_09644,0.00004897
test_09645,0.00008801
test_09646,0.00434355
test_09647,0.04807804
test_09648,0.99716387
test_09649,0.00286734
test_09650,0.00437507
test_09651,0.01951496
test_09652,0.72372558
test_09653,0.99694314
test_09654,0.00004799
test_09655,0.99881143
test_09656,0.99854546
test_09657,0.00020889
test_09658,0.00005182
test_09659,0.99940708
test_09660,0.99995444
test_09661,0.97453645
test_09662,0.00423523
test_09663,0.99379304
test_09664,0.99994661
test_09665,0.03631326
test_09666,0.90580787
test_09667,0.00074676
test_09668,0.00077248
test_09669,0.98570999
test_09670,0.00005766
test_09671,0.00009916
test_09672,0.96593578
test_09673,0.00708942
test_09674,0.13153690
test_09675,0.00344857
test_09676,0.99800683
test_09677,0.01724573
test_09678,0.96608698
test_09679,0.07175680
test_09680,0.99331156
test_09681,0.96302134
test_09682,0.01999151
test_09683,0.01189928
test_09684,0.96673984
test_09685,0.05216863
test_09686,0.07571617
test_09687,0.00242118
test_09688,0.09572832
test_09689,0.04713228
test_09690,0.99951821
test_09691,0.99810400
test_09692,0.96753967
test_09693,0.01797023
test_09694,0.99024445
test_09695,0.00505159
test_09696,0.00005553
test_09697,0.99553663
test_09698,0.99035889
test_09699,0.00422512
test_09700,0.63165764
test_09701,0.01461089
test_09702,0.99772901
test_09703,0.99105017
test_09704,0.98815650
test_09705,0.99378412
test_09706,0.62902890
test_09707,0.99889099
test_09708,0.96545932
test_09709,0.00054293
test_09710,0.00021186
test_09711,0.03380651
test_09712,0.03131178
test_09713,0.97661114
test_09714,0.96684797
test_09715,0.05302443
test_09716,0.85279266
test_09717,0.99785357
test_09718,0.99662578
test_09719,0.01944092
test_09720,0.02707680
test_09721,0.00140501
test_09722,0.00093825
test_09723,0.86945930
test_09724,0.08399808
test_09725,0.99819186
test_09726,0.27912912
test_09727,0.99295143
test_09728,0.00007407
test_09729,0.00450573
test_09730,0.99182332
test_09731,0.00048100
test_09732,0.83660546
test_09733,0.00478314
test_09734,0.00004845
test_09735,0.00047062
test_09736,0.00022723
test_09737,0.99982905
test_09738,0.07808049
test_09739,0.00091264
test_09740,0.01453724
test_09741,0.02419353
test_09742,0.00005340
test_09743,0.99995279
test_09744,0.99994800
test_09745,0.99894520
test_09746,0.98941476
test_09747,0.99967706
test_09748,0.02728607
test_09749,0.99841486
test_09750,0.99994141
test_09751,0.98383826
test_09752,0.98106593
test_09753,0.91157569
test_09754,0.00006769
test_09755,0.05919052
test_09756,0.99397303
test_09757,0.78896847
test_09758,0.01078104
test_09759,0.99994886
test_09760,0.00013026
test_09761,0.54756153
test_09762,0.00078391
test_09763,0.90819584
test_09764,0.00007773
test_09765,0.00005312
test_09766,0.00006873
test_09767,0.00004701
test_09768,0.99892299
test_09769,0.00005546
test_09770,0.01098589
test_09771,0.45538022
test_09772,0.99994785
test_09773,0.99994892
test_09774,0.22814876
test_09775,0.00095793
test_09776,0.66430588
test_09777,0.99281069
test_09778,0.04395335
test_09779,0.54114674
test_09780,0.00353246
test_09781,0.01140894
test_09782,0.97843705
test_09783,0.95745167
test_09784,0.03443919
test_09785,0.97051193
test_09786,0.00127163
test_09787,0.82725688
test_09788,0.99535130
test_09789,0.99371818
test_09790,0.00878164
test_09791,0.97059719
test_09792,0.08650843
test_09793,0.99943046
test_09794,0.00274942
test_09795,0.17939608
test_09796,0.00011431
test_09797,0.04445384
test_09798,0.99990927
test_09799,0.99941776
test_09800,0.99699316
test_09801,0.07057373
test_09802,0.99573040
test_09803,0.98309764
test_09804,0.99984666
test_09805,0.99179155
test_09806,0.99995399
test_09807,0.99214785
test_09808,0.89443026
test_09809,0.00008243
test_09810,0.99992046
test_09811,0.00662166
test_09812,0.91571891
test_09813,0.04121662
test_09814,0.99369037
test_09815,0.00926998
test_09816,0.02165523
test_09817,0.00337458
test_09818,0.99990297
test_09819,0.98950673
test_09820,0.99993508
test_09821,0.00005063
test_09822,0.99987832
test_09823,0.97529490
test_09824,0.99995339
test_09825,0.99994606
test_09826,0.99988218
test_09827,0.97170973
test_09828,0.99992823
test_09829,0.93557050
test_09830,0.99994462
test_09831,0.99994652
test_09832,0.95400338
test_09833,0.99995145
test_09834,0.99317271
test_09835,0.02670829
test_09836,0.99563392
test_09837,0.99994710
test_09838,0.99992769
test_09839,0.99615144
test_09840,0.02262552
test_09841,0.99825430
test_09842,0.74510258
test_09843,0.05210955
test_09844,0.01591493
test_09845,0.99497789
test_09846,0.99984062
test_09847,0.00029749
test_09848,0.00011844
test_09849,0.99822465
test_09850,0.99994682
test_09851,0.99874452
test_09852,0.99669446
test_09853,0.71975448
test_09854,0.93379468
test_09855,0.00046212
test_09856,0.03298173
test_09857,0.99979487
test_09858,0.23676668
test_09859,0.00240086
test_09860,0.12149964
test_09861,0.99995262
test_09862,0.70593868
test_09863,0.99994416
test_09864,0.99985456
test_09865,0.01556876
test_09866,0.00321965
test_09867,0.00008700
test_09868,0.97539595
test_09869,0.99583913
test_09870,0.00221704
test_09871,0.00522894
test_09872,0.00277723
test_09873,0.99994603
test_09874,0.04503302
test_09875,0.99982043
test_09876,0.99994260
test_09877,0.00466347
test_09878,0.00073102
test_09879,0.01838836
test_09880,0.00026679
test_09881,0.99995118
test_09882,0.00649018
test_09883,0.00421753
test_09884,0.99993863
test_09885,0.99723933
test_09886,0.99896808
test_09887,0.20388263
test_09888,0.00257965
test_09889,0.91223103
test_09890,0.01187828
test_09891,0.00116727
test_09892,0.99722978
test_09893,0.00064604
test_09894,0.86247436
test_09895,0.01198063
test_09896,0.00369071
test_09897,0.99818506
test_09898,0.99995103
test_09899,0.99724878
test_09900,0.00005848
test_09901,0.00014571
test_09902,0.99970725
test_09903,0.00004886
test_09904,0.00060081
test_09905,0.99707034
test_09906,0.98269828
test_09907,0.99988946
test_09908,0.00006459
test_09909,0.00060796
test_09910,0.34599860
test_09911,0.97786659
test_09912,0.01171277
test_09913,0.70504714
test_09914,0.13116673
test_09915,0.00060295
test_09916,0.87756350
test_09917,0.11282242
test_09918,0.06132206
test_09919,0.00017144
test_09920,0.05661911
test_09921,0.94664999
test_09922,0.00614412
test_09923,0.48429413
test_09924,0.97327871
test_09925,0.99993970
test_09926,0.99994103
test_09927,0.56526585
test_09928,0.00018830
test_09929,0.99595025
test_09930,0.98658876
test_09931,0.00359447
test_09932,0.98212006
test_09933,0.06844329
test_09934,0.00027870
test_09935,0.07004738
test_09936,0.99994983
test_09937,0.99995112
test_09938,0.94196295
test_09939,0.01553349
test_09940,0.85480797
test_09941,0.99875653
test_09942,0.07215152
test_09943,0.94891877
test_09944,0.99657959
test_09945,0.99993691
test_09946,0.00334969
test_09947,0.99991864
test_09948,0.93962653
test_09949,0.00875812
test_09950,0.00015409
test_09951,0.99993282
test_09952,0.00349879
test_09953,0.00487089
test_09954,0.12874234
test_09955,0.00005149
test_09956,0.99994157
test_09957,0.00149435
test_09958,0.96062647
test_09959,0.99640410
test_09960,0.99995306
test_09961,0.00272099
test_09962,0.99993393
test_09963,0.99588215
test_09964,0.37496845
test_09965,0.00165192
test_09966,0.99993981
test_09967,0.00888582
test_09968,0.00004588
test_09969,0.49807746
test_09970,0.00149798
test_09971,0.00005008
test_09972,0.96751029
test_09973,0.99623786
test_09974,0.99425038
test_09975,0.00007791
test_09976,0.99960840
test_09977,0.00004554
test_09978,0.98951415
test_09979,0.99987199
test_09980,0.00166340
test_09981,0.99964998
test_09982,0.99991911
test_09983,0.95888271
test_09984,0.00947716
test_09985,0.00005121
test_09986,0.97786373
test_09987,0.00245049
test_09988,0.99994776
test_09989,0.81522181
test_09990,0.00377403
test_09991,0.99994159
test_09992,0.00036376
test_09993,0.00005194
test_09994,0.99987364
test_09995,0.99992555
test_09996,0.99917411
test_09997,0.99882142
test_09998,0.06702979
test_09999,0.99995066
test_10000,0.98296173
test_10001,0.99967231
test_10002,0.90108637
test_10003,0.99987517
test_10004,0.99995441
test_10005,0.00829696
test_10006,0.98238243
test_10007,0.93842642
test_10008,0.61384330
test_10009,0.00351605
test_10010,0.99981265
test_10011,0.99693754
test_10012,0.00004566
test_10013,0.06866899
test_10014,0.00194874
test_10015,0.06240868
test_10016,0.91318085
test_10017,0.97668854
test_10018,0.95884883
test_10019,0.00009267
test_10020,0.00007326
test_10021,0.00068538
test_10022,0.00006833
test_10023,0.00063391
test_10024,0.99926297
test_10025,0.00005292
test_10026,0.99910645
test_10027,0.02794429
test_10028,0.00008079
test_10029,0.99158707
test_10030,0.98909884
test_10031,0.00030484
test_10032,0.00004703
test_10033,0.01750909
test_10034,0.27411594
test_10035,0.11137046
test_10036,0.00022508
test_10037,0.99994655
test_10038,0.99994754
test_10039,0.00563306
test_10040,0.98743685
test_10041,0.93515183
test_10042,0.00052199
test_10043,0.99913130
test_10044,0.99995171
test_10045,0.04150822
test_10046,0.99994178
test_10047,0.02478032
test_10048,0.00924049
test_10049,0.99979498
test_10050,0.97097318
test_10051,0.99302012
test_10052,0.99732024
test_10053,0.00008626
test_10054,0.99896453
test_10055,0.00004772
test_10056,0.93247378
test_10057,0.99151586
test_10058,0.02657844
test_10059,0.99995153
test_10060,0.99045304
test_10061,0.01967818
test_10062,0.00009772
test_10063,0.99641265
test_10064,0.09048775
test_10065,0.00267972
test_10066,0.98863775
test_10067,0.99428986
test_10068,0.99215584
test_10069,0.00048927
test_10070,0.00014179
test_10071,0.93351208
test_10072,0.00007662
test_10073,0.00363899
test_10074,0.07214238
test_10075,0.99828579
test_10076,0.00105523
test_10077,0.99973393
test_10078,0.00037216
test_10079,0.99272203
test_10080,0.00921370
test_10081,0.00677525
test_10082,0.99994660
test_10083,0.99995117
test_10084,0.83297973
test_10085,0.04832914
test_10086,0.99955968
test_10087,0.99373166
test_10088,0.10361304
test_10089,0.00972059
test_10090,0.91005547
test_10091,0.97166667
test_10092,0.92295013
test_10093,0.81657470
test_10094,0.00006713
test_10095,0.91312470
test_10096,0.02061016
test_10097,0.99993120
test_10098,0.01686966
test_10099,0.04645214
test_10100,0.99451721
test_10101,0.99991372
test_10102,0.00368981
test_10103,0.01057236
test_10104,0.99816546
test_10105,0.99989719
test_10106,0.00143600
test_10107,0.02415919
test_10108,0.99995197
test_10109,0.00009562
test_10110,0.00004593
test_10111,0.00106060
test_10112,0.00187893
test_10113,0.99838694
test_10114,0.71962426
test_10115,0.00311972
test_10116,0.00017143
test_10117,0.01778497
test_10118,0.99262426
test_10119,0.99995399
test_10120,0.01290581
test_10121,0.99675653
test_10122,0.00170608
test_10123,0.06881559
test_10124,0.99888160
test_10125,0.00305918
test_10126,0.00005392
test_10127,0.00004974
test_10128,0.28372109
test_10129,0.99993618
test_10130,0.12741879
test_10131,0.00005949
test_10132,0.01625146
test_10133,0.00005881
test_10134,0.01000156
test_10135,0.06633449
test_10136,0.01252829
test_10137,0.01763200
test_10138,0.96866096
test_10139,0.00941646
test_10140,0.00006417
test_10141,0.00225933
test_10142,0.00006540
test_10143,0.00471216
test_10144,0.94264135
test_10145,0.03646125
test_10146,0.00061647
test_10147,0.99994348
test_10148,0.99993781
test_10149,0.00126250
test_10150,0.99994611
test_10151,0.00088639
test_10152,0.00135725
test_10153,0.98611576
test_10154,0.99994920
test_10155,0.03039133
test_10156,0.99962665
test_10157,0.94698162
test_10158,0.00171445
test_10159,0.00005105
test_10160,0.00005017
test_10161,0.99666406
test_10162,0.99864546
test_10163,0.99992767
test_10164,0.00278936
test_10165,0.12137252
test_10166,0.99994959
test_10167,0.98806583
test_10168,0.99995096
test_10169,0.99994557
test_10170,0.01717113
test_10171,0.00037902
test_10172,0.00004697
test_10173,0.83809868
test_10174,0.99450306
test_10175,0.09369519
test_10176,0.00004600
test_10177,0.03161555
test_10178,0.00229522
test_10179,0.00004891
test_10180,0.98293540
test_10181,0.00523361
test_10182,0.99954574
test_10183,0.01890336
test_10184,0.03844241
test_10185,0.99932437
test_10186,0.00180327
test_10187,0.89176431
test_10188,0.99989845
test_10189,0.99910220
test_10190,0.99994034
test_10191,0.99524401
test_10192,0.00013875
test_10193,0.95899809
test_10194,0.37216930
test_10195,0.89156068
test_10196,0.00120842
test_10197,0.99994989
test_10198,0.00809345
test_10199,0.00225108
test_10200,0.02202927
test_10201,0.00004874
test_10202,0.99515160
test_10203,0.94766512
test_10204,0.03777892
test_10205,0.87924206
test_10206,0.00293569
test_10207,0.00018107
test_10208,0.99732316
test_10209,0.99755757
test_10210,0.99985901
test_10211,0.00271506
test_10212,0.99995341
test_10213,0.00332200
test_10214,0.99819370
test_10215,0.00109931
test_10216,0.99920233
test_10217,0.99922025
test_10218,0.98903669
test_10219,0.98168462
test_10220,0.07172659
test_10221,0.00069286
test_10222,0.99995106
test_10223,0.19073976
test_10224,0.89885914
test_10225,0.01907029
test_10226,0.17982842
test_10227,0.00114030
test_10228,0.00005682
test_10229,0.00751051
test_10230,0.06473234
test_10231,0.99239974
test_10232,0.99924155
test_10233,0.99777174
test_10234,0.00334483
test_10235,0.00730231
test_10236,0.11958257
test_10237,0.99325776
test_10238,0.00245508
test_10239,0.88294505
test_10240,0.99761595
test_10241,0.00082521
test_10242,0.99621982
test_10243,0.99132165
test_10244,0.00213044
test_10245,0.28948006
test_10246,0.99992964
test_10247,0.99565853
test_10248,0.98221638
test_10249,0.02522073
test_10250,0.04017927
test_10251,0.77269142
test_10252,0.00578026
test_10253,0.99549316
test_10254,0.00007279
test_10255,0.00087819
test_10256,0.95581373
test_10257,0.00062990
test_10258,0.99353842
test_10259,0.03084775
test_10260,0.94979559
test_10261,0.99899211
test_10262,0.28245179
test_10263,0.99933280
test_10264,0.97131831
test_10265,0.00314561
test_10266,0.00167169
test_10267,0.96089321
test_10268,0.99994581
test_10269,0.00007611
test_10270,0.00005100
test_10271,0.11333145
test_10272,0.00005079
test_10273,0.03528585
test_10274,0.92002042
test_10275,0.99995123
test_10276,0.99994304
test_10277,0.99788569
test_10278,0.88932002
test_10279,0.01658567
test_10280,0.78735250
test_10281,0.01868539
test_10282,0.01906812
test_10283,0.00595509
test_10284,0.99994682
test_10285,0.99774803
test_10286,0.05546392
test_10287,0.11162424
test_10288,0.99995290
test_10289,0.72849694
test_10290,0.99958146
test_10291,0.99903632
test_10292,0.03425512
test_10293,0.97072467
test_10294,0.99297357
test_10295,0.99970791
test_10296,0.99995436
test_10297,0.00019338
test_10298,0.00004740
test_10299,0.00046956
test_10300,0.04602826
test_10301,0.02431853
test_10302,0.99994074
test_10303,0.99690657
test_10304,0.99892713
test_10305,0.99348149
test_10306,0.00096046
test_10307,0.00004609
test_10308,0.01642178
test_10309,0.96026701
test_10310,0.04220403
test_10311,0.00355122
test_10312,0.00007758
test_10313,0.00878147
test_10314,0.98611146
test_10315,0.00106688
test_10316,0.99984875
test_10317,0.00911906
test_10318,0.99731002
test_10319,0.99989919
test_10320,0.99989405
test_10321,0.99992627
test_10322,0.00406075
test_10323,0.00005615
test_10324,0.00105573
test_10325,0.99552045
test_10326,0.92495511
test_10327,0.99994769
test_10328,0.00005197
test_10329,0.99995353
test_10330,0.00504051
test_10331,0.97303811
test_10332,0.99993765
test_10333,0.99995261
test_10334,0.00006359
test_10335,0.00890387
test_10336,0.95556123
test_10337,0.00073346
test_10338,0.93490477
test_10339,0.99995416
test_10340,0.99991384
test_10341,0.00004866
test_10342,0.99994789
test_10343,0.95291192
test_10344,0.97498642
test_10345,0.03608281
test_10346,0.99995163
test_10347,0.95467759
test_10348,0.99940960
test_10349,0.00877913
test_10350,0.07425116
test_10351,0.00888393
test_10352,0.00235857
test_10353,0.01206321
test_10354,0.99992592
test_10355,0.33597783
test_10356,0.00004967
test_10357,0.00076911
test_10358,0.99994892
test_10359,0.01333375
test_10360,0.02314249
test_10361,0.99876175
test_10362,0.99941460
test_10363,0.87898247
test_10364,0.99870122
test_10365,0.00193947
test_10366,0.09092213
test_10367,0.02541063
test_10368,0.04745649
test_10369,0.99617414
test_10370,0.99271094
test_10371,0.99803124
test_10372,0.01533273
test_10373,0.99465965
test_10374,0.00005538
test_10375,0.96734523
test_10376,0.99853439
test_10377,0.00013654
test_10378,0.00448967
test_10379,0.00116083
test_10380,0.99522902
test_10381,0.99677448
test_10382,0.99980549
test_10383,0.99871410
test_10384,0.00587931
test_10385,0.00079843
test_10386,0.99993719
test_10387,0.99976437
test_10388,0.01998732
test_10389,0.00589366
test_10390,0.08859304
test_10391,0.05190162
test_10392,0.00005507
test_10393,0.00004711
test_10394,0.00012170
test_10395,0.99603044
test_10396,0.00090463
test_10397,0.00105776
test_10398,0.99833919
test_10399,0.00005070
test_10400,0.99937258
test_10401,0.40385813
test_10402,0.00513209
test_10403,0.00005543
test_10404,0.01999769
test_10405,0.94391779
test_10406,0.98428445
test_10407,0.98068322
test_10408,0.98547948
test_10409,0.00470054
test_10410,0.00005030
test_10411,0.87429563
test_10412,0.00007047
test_10413,0.00858682
test_10414,0.18167415
test_10415,0.73672793
test_10416,0.01064979
test_10417,0.99949333
test_10418,0.97020484
test_10419,0.96266707
test_10420,0.90938772
test_10421,0.99811983
test_10422,0.00006023
test_10423,0.99992602
test_10424,0.99995385
test_10425,0.01890128
test_10426,0.99990222
test_10427,0.99995264
test_10428,0.00609489
test_10429,0.00004837
test_10430,0.00327562
test_10431,0.00211238
test_10432,0.00005345
test_10433,0.99994606
test_10434,0.99995346
test_10435,0.01687387
test_10436,0.03843189
test_10437,0.00033792
test_10438,0.99773554
test_10439,0.00950439
test_10440,0.00004561
test_10441,0.98828921
test_10442,0.02564317
test_10443,0.99820900
test_10444,0.96690629
test_10445,0.00150300
test_10446,0.99994010
test_10447,0.99992325
test_10448,0.00202337
test_10449,0.86442349
test_10450,0.99984049
test_10451,0.98151994
test_10452,0.99513712
test_10453,0.91695780
test_10454,0.04199979
test_10455,0.00004666
test_10456,0.01199983
test_10457,0.99859512
test_10458,0.00007701
test_10459,0.00030913
test_10460,0.81860685
test_10461,0.96096741
test_10462,0.12773809
test_10463,0.02192838
test_10464,0.16215702
test_10465,0.00088022
test_10466,0.99990036
test_10467,0.95121662
test_10468,0.99875476
test_10469,0.00325183
test_10470,0.99994871
test_10471,0.03379135
test_10472,0.97349034
test_10473,0.91607446
test_10474,0.88549131
test_10475,0.97825968
test_10476,0.00503194
test_10477,0.63454235
test_10478,0.00078657
test_10479,0.99864632
test_10480,0.98986824
test_10481,0.01611493
test_10482,0.00569641
test_10483,0.99866551
test_10484,0.94277831
test_10485,0.00009479
test_10486,0.00228719
test_10487,0.99995223
test_10488,0.00006300
test_10489,0.00007869
test_10490,0.99994449
test_10491,0.00355337
test_10492,0.00013710
test_10493,0.87840037
test_10494,0.10461498
test_10495,0.99959985
test_10496,0.06839159
test_10497,0.00687129
test_10498,0.00176085
test_10499,0.97406681
test_10500,0.99858770
test_10501,0.10423370
test_10502,0.00213920
test_10503,0.01347654
test_10504,0.99724544
test_10505,0.99993783
test_10506,0.98989769
test_10507,0.00156443
test_10508,0.99118015
test_10509,0.99577081
test_10510,0.99110177
test_10511,0.00212968
test_10512,0.03379772
test_10513,0.98665521
test_10514,0.99988173
test_10515,0.04851020
test_10516,0.99970470
test_10517,0.99945924
test_10518,0.50343347
test_10519,0.00296707
test_10520,0.99805029
test_10521,0.99529795
test_10522,0.97857077
test_10523,0.98377990
test_10524,0.99994819
test_10525,0.97085883
test_10526,0.77908374
test_10527,0.94759908
test_10528,0.99992740
test_10529,0.99995362
test_10530,0.00635109
test_10531,0.99623082
test_10532,0.29016567
test_10533,0.99401582
test_10534,0.00024821
test_10535,0.02865956
test_10536,0.99455936
test_10537,0.99994821
test_10538,0.00004980
test_10539,0.99982741
test_10540,0.00005666
test_10541,0.00004556
test_10542,0.99994311
test_10543,0.99995064
test_10544,0.00005962
test_10545,0.11040963
test_10546,0.99312502
test_10547,0.99797254
test_10548,0.00034098
test_10549,0.00163891
test_10550,0.98697843
test_10551,0.29433002
test_10552,0.90232262
test_10553,0.00583353
test_10554,0.99043522
test_10555,0.99589671
test_10556,0.00060832
test_10557,0.97618077
test_10558,0.00100550
test_10559,0.99818259
test_10560,0.99994860
test_10561,0.99832615
test_10562,0.99243004
test_10563,0.99561576
test_10564,0.97990738
test_10565,0.97922312
test_10566,0.99994239
test_10567,0.09916871
test_10568,0.98316892
test_10569,0.00452516
test_10570,0.82119045
test_10571,0.96163323
test_10572,0.99470872
test_10573,0.99995062
test_10574,0.96116792
test_10575,0.99949565
test_10576,0.99984964
test_10577,0.99258069
test_10578,0.00004597
test_10579,0.03623968
test_10580,0.00084253
test_10581,0.01324742
test_10582,0.99995400
test_10583,0.00077195
test_10584,0.97903671
test_10585,0.00347470
test_10586,0.00006545
test_10587,0.00258850
test_10588,0.00021599
test_10589,0.00043357
test_10590,0.06218401
test_10591,0.00032722
test_10592,0.01725177
test_10593,0.99954836
test_10594,0.99931916
test_10595,0.01074687
test_10596,0.97116125
test_10597,0.00007760
test_10598,0.99970035
test_10599,0.99991668
test_10600,0.00540279
test_10601,0.00012396
test_10602,0.99966998
test_10603,0.99137403
test_10604,0.99896715
test_10605,0.99988609
test_10606,0.99995446
test_10607,0.98618609
test_10608,0.24407338
test_10609,0.99994168
test_10610,0.01027005
test_10611,0.98892571
test_10612,0.00065915
test_10613,0.00010105
test_10614,0.00123286
test_10615,0.99994867
test_10616,0.98817577
test_10617,0.94610748
test_10618,0.99310198
test_10619,0.97238839
test_10620,0.99663648
test_10621,0.64794023
test_10622,0.99137473
test_10623,0.00004904
test_10624,0.99712885
test_10625,0.00198716
test_10626,0.00670003
test_10627,0.14705069
test_10628,0.99612771
test_10629,0.65790767
test_10630,0.99995147
test_10631,0.97568668
test_10632,0.97991972
test_10633,0.99384220
test_10634,0.99995253
test_10635,0.00006219
test_10636,0.99994863
test_10637,0.99994497
test_10638,0.03273854
test_10639,0.97486306
test_10640,0.00004963
test_10641,0.98737832
test_10642,0.99518764
test_10643,0.99993789
test_10644,0.70262272
test_10645,0.09395306
test_10646,0.00960449
test_10647,0.00554609
test_10648,0.99178090
test_10649,0.99847903
test_10650,0.99925321
test_10651,0.94088783
test_10652,0.00302778
test_10653,0.99624593
test_10654,0.00005970
test_10655,0.00006957
test_10656,0.97206510
test_10657,0.00333374
test_10658,0.99709801
test_10659,0.10052151
test_10660,0.76467361
test_10661,0.99951547
test_10662,0.02392257
test_10663,0.00502764
test_10664,0.99930744
test_10665,0.99881273
test_10666,0.97999179
test_10667,0.00005814
test_10668,0.98797231
test_10669,0.99994620
test_10670,0.02704572
test_10671,0.76839742
test_10672,0.00009140
test_10673,0.07950674
test_10674,0.15178383
test_10675,0.01775978
test_10676,0.99653751
test_10677,0.98417890
test_10678,0.99255869
test_10679,0.99737332
test_10680,0.00112591
test_10681,0.98801064
test_10682,0.99994223
test_10683,0.00376608
test_10684,0.03295571
test_10685,0.00193425
test_10686,0.99993089
test_10687,0.00068737
test_10688,0.00268958
test_10689,0.00006158
test_10690,0.00684796
test_10691,0.00757597
test_10692,0.99920228
test_10693,0.00424769
test_10694,0.97783109
test_10695,0.94321894
test_10696,0.09799219
test_10697,0.00062686
test_10698,0.98705309
test_10699,0.99990023
test_10700,0.00006023
test_10701,0.89789904
test_10702,0.03263510
test_10703,0.01882695
test_10704,0.98681712
test_10705,0.99980905
test_10706,0.00011375
test_10707,0.99863757
test_10708,0.99993913
test_10709,0.99977587
test_10710,0.99572439
test_10711,0.61730338
test_10712,0.99845839
test_10713,0.00004845
test_10714,0.99989468
test_10715,0.00906756
test_10716,0.91091855
test_10717,0.99783945
test_10718,0.13725590
test_10719,0.89479497
test_10720,0.99805892
test_10721,0.00259301
test_10722,0.99960377
test_10723,0.00065057
test_10724,0.00005664
test_10725,0.00004794
test_10726,0.99175497
test_10727,0.00009051
test_10728,0.00005891
test_10729,0.00005390
test_10730,0.00492079
test_10731,0.00263290
test_10732,0.99621593
test_10733,0.00048942
test_10734,0.04954838
test_10735,0.99918885
test_10736,0.04046851
test_10737,0.00004584
test_10738,0.99873898
test_10739,0.99804869
test_10740,0.99983391
test_10741,0.95105609
test_10742,0.00004976
test_10743,0.99993122
test_10744,0.08635608
test_10745,0.00004825
test_10746,0.40576126
test_10747,0.99797292
test_10748,0.98499749
test_10749,0.99828914
test_10750,0.99693047
test_10751,0.00007113
test_10752,0.90646923
test_10753,0.98611920
test_10754,0.96866977
test_10755,0.00123603
test_10756,0.98071114
test_10757,0.05791960
test_10758,0.00055579
test_10759,0.98079722
test_10760,0.03840754
test_10761,0.00030003
test_10762,0.96242768
test_10763,0.99469044
test_10764,0.99522704
test_10765,0.99827899
test_10766,0.96824766
test_10767,0.00811243
test_10768,0.99288193
test_10769,0.01570524
test_10770,0.00342559
test_10771,0.78738324
test_10772,0.00011056
test_10773,0.99989855
test_10774,0.46462024
test_10775,0.04055481
test_10776,0.87551161
test_10777,0.00316408
test_10778,0.83735956
test_10779,0.97557818
test_10780,0.99339623
test_10781,0.17827092
test_10782,0.00145696
test_10783,0.00449381
test_10784,0.00004560
test_10785,0.99272220
test_10786,0.99994637
test_10787,0.86011298
test_10788,0.03243200
test_10789,0.00549805
test_10790,0.07965619
test_10791,0.29173831
test_10792,0.99944427
test_10793,0.83211478
test_10794,0.98084809
test_10795,0.06628205
test_10796,0.99822874
test_10797,0.99403230
test_10798,0.99994972
test_10799,0.00005366
test_10800,0.99974019
test_10801,0.00004628
test_10802,0.00328336
test_10803,0.99995212
test_10804,0.78953774
test_10805,0.00045129
test_10806,0.99904301
test_10807,0.89799921
test_10808,0.99994540
test_10809,0.99901124
test_10810,0.99858311
test_10811,0.14834815
test_10812,0.01164323
test_10813,0.00005690
test_10814,0.00006958
test_10815,0.99995136
test_10816,0.49005106
test_10817,0.99471577
test_10818,0.99994264
test_10819,0.98677339
test_10820,0.00765321
test_10821,0.00005734
test_10822,0.99902504
test_10823,0.57402946
test_10824,0.00009246
test_10825,0.99755110
test_10826,0.99984484
test_10827,0.99985358
test_10828,0.99966265
test_10829,0.00956655
test_10830,0.99992153
test_10831,0.16078542
test_10832,0.23253373
test_10833,0.99965315
test_10834,0.99893380
test_10835,0.08900095
test_10836,0.00004632
test_10837,0.03537881
test_10838,0.00414017
test_10839,0.00236255
test_10840,0.99861809
test_10841,0.01098088
test_10842,0.99775793
test_10843,0.00006696
test_10844,0.00409543
test_10845,0.00005149
test_10846,0.98902634
test_10847,0.03382379
test_10848,0.00004730
test_10849,0.00216291
test_10850,0.00004931
test_10851,0.00006517
test_10852,0.00036441
test_10853,0.00596266
test_10854,0.99938586
test_10855,0.00006296
test_10856,0.01644444
test_10857,0.99992898
test_10858,0.00037143
test_10859,0.99262210
test_10860,0.00007266
test_10861,0.02691731
test_10862,0.99983538
test_10863,0.99993592
test_10864,0.06511698
test_10865,0.99994959
test_10866,0.97921059
test_10867,0.98596064
test_10868,0.00005029
test_10869,0.00019411
test_10870,0.00006704
test_10871,0.00508582
test_10872,0.97834735
test_10873,0.99981755
test_10874,0.43008602
test_10875,0.39132726
test_10876,0.01157396
test_10877,0.99897354
test_10878,0.99995128
test_10879,0.00008549
test_10880,0.01537697
test_10881,0.00265894
test_10882,0.01152920
test_10883,0.10961593
test_10884,0.99915233
test_10885,0.02470612
test_10886,0.02152066
test_10887,0.99993183
test_10888,0.99733424
test_10889,0.00629923
test_10890,0.00159123
test_10891,0.00025440
test_10892,0.99991411
test_10893,0.53824557
test_10894,0.00006190
test_10895,0.99691249
test_10896,0.00716442
test_10897,0.00112211
test_10898,0.75229165
test_10899,0.96211953
test_10900,0.45649459
test_10901,0.65134796
test_10902,0.99994432
test_10903,0.24146175
test_10904,0.99994646
test_10905,0.99631134
test_10906,0.99935130
test_10907,0.02531862
test_10908,0.92935804
test_10909,0.99694353
test_10910,0.00016328
test_10911,0.00005720
test_10912,0.99973305
test_10913,0.00066784
test_10914,0.99994807
test_10915,0.00359688
test_10916,0.00293373
test_10917,0.45857014
test_10918,0.00153457
test_10919,0.15608214
test_10920,0.99663534
test_10921,0.01257085
test_10922,0.99491234
test_10923,0.92762523
test_10924,0.94697536
test_10925,0.99674189
test_10926,0.00070741
test_10927,0.99994712
test_10928,0.00004695
test_10929,0.00007261
test_10930,0.79027012
test_10931,0.00156375
test_10932,0.96440377
test_10933,0.99713074
test_10934,0.00215757
test_10935,0.00007694
test_10936,0.98588251
test_10937,0.99994582
test_10938,0.00004569
test_10939,0.91842181
test_10940,0.00191272
test_10941,0.00020158
test_10942,0.00128255
test_10943,0.00005057
test_10944,0.98617057
test_10945,0.00005099
test_10946,0.00005640
test_10947,0.99702908
test_10948,0.07475250
test_10949,0.00104207
test_10950,0.01569802
test_10951,0.99993977
test_10952,0.00363298
test_10953,0.98019988
test_10954,0.99264682
test_10955,0.82197116
test_10956,0.01803656
test_10957,0.00004872
test_10958,0.00338083
test_10959,0.01263116
test_10960,0.99324927
test_10961,0.38220805
test_10962,0.77071904
test_10963,0.01370201
test_10964,0.02655248
test_10965,0.00736520
test_10966,0.00338972
test_10967,0.97998075
test_10968,0.00006793
test_10969,0.99993685
test_10970,0.01387143
test_10971,0.29376779
test_10972,0.99994495
test_10973,0.00512940
test_10974,0.02249236
test_10975,0.99672456
test_10976,0.71490571
test_10977,0.99959737
test_10978,0.99887591
test_10979,0.01537721
test_10980,0.26266234
test_10981,0.99910764
test_10982,0.99994811
test_10983,0.00005151
test_10984,0.96626786
test_10985,0.99962502
test_10986,0.00004568
test_10987,0.99994859
test_10988,0.00004568
test_10989,0.00009426
test_10990,0.00654027
test_10991,0.00004730
test_10992,0.99925973
test_10993,0.99994895
test_10994,0.00007095
test_10995,0.01993592
test_10996,0.99995406
test_10997,0.99804009
test_10998,0.00004975
test_10999,0.00005059
test_11000,0.04084438
test_11001,0.99988059
test_11002,0.00005236
test_11003,0.00008066
test_11004,0.10639801
test_11005,0.99156787
test_11006,0.01292775
test_11007,0.02838398
test_11008,0.01059955
test_11009,0.00008095
test_11010,0.99934221
test_11011,0.98205616
test_11012,0.31791393
test_11013,0.24298543
test_11014,0.97713601
test_11015,0.36144856
test_11016,0.00847035
test_11017,0.02227519
test_11018,0.91309812
test_11019,0.00038808
test_11020,0.98838938
test_11021,0.99743889
test_11022,0.01291108
test_11023,0.00005159
test_11024,0.99994058
test_11025,0.99429120
test_11026,0.99309354
test_11027,0.99886721
test_11028,0.99592805
test_11029,0.99699109
test_11030,0.99964956
test_11031,0.00013476
test_11032,0.00139133
test_11033,0.00928433
test_11034,0.03643866
test_11035,0.99994480
test_11036,0.99993986
test_11037,0.00616948
test_11038,0.99990715
test_11039,0.35422779
test_11040,0.99995322
test_11041,0.00004932
test_11042,0.22057196
test_11043,0.99983455
test_11044,0.99873265
test_11045,0.99992395
test_11046,0.87111352
test_11047,0.99992246
test_11048,0.99933338
test_11049,0.00528269
test_11050,0.03038714
test_11051,0.99086425
test_11052,0.99995239
test_11053,0.99533689
test_11054,0.98496611
test_11055,0.00768156
test_11056,0.14066645
test_11057,0.00004821
test_11058,0.99927622
test_11059,0.00297618
test_11060,0.94380210
test_11061,0.00111081
test_11062,0.99995423
test_11063,0.00093096
test_11064,0.98780169
test_11065,0.99993824
test_11066,0.99569022
test_11067,0.00005200
test_11068,0.00005254
test_11069,0.99995307
test_11070,0.99981180
test_11071,0.99995309
test_11072,0.00062871
test_11073,0.00015732
test_11074,0.00235483
test_11075,0.99995257
test_11076,0.99629437
test_11077,0.01116461
test_11078,0.02596489
test_11079,0.99958296
test_11080,0.01735969
test_11081,0.00527850
test_11082,0.02585389
test_11083,0.00053362
test_11084,0.99964390
test_11085,0.00006696
test_11086,0.16751467
test_11087,0.98415965
test_11088,0.00372192
test_11089,0.00580765
test_11090,0.99587601
test_11091,0.99992955
test_11092,0.00327237
test_11093,0.99860475
test_11094,0.89950700
test_11095,0.99770141
test_11096,0.00005196
test_11097,0.99981209
test_11098,0.00281395
test_11099,0.99995428
test_11100,0.59296923
test_11101,0.00005910
test_11102,0.53192531
test_11103,0.99863596
test_11104,0.00512298
test_11105,0.00005616
test_11106,0.77805133
test_11107,0.92861838
test_11108,0.95662930
test_11109,0.99992409
test_11110,0.85502460
test_11111,0.99269035
test_11112,0.99994208
test_11113,0.97109287
test_11114,0.99988159
test_11115,0.99976366
test_11116,0.99854863
test_11117,0.24975539
test_11118,0.99919256
test_11119,0.99817804
test_11120,0.00160767
test_11121,0.98002581
test_11122,0.99699855
test_11123,0.95657646
test_11124,0.99592953
test_11125,0.98634779
test_11126,0.99970075
test_11127,0.96093417
test_11128,0.00086917
test_11129,0.88995383
test_11130,0.99881568
test_11131,0.00862835
test_11132,0.99759502
test_11133,0.00303253
test_11134,0.00222151
test_11135,0.90148256
test_11136,0.99994598
test_11137,0.00137385
test_11138,0.99908814
test_11139,0.03207283
test_11140,0.08480075
test_11141,0.99978194
test_11142,0.01917538
test_11143,0.99803426
test_11144,0.99880114
test_11145,0.05996932
test_11146,0.00004631
test_11147,0.99651381
test_11148,0.00759436
test_11149,0.01273252
test_11150,0.99943902
test_11151,0.00063315
test_11152,0.95979700
test_11153,0.99994256
test_11154,0.89909494
test_11155,0.00032749
test_11156,0.00056764
test_11157,0.99984161
test_11158,0.00074777
test_11159,0.00072618
test_11160,0.00035560
test_11161,0.81967232
test_11162,0.00004679
test_11163,0.00005612
test_11164,0.03061475
test_11165,0.99983729
test_11166,0.97128330
test_11167,0.00005710
test_11168,0.00007739
test_11169,0.77063624
test_11170,0.00854006
test_11171,0.00139818
test_11172,0.99907471
test_11173,0.99783633
test_11174,0.00096192
test_11175,0.00543716
test_11176,0.10088711
test_11177,0.00255731
test_11178,0.00005532
test_11179,0.00006312
test_11180,0.97886684
test_11181,0.95432115
test_11182,0.00835923
test_11183,0.03371456
test_11184,0.99995402
test_11185,0.99983835
test_11186,0.00785709
test_11187,0.00005652
test_11188,0.95355364
test_11189,0.00084851
test_11190,0.00139531
test_11191,0.98462987
test_11192,0.00020818
test_11193,0.00004821
test_11194,0.00334391
test_11195,0.99688989
test_11196,0.00004869
test_11197,0.99795324
test_11198,0.97536873
test_11199,0.00005577
test_11200,0.00004816
test_11201,0.00186943
test_11202,0.99979766
test_11203,0.95079022
test_11204,0.02926628
test_11205,0.00005193
test_11206,0.98739727
test_11207,0.00012060
test_11208,0.99983247
test_11209,0.00160272
test_11210,0.99956708
test_11211,0.00007036
test_11212,0.79170519
test_11213,0.00004659
test_11214,0.00725276
test_11215,0.00119526
test_11216,0.01067557
test_11217,0.99829593
test_11218,0.99936524
test_11219,0.98750560
test_11220,0.99601456
test_11221,0.00165874
test_11222,0.00005009
test_11223,0.00914778
test_11224,0.99055516
test_11225,0.00004628
test_11226,0.09511346
test_11227,0.99991572
test_11228,0.00441423
test_11229,0.97204131
test_11230,0.00972628
test_11231,0.99740192
test_11232,0.00170164
test_11233,0.99353016
test_11234,0.99456396
test_11235,0.92101363
test_11236,0.99366860
test_11237,0.00175673
test_11238,0.99599663
test_11239,0.97517243
test_11240,0.99995368
test_11241,0.99750966
test_11242,0.94945758
test_11243,0.95407314
test_11244,0.09392229
test_11245,0.03731496
test_11246,0.99361093
test_11247,0.00036169
test_11248,0.96595525
test_11249,0.05450970
test_11250,0.98148299
test_11251,0.98630415
test_11252,0.00311414
test_11253,0.02042652
test_11254,0.96227106
test_11255,0.02846190
test_11256,0.43006381
test_11257,0.99989008
test_11258,0.99558772
test_11259,0.08268200
test_11260,0.02043860
test_11261,0.00130891
test_11262,0.99825045
test_11263,0.33074401
test_11264,0.45484130
test_11265,0.08555436
test_11266,0.00411966
test_11267,0.00007580
test_11268,0.82388446
test_11269,0.57829068
test_11270,0.99995361
test_11271,0.99601790
test_11272,0.00101203
test_11273,0.99479336
test_11274,0.99992105
test_11275,0.00354210
test_11276,0.00454821
test_11277,0.98897946
test_11278,0.00270384
test_11279,0.37144266
test_11280,0.98710746
test_11281,0.77235436
test_11282,0.15292536
test_11283,0.00326385
test_11284,0.87515840
test_11285,0.00005807
test_11286,0.03022353
test_11287,0.96791768
test_11288,0.99995130
test_11289,0.00045736
test_11290,0.99994967
test_11291,0.95594635
test_11292,0.99947769
test_11293,0.00852036
test_11294,0.99350113
test_11295,0.99995207
test_11296,0.00020742
test_11297,0.99995409
test_11298,0.00222960
test_11299,0.96726728
test_11300,0.99994863
test_11301,0.99993164
test_11302,0.00319802
test_11303,0.96654664
test_11304,0.99949880
test_11305,0.00008615
test_11306,0.99422982
test_11307,0.99738817
test_11308,0.99988849
test_11309,0.00009972
test_11310,0.00185941
test_11311,0.00005238
test_11312,0.98766282
test_11313,0.12733610
test_11314,0.05990773
test_11315,0.07413517
test_11316,0.78070306
test_11317,0.99927803
test_11318,0.99865972
test_11319,0.00130503
test_11320,0.00670025
test_11321,0.45724846
test_11322,0.00086870
test_11323,0.01811933
test_11324,0.00694757
test_11325,0.99693935
test_11326,0.00057185
test_11327,0.99603010
test_11328,0.99994966
test_11329,0.00111513
test_11330,0.01029234
test_11331,0.10076115
test_11332,0.99994297
test_11333,0.99696208
test_11334,0.00026583
test_11335,0.65349747
test_11336,0.79887875
test_11337,0.99354961
test_11338,0.96409311
test_11339,0.82049298
test_11340,0.01013381
test_11341,0.99992333
test_11342,0.01008366
test_11343,0.98923221
test_11344,0.00063152
test_11345,0.00019295
test_11346,0.01858676
test_11347,0.99773616
test_11348,0.06716661
test_11349,0.00005010
test_11350,0.24252874
test_11351,0.00040167
test_11352,0.01070668
test_11353,0.99982735
test_11354,0.00007301
test_11355,0.00005372
test_11356,0.07357863
test_11357,0.00020486
test_11358,0.01497505
test_11359,0.30277653
test_11360,0.09717827
test_11361,0.00081201
test_11362,0.03840529
test_11363,0.04416017
test_11364,0.01175705
test_11365,0.30702367
test_11366,0.99006981
test_11367,0.00007126
test_11368,0.00032409
test_11369,0.98483711
test_11370,0.98999138
test_11371,0.00174382
test_11372,0.00007057
test_11373,0.00331512
test_11374,0.99856998
test_11375,0.00748944
test_11376,0.00015601
test_11377,0.90910031
test_11378,0.30381542
test_11379,0.00006636
test_11380,0.00006379
test_11381,0.00007154
test_11382,0.98104941
test_11383,0.05736421
test_11384,0.00101768
test_11385,0.99337593
test_11386,0.99825893
test_11387,0.99496804
test_11388,0.00477788
test_11389,0.00948996
test_11390,0.99651148
test_11391,0.99577632
test_11392,0.99989404
test_11393,0.99710039
test_11394,0.08349446
test_11395,0.99989617
test_11396,0.01107283
test_11397,0.00006397
test_11398,0.99987248
test_11399,0.50000000
test_11400,0.03734423
test_11401,0.99994759
test_11402,0.77507167
test_11403,0.00055710
test_11404,0.98773170
test_11405,0.03003798
test_11406,0.00009390
test_11407,0.00653739
test_11408,0.26697120
test_11409,0.02735985
test_11410,0.00009060
test_11411,0.13170135
test_11412,0.99987701
test_11413,0.02651120
test_11414,0.00376324
test_11415,0.99903615
test_11416,0.00043116
test_11417,0.99941521
test_11418,0.99134313
test_11419,0.95666910
test_11420,0.00150151
test_11421,0.19719895
test_11422,0.63369699
test_11423,0.00016549
test_11424,0.99995053
test_11425,0.01123842
test_11426,0.00008997
test_11427,0.99509825
test_11428,0.00004884
test_11429,0.99735511
test_11430,0.02375767
test_11431,0.99969450
test_11432,0.96629423
test_11433,0.00214484
test_11434,0.99995269
test_11435,0.99893710
test_11436,0.97237303
test_11437,0.99995290
test_11438,0.00012552
test_11439,0.00004832
test_11440,0.00559126
test_11441,0.00004661
test_11442,0.00006504
test_11443,0.95499636
test_11444,0.00675726
test_11445,0.76285235
test_11446,0.00008219
test_11447,0.96510822
test_11448,0.02228490
test_11449,0.99496500
test_11450,0.99701094
test_11451,0.81680787
test_11452,0.65674903
test_11453,0.00605470
test_11454,0.00004613
test_11455,0.00005507
test_11456,0.00014710
test_11457,0.97192928
test_11458,0.00034080
test_11459,0.00008738
test_11460,0.08210774
test_11461,0.96750566
test_11462,0.99993128
test_11463,0.02142998
test_11464,0.98952333
test_11465,0.89723631
test_11466,0.99923966
test_11467,0.00240592
test_11468,0.92843631
test_11469,0.04982822
test_11470,0.04822250
test_11471,0.99975171
test_11472,0.00007396
test_11473,0.05098984
test_11474,0.99062991
test_11475,0.00350820
test_11476,0.00018013
test_11477,0.99939661
test_11478,0.00518884
test_11479,0.00820334
test_11480,0.85979526
test_11481,0.01866216
test_11482,0.00357440
test_11483,0.99994757
test_11484,0.00309560
test_11485,0.99994502
test_11486,0.93915046
test_11487,0.01206039
test_11488,0.00190696
test_11489,0.99192882
test_11490,0.99894809
test_11491,0.00180710
test_11492,0.02586042
test_11493,0.99992312
test_11494,0.96323860
test_11495,0.00006401
test_11496,0.99887098
test_11497,0.99995182
test_11498,0.92118300
test_11499,0.99614361
test_11500,0.00870754
test_11501,0.97637661
test_11502,0.00006432
test_11503,0.00086377
test_11504,0.99510038
test_11505,0.99969179
test_11506,0.03184780
test_11507,0.00200443
test_11508,0.00012985
test_11509,0.00795886
test_11510,0.00168311
test_11511,0.00259465
test_11512,0.00185568
test_11513,0.00006353
test_11514,0.02255878
test_11515,0.00005290
test_11516,0.00161769
test_11517,0.00159638
test_11518,0.00578542
test_11519,0.99576731
test_11520,0.99137786
test_11521,0.00014094
test_11522,0.00010578
test_11523,0.79732120
test_11524,0.00005178
test_11525,0.99840742
test_11526,0.99437727
test_11527,0.02935261
test_11528,0.02155345
test_11529,0.01049138
test_11530,0.99837314
test_11531,0.99817048
test_11532,0.99993881
test_11533,0.01091944
test_11534,0.99965294
test_11535,0.95865130
test_11536,0.98134128
test_11537,0.99985701
test_11538,0.66846548
test_11539,0.99613437
test_11540,0.99933118
test_11541,0.01215348
test_11542,0.04456911
test_11543,0.99510041
test_11544,0.00162392
test_11545,0.99994309
test_11546,0.00072698
test_11547,0.99908483
test_11548,0.01569525
test_11549,0.00005372
test_11550,0.95911474
test_11551,0.02974692
test_11552,0.87822659
test_11553,0.99949591
test_11554,0.03018519
test_11555,0.98481955
test_11556,0.00364327
test_11557,0.99980025
test_11558,0.99991509
test_11559,0.19846180
test_11560,0.00192568
test_11561,0.00005009
test_11562,0.99995333
test_11563,0.99994747
test_11564,0.00091611
test_11565,0.04983669
test_11566,0.12378893
test_11567,0.73860549
test_11568,0.00004837
test_11569,0.99388720
test_11570,0.00005713
test_11571,0.01459783
test_11572,0.00007396
test_11573,0.76550351
test_11574,0.99993635
test_11575,0.99995172
test_11576,0.88015581
test_11577,0.99768694
test_11578,0.02165109
test_11579,0.99625613
test_11580,0.99537543
test_11581,0.04495405
test_11582,0.00008098
test_11583,0.04650859
test_11584,0.99788568
test_11585,0.00786223
test_11586,0.99340874
test_11587,0.98542574
test_11588,0.00241743
test_11589,0.99189177
test_11590,0.99980074
test_11591,0.99678856
test_11592,0.99823089
test_11593,0.00310382
test_11594,0.99822394
test_11595,0.00114185
test_11596,0.99769932
test_11597,0.99995401
test_11598,0.00004812
test_11599,0.00892222
test_11600,0.00391703
test_11601,0.99992594
test_11602,0.10134652
test_11603,0.99271731
test_11604,0.98740347
test_11605,0.99112523
test_11606,0.00317488
test_11607,0.99065655
test_11608,0.00004675
test_11609,0.99504146
test_11610,0.00007169
test_11611,0.99995147
test_11612,0.99992687
test_11613,0.95278453
test_11614,0.00820015
test_11615,0.99697053
test_11616,0.98323314
test_11617,0.99995149
test_11618,0.99994945
test_11619,0.88317731
test_11620,0.00450010
test_11621,0.00153197
test_11622,0.97576753
test_11623,0.00041292
test_11624,0.99951199
test_11625,0.02891434
test_11626,0.99995008
test_11627,0.99910567
test_11628,0.00439559
test_11629,0.97679656
test_11630,0.00010758
test_11631,0.00008554
test_11632,0.00193752
test_11633,0.32338733
test_11634,0.27224960
test_11635,0.91046262
test_11636,0.99994971
test_11637,0.99741977
test_11638,0.82590912
test_11639,0.04621215
test_11640,0.99652730
test_11641,0.98628791
test_11642,0.99890948
test_11643,0.96361753
test_11644,0.99748847
test_11645,0.01407753
test_11646,0.05122049
test_11647,0.04145679
test_11648,0.99993570
test_11649,0.05809149
test_11650,0.99995411
test_11651,0.00986977
test_11652,0.01367913
test_11653,0.01026617
test_11654,0.00007804
test_11655,0.00004571
test_11656,0.99994444
test_11657,0.00005748
test_11658,0.00605280
test_11659,0.00006892
test_11660,0.99808886
test_11661,0.00505601
test_11662,0.99992061
test_11663,0.00259808
test_11664,0.98296420
test_11665,0.00007044
test_11666,0.11480786
test_11667,0.00957108
test_11668,0.99995213
test_11669,0.99931100
test_11670,0.00006375
test_11671,0.03383781
test_11672,0.96476178
test_11673,0.08036797
test_11674,0.00582983
test_11675,0.07477278
test_11676,0.90192164
test_11677,0.57590005
test_11678,0.00005161
test_11679,0.99993864
test_11680,0.01768562
test_11681,0.00725987
test_11682,0.00707274
test_11683,0.02188199
test_11684,0.99852083
test_11685,0.00415017
test_11686,0.99993312
test_11687,0.00348933
test_11688,0.09040067
test_11689,0.00053928
test_11690,0.99683704
test_11691,0.91337129
test_11692,0.00233704
test_11693,0.90407130
test_11694,0.00023510
test_11695,0.99995168
test_11696,0.02328478
test_11697,0.07735208
test_11698,0.01546729
test_11699,0.88175490
test_11700,0.18977831
test_11701,0.00005433
test_11702,0.00095001
test_11703,0.00363874
test_11704,0.73092794
test_11705,0.79638794
test_11706,0.97921920
test_11707,0.03126080
test_11708,0.98265326
test_11709,0.99661742
test_11710,0.84657000
test_11711,0.99937709
test_11712,0.00009486
test_11713,0.95346970
test_11714,0.99994791
test_11715,0.99983729
test_11716,0.00013183
test_11717,0.01154042
test_11718,0.09165937
test_11719,0.00004781
test_11720,0.99994979
test_11721,0.99739028
test_11722,0.97996981
test_11723,0.96300924
test_11724,0.01416254
test_11725,0.00637400
test_11726,0.99405066
test_11727,0.99995191
test_11728,0.99989660
test_11729,0.99544122
test_11730,0.00045564
test_11731,0.00367596
test_11732,0.99937866
test_11733,0.96425442
test_11734,0.00007248
test_11735,0.96512884
test_11736,0.04268851
test_11737,0.96507868
test_11738,0.99749927
test_11739,0.41700016
test_11740,0.00599190
test_11741,0.22073186
test_11742,0.23572987
test_11743,0.94980056
test_11744,0.99831991
test_11745,0.00231667
test_11746,0.99822910
test_11747,0.01049883
test_11748,0.00005060
test_11749,0.99990470
test_11750,0.00040948
test_11751,0.95642070
test_11752,0.99873032
test_11753,0.00006341
test_11754,0.99994887
test_11755,0.01416505
test_11756,0.91349426
test_11757,0.02219886
test_11758,0.00008117
test_11759,0.97304077
test_11760,0.31992779
test_11761,0.75484266
test_11762,0.99988086
test_11763,0.00427541
test_11764,0.99992278
test_11765,0.00006641
test_11766,0.03795711
test_11767,0.99294034
test_11768,0.00495127
test_11769,0.00005509
test_11770,0.00812221
test_11771,0.93751532
test_11772,0.99990372
test_11773,0.05797784
test_11774,0.00593605
test_11775,0.74659804
test_11776,0.26310239
test_11777,0.99930603
test_11778,0.99995143
test_11779,0.99994358
test_11780,0.99981688
test_11781,0.00120522
test_11782,0.00015393
test_11783,0.00466723
test_11784,0.99982907
test_11785,0.00021824
test_11786,0.99483595
test_11787,0.00159187
test_11788,0.72296488
test_11789,0.00004859
test_11790,0.60996350
test_11791,0.99772917
test_11792,0.99982869
test_11793,0.99795687
test_11794,0.99989308
test_11795,0.99722224
test_11796,0.00007347
test_11797,0.99819666
test_11798,0.00007040
test_11799,0.99959010
test_11800,0.02536161
test_11801,0.00319755
test_11802,0.00007063
test_11803,0.00075678
test_11804,0.00180760
test_11805,0.10930189
test_11806,0.00516202
test_11807,0.99905253
test_11808,0.99979713
test_11809,0.66919675
test_11810,0.99989522
test_11811,0.00004705
test_11812,0.00107060
test_11813,0.00076821
test_11814,0.00021644
test_11815,0.00007750
test_11816,0.98706567
test_11817,0.00009949
test_11818,0.00004587
test_11819,0.99601027
test_11820,0.72436808
test_11821,0.99993945
test_11822,0.99992445
test_11823,0.99992888
test_11824,0.99986193
test_11825,0.98949891
test_11826,0.00881040
test_11827,0.99853174
test_11828,0.00005682
test_11829,0.00005374
test_11830,0.95732069
test_11831,0.00006238
test_11832,0.00103034
test_11833,0.00005223
test_11834,0.99226390
test_11835,0.00517018
test_11836,0.70515075
test_11837,0.98064834
test_11838,0.00320900
test_11839,0.03378296
test_11840,0.00247299
test_11841,0.05004772
test_11842,0.00006279
test_11843,0.00005792
test_11844,0.00004862
test_11845,0.39680234
test_11846,0.00034316
test_11847,0.77431168
test_11848,0.97413625
test_11849,0.01242653
test_11850,0.99994758
test_11851,0.00698789
test_11852,0.01976500
test_11853,0.99995402
test_11854,0.04856435
test_11855,0.99398008
test_11856,0.99975827
test_11857,0.00006817
test_11858,0.99995138
test_11859,0.06578987
test_11860,0.00593814
test_11861,0.00717134
test_11862,0.00005364
test_11863,0.43191670
test_11864,0.99872485
test_11865,0.98097390
test_11866,0.51952817
test_11867,0.99927558
test_11868,0.06119879
test_11869,0.96294997
test_11870,0.99876564
test_11871,0.99582061
test_11872,0.99120442
test_11873,0.97930335
test_11874,0.35703152
test_11875,0.99911516
test_11876,0.99994035
test_11877,0.18454070
test_11878,0.56127076
test_11879,0.02218543
test_11880,0.02228465
test_11881,0.80783796
test_11882,0.99995128
test_11883,0.00628096
test_11884,0.98708718
test_11885,0.00173782
test_11886,0.00004601
test_11887,0.99989443
test_11888,0.00520558
test_11889,0.00344400
test_11890,0.00323270
test_11891,0.99985576
test_11892,0.00157907
test_11893,0.99929424
test_11894,0.95514488
test_11895,0.08802357
test_11896,0.98977928
test_11897,0.01234796
test_11898,0.00005510
test_11899,0.99994997
test_11900,0.98608610
test_11901,0.99271946
test_11902,0.99967075
test_11903,0.99858281
test_11904,0.99993300
test_11905,0.99993585
test_11906,0.00406881
test_11907,0.99993229
test_11908,0.03649047
test_11909,0.01170394
test_11910,0.99932566
test_11911,0.99856250
test_11912,0.00738457
test_11913,0.00017902
test_11914,0.01976225
test_11915,0.00049453
test_11916,0.00531745
test_11917,0.96258902
test_11918,0.99987380
test_11919,0.00320157
test_11920,0.99990512
test_11921,0.09903158
test_11922,0.00189811
test_11923,0.98240617
test_11924,0.99916086
test_11925,0.99994056
test_11926,0.99984692
test_11927,0.99995409
test_11928,0.00986742
test_11929,0.00004585
test_11930,0.99993762
test_11931,0.99445076
test_11932,0.02107461
test_11933,0.52338535
test_11934,0.00004660
test_11935,0.00112475
test_11936,0.82410213
test_11937,0.02932028
test_11938,0.76917594
test_11939,0.05777474
test_11940,0.00005239
test_11941,0.00008383
test_11942,0.99588104
test_11943,0.00030575
test_11944,0.00004613
test_11945,0.99897154
test_11946,0.93939877
test_11947,0.00147859
test_11948,0.29040082
test_11949,0.16849687
test_11950,0.00251829
test_11951,0.00035421
test_11952,0.00022000
test_11953,0.04106672
test_11954,0.04032237
test_11955,0.99449930
test_11956,0.57022208
test_11957,0.98646713
test_11958,0.04317751
test_11959,0.03054884
test_11960,0.00035459
test_11961,0.00354429
test_11962,0.05601497
test_11963,0.99993401
test_11964,0.00009416
test_11965,0.69836897
test_11966,0.99715722
test_11967,0.07684974
test_11968,0.99975980
test_11969,0.00005306
test_11970,0.00161678
test_11971,0.00249677
test_11972,0.99995328
test_11973,0.00005317
test_11974,0.99982100
test_11975,0.99995409
test_11976,0.01026831
test_11977,0.98208958
test_11978,0.99995198
test_11979,0.99978507
test_11980,0.99995084
test_11981,0.00399743
test_11982,0.99484980
test_11983,0.99784366
test_11984,0.96439644
test_11985,0.03119556
test_11986,0.91154008
test_11987,0.07449983
test_11988,0.99995124
test_11989,0.26898567
test_11990,0.98723975
test_11991,0.34233773
test_11992,0.00778367
test_11993,0.99493341
test_11994,0.35491889
test_11995,0.53106462
test_11996,0.00021929
test_11997,0.99295370
test_11998,0.00035092
test_11999,0.00160447
test_12000,0.99968681
test_12001,0.00567619
test_12002,0.00013598
test_12003,0.80771126
test_12004,0.05780334
test_12005,0.00010074
test_12006,0.00249573
test_12007,0.08017505
test_12008,0.00008238
test_12009,0.04684273
test_12010,0.00190247
test_12011,0.98820543
test_12012,0.94118927
test_12013,0.00004909
test_12014,0.99992409
test_12015,0.99411335
test_12016,0.80771505
test_12017,0.99994659
test_12018,0.98117435
test_12019,0.99992857
test_12020,0.01781617
test_12021,0.99861144
test_12022,0.98927183
test_12023,0.00454537
test_12024,0.00009719
test_12025,0.96412666
test_12026,0.00014384
test_12027,0.99984597
test_12028,0.13707130
test_12029,0.57323022
test_12030,0.05053646
test_12031,0.99972648
test_12032,0.03453291
test_12033,0.97711324
test_12034,0.99623950
test_12035,0.99697474
test_12036,0.00007209
test_12037,0.84721195
test_12038,0.00310467
test_12039,0.00367519
test_12040,0.99995075
test_12041,0.99995276
test_12042,0.00151474
test_12043,0.99980132
test_12044,0.00057202
test_12045,0.00040447
test_12046,0.99994307
test_12047,0.00025658
test_12048,0.99251801
test_12049,0.00415596
test_12050,0.00513870
test_12051,0.00005064
test_12052,0.27801391
test_12053,0.00216520
test_12054,0.99993922
test_12055,0.99421453
test_12056,0.99295663
test_12057,0.99827605
test_12058,0.93259443
test_12059,0.99995062
test_12060,0.99991955
test_12061,0.01248128
test_12062,0.00012863
test_12063,0.99860278
test_12064,0.99465958
test_12065,0.99518672
test_12066,0.04160225
test_12067,0.99994533
test_12068,0.00541155
test_12069,0.00004637
test_12070,0.00770743
test_12071,0.99545456
test_12072,0.99715201
test_12073,0.00441784
test_12074,0.01465458
test_12075,0.99989634
test_12076,0.82636262
test_12077,0.00883121
test_12078,0.99982149
test_12079,0.00005033
test_12080,0.00227688
test_12081,0.99994667
test_12082,0.00534403
test_12083,0.00893709
test_12084,0.99993474
test_12085,0.99970368
test_12086,0.98661170
test_12087,0.99405878
test_12088,0.15959355
test_12089,0.00035898
test_12090,0.09414226
test_12091,0.99992864
test_12092,0.99926472
test_12093,0.99995308
test_12094,0.99992475
test_12095,0.99994226
test_12096,0.99994238
test_12097,0.00051322
test_12098,0.99896700
test_12099,0.00004556
test_12100,0.00410894
test_12101,0.99927231
test_12102,0.00005862
test_12103,0.00406195
test_12104,0.63112273
test_12105,0.00035858
test_12106,0.99811404
test_12107,0.99995336
test_12108,0.99992786
test_12109,0.00008124
test_12110,0.00075636
test_12111,0.99995415
test_12112,0.99946749
test_12113,0.99954450
test_12114,0.99953902
test_12115,0.00006011
test_12116,0.00499174
test_12117,0.00781299
test_12118,0.99843497
test_12119,0.83271088
test_12120,0.99428512
test_12121,0.00005942
test_12122,0.26972445
test_12123,0.00006884
test_12124,0.92111993
test_12125,0.00500552
test_12126,0.99992588
test_12127,0.81711777
test_12128,0.96391289
test_12129,0.00308792
test_12130,0.99278064
test_12131,0.99960984
test_12132,0.27711284
test_12133,0.99993676
test_12134,0.99919622
test_12135,0.00854126
test_12136,0.99816974
test_12137,0.99918691
test_12138,0.07084446
test_12139,0.98932371
test_12140,0.99871078
test_12141,0.00576024
test_12142,0.98661662
test_12143,0.52507006
test_12144,0.00009021
test_12145,0.00677741
test_12146,0.99760647
test_12147,0.00983426
test_12148,0.36152746
test_12149,0.99994366
test_12150,0.00728793
test_12151,0.99740054
test_12152,0.91044461
test_12153,0.02135904
test_12154,0.99831789
test_12155,0.78188069
test_12156,0.00005992
test_12157,0.82537267
test_12158,0.02831876
test_12159,0.96632269
test_12160,0.99940221
test_12161,0.99990519
test_12162,0.99753899
test_12163,0.80039510
test_12164,0.99995132
test_12165,0.00097247
test_12166,0.94747317
test_12167,0.99166523
test_12168,0.00050972
test_12169,0.95978168
test_12170,0.00861768
test_12171,0.00071178
test_12172,0.99919136
test_12173,0.99995444
test_12174,0.88556865
test_12175,0.99410339
test_12176,0.01438378
test_12177,0.00103225
test_12178,0.17299125
test_12179,0.00086044
test_12180,0.99155073
test_12181,0.99994537
test_12182,0.99042742
test_12183,0.99871587
test_12184,0.00005449
test_12185,0.99995280
test_12186,0.94347653
test_12187,0.00006241
test_12188,0.00004904
test_12189,0.01336570
test_12190,0.99995225
test_12191,0.99909181
test_12192,0.00035515
test_12193,0.12408659
test_12194,0.00329976
test_12195,0.00359371
test_12196,0.01431293
test_12197,0.00081638
test_12198,0.07593232
test_12199,0.02845289
test_12200,0.99724900
test_12201,0.00019877
test_12202,0.98934096
test_12203,0.98233793
test_12204,0.62865106
test_12205,0.00084935
test_12206,0.00005531
test_12207,0.00004551
test_12208,0.99979898
test_12209,0.99202179
test_12210,0.00611875
test_12211,0.01802051
test_12212,0.99711153
test_12213,0.00005385
test_12214,0.98871561
test_12215,0.99898195
test_12216,0.12021248
test_12217,0.13318573
test_12218,0.03454718
test_12219,0.00403312
test_12220,0.00364284
test_12221,0.19409173
test_12222,0.12678612
test_12223,0.00005168
test_12224,0.55418625
test_12225,0.00310624
test_12226,0.00132454
test_12227,0.01314815
test_12228,0.99995413
test_12229,0.00406371
test_12230,0.58511970
test_12231,0.00059046
test_12232,0.00005181
test_12233,0.00005572
test_12234,0.99746124
test_12235,0.00058811
test_12236,0.00692929
test_12237,0.99360884
test_12238,0.99843789
test_12239,0.99736336
test_12240,0.00251615
test_12241,0.03735460
test_12242,0.03877407
test_12243,0.99896601
test_12244,0.03913482
test_12245,0.00365120
test_12246,0.98292741
test_12247,0.05008985
test_12248,0.00382947
test_12249,0.00237803
test_12250,0.00735524
test_12251,0.00006621
test_12252,0.00009808
test_12253,0.57744475
test_12254,0.96664400
test_12255,0.00486256
test_12256,0.00008608
test_12257,0.05760405
test_12258,0.00004930
test_12259,0.99909376
test_12260,0.99995086
test_12261,0.99995292
test_12262,0.06477902
test_12263,0.84037839
test_12264,0.01493127
test_12265,0.00004860
test_12266,0.01287969
test_12267,0.00063037
test_12268,0.00097991
test_12269,0.99450829
test_12270,0.00073132
test_12271,0.00341675
test_12272,0.99555230
test_12273,0.01413229
test_12274,0.95895231
test_12275,0.00058973
test_12276,0.92650287
test_12277,0.99013999
test_12278,0.00264108
test_12279,0.98227160
test_12280,0.95957515
test_12281,0.00225100
test_12282,0.04703441
test_12283,0.92324289
test_12284,0.00048096
test_12285,0.00935777
test_12286,0.01043142
test_12287,0.99733021
test_12288,0.99910230
test_12289,0.00006178
test_12290,0.01068870
test_12291,0.95803034
test_12292,0.98548805
test_12293,0.87104632
test_12294,0.20501661
test_12295,0.99991153
test_12296,0.99994325
test_12297,0.01044536
test_12298,0.00531984
test_12299,0.95042506
test_12300,0.17548387
test_12301,0.89674958
test_12302,0.18667467
test_12303,0.09090336
test_12304,0.99036806
test_12305,0.00788962
test_12306,0.43556850
test_12307,0.97492805
test_12308,0.41286399
test_12309,0.99486004
test_12310,0.00006711
test_12311,0.95992282
test_12312,0.98859546
test_12313,0.01339866
test_12314,0.96811515
test_12315,0.02695847
test_12316,0.00019164
test_12317,0.00004570
test_12318,0.00006852
test_12319,0.99146259
test_12320,0.99896380
test_12321,0.99995126
test_12322,0.00005679
test_12323,0.00267488
test_12324,0.00005348
test_12325,0.93531719
test_12326,0.99955221
test_12327,0.96904324
test_12328,0.00138065
test_12329,0.50000000
test_12330,0.98921481
test_12331,0.00031358
test_12332,0.99984804
test_12333,0.00277979
test_12334,0.00004947
test_12335,0.99961495
test_12336,0.31924073
test_12337,0.50226943
test_12338,0.00170616
test_12339,0.97726300
test_12340,0.57218432
test_12341,0.00005862
test_12342,0.00004784
test_12343,0.00004566
test_12344,0.91038236
test_12345,0.98606424
test_12346,0.95477965
test_12347,0.99057922
test_12348,0.00875954
test_12349,0.00005683
test_12350,0.01160787
test_12351,0.00170586
test_12352,0.96831262
test_12353,0.88516824
test_12354,0.00149875
test_12355,0.00268679
test_12356,0.03802832
test_12357,0.88132792
test_12358,0.00016241
test_12359,0.96727470
test_12360,0.00201692
test_12361,0.99969403
test_12362,0.99971008
test_12363,0.00007587
test_12364,0.00011088
test_12365,0.98572547
test_12366,0.00809937
test_12367,0.12438020
test_12368,0.99995379
test_12369,0.98801513
test_12370,0.01372290
test_12371,0.99985977
test_12372,0.97882455
test_12373,0.99848028
test_12374,0.00007566
test_12375,0.98446786
test_12376,0.01164968
test_12377,0.00007129
test_12378,0.00271099
test_12379,0.00004595
test_12380,0.00348717
test_12381,0.00151623
test_12382,0.01068837
test_12383,0.00036030
test_12384,0.99540881
test_12385,0.07606783
test_12386,0.99458902
test_12387,0.99995435
test_12388,0.07370888
test_12389,0.00244767
test_12390,0.99315868
test_12391,0.99994190
test_12392,0.00007750
test_12393,0.01872709
test_12394,0.74456426
test_12395,0.98320853
test_12396,0.92813013
test_12397,0.01329883
test_12398,0.02156382
test_12399,0.00006962
test_12400,0.99872684
test_12401,0.00004821
test_12402,0.02558384
test_12403,0.99056619
test_12404,0.00006091
test_12405,0.00127037
test_12406,0.98130801
test_12407,0.99993236
test_12408,0.94186319
test_12409,0.14740705
test_12410,0.04317484
test_12411,0.99817012
test_12412,0.99922890
test_12413,0.18450262
test_12414,0.00990503
test_12415,0.89972661
test_12416,0.99576507
test_12417,0.99993816
test_12418,0.99772998
test_12419,0.98164249
test_12420,0.99994946
test_12421,0.00284417
test_12422,0.99989667
test_12423,0.01105382
test_12424,0.00081184
test_12425,0.07282367
test_12426,0.97574428
test_12427,0.44124885
test_12428,0.94505937
test_12429,0.97082796
test_12430,0.97881523
test_12431,0.98617982
test_12432,0.99663345
test_12433,0.02988312
test_12434,0.99993692
test_12435,0.00025465
test_12436,0.00005399
test_12437,0.00062471
test_12438,0.00825815
test_12439,0.03423518
test_12440,0.81841391
test_12441,0.99994540
test_12442,0.99951672
test_12443,0.00097782
test_12444,0.01028768
test_12445,0.99992141
test_12446,0.01061099
test_12447,0.02319407
test_12448,0.00007030
test_12449,0.82973996
test_12450,0.98233438
test_12451,0.99734209
test_12452,0.98900206
test_12453,0.99976163
test_12454,0.99634537
test_12455,0.07626264
test_12456,0.00177202
test_12457,0.00008182
test_12458,0.98892427
test_12459,0.99663160
test_12460,0.00005979
test_12461,0.99900117
test_12462,0.27820130
test_12463,0.22602973
test_12464,0.00374795
test_12465,0.99993446
test_12466,0.01847869
test_12467,0.99953907
test_12468,0.08628619
test_12469,0.00140913
test_12470,0.98121159
test_12471,0.96032335
test_12472,0.00014654
test_12473,0.99654191
test_12474,0.00406934
test_12475,0.00249293
test_12476,0.99995166
test_12477,0.00006566
test_12478,0.99900394
test_12479,0.00218275
test_12480,0.00004867
test_12481,0.00011590
test_12482,0.99995120
test_12483,0.00004979
test_12484,0.99994312
test_12485,0.00006034
test_12486,0.00031915
test_12487,0.05397198
test_12488,0.00004858
test_12489,0.99994666
test_12490,0.00294183
test_12491,0.00077399
test_12492,0.46296021
test_12493,0.99694485
test_12494,0.97511823
test_12495,0.02176529
test_12496,0.00461608
test_12497,0.05502115
test_12498,0.88649308
test_12499,0.96706469
test_12500,0.99770798
test_12501,0.99536234
test_12502,0.03871787
test_12503,0.99989777
test_12504,0.99719961
test_12505,0.01724975
test_12506,0.99989999
test_12507,0.81169548
test_12508,0.99169493
test_12509,0.00054974
test_12510,0.99641597
test_12511,0.00911788
test_12512,0.00028251
test_12513,0.11587783
test_12514,0.99991867
test_12515,0.22178896
test_12516,0.99994718
test_12517,0.00004614
test_12518,0.00004724
test_12519,0.00004887
test_12520,0.00259575
test_12521,0.00655915
test_12522,0.00109520
test_12523,0.00069318
test_12524,0.98867218
test_12525,0.00097423
test_12526,0.99995418
test_12527,0.00004903
test_12528,0.00682235
test_12529,0.00008251
test_12530,0.99493298
test_12531,0.15998094
test_12532,0.01871008
test_12533,0.97257646
test_12534,0.99890756
test_12535,0.62685890
test_12536,0.00111093
test_12537,0.99988421
test_12538,0.99661883
test_12539,0.00005999
test_12540,0.33716048
test_12541,0.27027732
test_12542,0.00090730
test_12543,0.00174098
test_12544,0.00006100
test_12545,0.99995028
test_12546,0.00280366
test_12547,0.00044812
test_12548,0.85801749
test_12549,0.99873075
test_12550,0.98725346
test_12551,0.00863848
test_12552,0.99705000
test_12553,0.98171889
test_12554,0.00348672
test_12555,0.99973968
test_12556,0.00309678
test_12557,0.28283180
test_12558,0.00005210
test_12559,0.98323449
test_12560,0.99994488
test_12561,0.99410884
test_12562,0.00069759
test_12563,0.99994577
test_12564,0.08265682
test_12565,0.00109821
test_12566,0.99846856
test_12567,0.00005662
test_12568,0.07046725
test_12569,0.99125161
test_12570,0.98704318
test_12571,0.00694009
test_12572,0.99909461
test_12573,0.00211038
test_12574,0.00263530
test_12575,0.00364342
test_12576,0.08291899
test_12577,0.02760893
test_12578,0.01137970
test_12579,0.99991407
test_12580,0.16571095
test_12581,0.99654911
test_12582,0.00369639
test_12583,0.99873087
test_12584,0.88303595
test_12585,0.99975345
test_12586,0.00008557
test_12587,0.02890599
test_12588,0.00008147
test_12589,0.00007531
test_12590,0.37672520
test_12591,0.99650223
test_12592,0.11928657
test_12593,0.00736229
test_12594,0.99990154
test_12595,0.99991773
test_12596,0.00011331
test_12597,0.99744238
test_12598,0.00101077
test_12599,0.00859843
test_12600,0.99965273
test_12601,0.99980746
test_12602,0.00360917
test_12603,0.99993281
test_12604,0.00005463
test_12605,0.01484178
test_12606,0.99670987
test_12607,0.00006278
test_12608,0.99824465
test_12609,0.85220329
test_12610,0.00004753
test_12611,0.00114450
test_12612,0.00965137
test_12613,0.96793324
test_12614,0.99713515
test_12615,0.66041812
test_12616,0.00273017
test_12617,0.01571449
test_12618,0.00006152
test_12619,0.95378529
test_12620,0.99671654
test_12621,0.00005428
test_12622,0.00506140
test_12623,0.99876659
test_12624,0.99731089
test_12625,0.00004556
test_12626,0.04484146
test_12627,0.00005142
test_12628,0.02078564
test_12629,0.99755010
test_12630,0.04354555
test_12631,0.97969364
test_12632,0.00662775
test_12633,0.00170389
test_12634,0.00244324
test_12635,0.00005711
test_12636,0.99488652
test_12637,0.95202948
test_12638,0.03488452
test_12639,0.99613821
test_12640,0.15597599
test_12641,0.00179746
test_12642,0.04492579
test_12643,0.99990997
test_12644,0.00966882
test_12645,0.99740082
test_12646,0.99888266
test_12647,0.00445464
test_12648,0.00445838
test_12649,0.01251626
test_12650,0.99995269
test_12651,0.99802615
test_12652,0.00347767
test_12653,0.91159966
test_12654,0.02874976
test_12655,0.99992932
test_12656,0.99977221
test_12657,0.99603676
test_12658,0.99925469
test_12659,0.00010065
test_12660,0.06238239
test_12661,0.99995431
test_12662,0.98647825
test_12663,0.00513761
test_12664,0.01330797
test_12665,0.98241411
test_12666,0.01148517
test_12667,0.99994008
test_12668,0.00086821
test_12669,0.00005365
test_12670,0.99995127
test_12671,0.99994507
test_12672,0.00446042
test_12673,0.00801309
test_12674,0.99089057
test_12675,0.00515314
test_12676,0.98568631
test_12677,0.48283688
test_12678,0.04287960
test_12679,0.98853972
test_12680,0.99427516
test_12681,0.19696164
test_12682,0.99201344
test_12683,0.00005589
test_12684,0.96805357
test_12685,0.09134268
test_12686,0.99964796
test_12687,0.99907646
test_12688,0.99207858
test_12689,0.03461550
test_12690,0.00793539
test_12691,0.99863629
test_12692,0.96998673
test_12693,0.86703665
test_12694,0.00011048
test_12695,0.00141692
test_12696,0.08096534
test_12697,0.00107187
test_12698,0.99909359
test_12699,0.00772058
test_12700,0.00032486
test_12701,0.99441440
test_12702,0.00005176
test_12703,0.00011180
test_12704,0.99758356
test_12705,0.99489735
test_12706,0.01089287
test_12707,0.88794029
test_12708,0.98807161
test_12709,0.98629551
test_12710,0.00037146
test_12711,0.97394224
test_12712,0.99805417
test_12713,0.17279368
test_12714,0.00233928
test_12715,0.01039634
test_12716,0.00004569
test_12717,0.00280712
test_12718,0.00249224
test_12719,0.97453329
test_12720,0.99991754
test_12721,0.99995064
test_12722,0.96708355
test_12723,0.00037073
test_12724,0.05432638
test_12725,0.99371635
test_12726,0.99992680
test_12727,0.50937196
test_12728,0.92047882
test_12729,0.99599235
test_12730,0.00005589
test_12731,0.99947980
test_12732,0.00031791
test_12733,0.99898234
test_12734,0.99991900
test_12735,0.99982491
test_12736,0.98681987
test_12737,0.99913264
test_12738,0.00609549
test_12739,0.99994129
test_12740,0.00322653
test_12741,0.00006502
test_12742,0.00067120
test_12743,0.00004830
test_12744,0.00005737
test_12745,0.49675711
test_12746,0.91757140
test_12747,0.99991602
test_12748,0.10875447
test_12749,0.00450791
test_12750,0.00577071
test_12751,0.00250027
test_12752,0.99707321
test_12753,0.00024299
test_12754,0.00007851
test_12755,0.99980746
test_12756,0.99982696
test_12757,0.70680023
test_12758,0.00039991
test_12759,0.00005605
test_12760,0.96472128
test_12761,0.99765216
test_12762,0.00007362
test_12763,0.85220727
test_12764,0.03622355
test_12765,0.99992581
test_12766,0.21060125
test_12767,0.00023990
test_12768,0.99994107
test_12769,0.98709878
test_12770,0.00005880
test_12771,0.01677875
test_12772,0.00276495
test_12773,0.99986768
test_12774,0.08195958
test_12775,0.99995372
test_12776,0.02132507
test_12777,0.00005887
test_12778,0.99994468
test_12779,0.00006301
test_12780,0.99995446
test_12781,0.99760052
test_12782,0.02661897
test_12783,0.99683841
test_12784,0.22387517
test_12785,0.99989355
test_12786,0.02104987
test_12787,0.99893271
test_12788,0.00007564
test_12789,0.82570935
test_12790,0.00008420
test_12791,0.00065723
test_12792,0.05978210
test_12793,0.99836626
test_12794,0.11764064
test_12795,0.98382218
test_12796,0.99992663
test_12797,0.97388803
test_12798,0.93436636
test_12799,0.01062209
test_12800,0.59591641
test_12801,0.00005418
test_12802,0.00248966
test_12803,0.99994706
test_12804,0.99986143
test_12805,0.02340816
test_12806,0.01186725
test_12807,0.99029645
test_12808,0.03031925
test_12809,0.99080531
test_12810,0.01927881
test_12811,0.00810778
test_12812,0.96307251
test_12813,0.99483917
test_12814,0.00488262
test_12815,0.00663336
test_12816,0.00043584
test_12817,0.00615753
test_12818,0.00362800
test_12819,0.00005386
test_12820,0.96934517
test_12821,0.00606410
test_12822,0.99736575
test_12823,0.99994310
test_12824,0.10413819
test_12825,0.01234656
test_12826,0.00163572
test_12827,0.00325662
test_12828,0.29938927
test_12829,0.98706305
test_12830,0.01394427
test_12831,0.00436435
test_12832,0.99032494
test_12833,0.00076510
test_12834,0.99994634
test_12835,0.99991340
test_12836,0.96374826
test_12837,0.99994896
test_12838,0.99992373
test_12839,0.00047421
test_12840,0.00266558
test_12841,0.02427388
test_12842,0.00004596
test_12843,0.99994065
test_12844,0.99992031
test_12845,0.00031929
test_12846,0.00007265
test_12847,0.98967321
test_12848,0.99289588
test_12849,0.00004898
test_12850,0.99493907
test_12851,0.03253102
test_12852,0.00539743
test_12853,0.88320729
test_12854,0.20378183
test_12855,0.00183290
test_12856,0.99878593
test_12857,0.99676611
test_12858,0.00005644
test_12859,0.99977225
test_12860,0.99979494
test_12861,0.00108369
test_12862,0.00407889
test_12863,0.01668106
test_12864,0.00004585
test_12865,0.99148204
test_12866,0.52551751
test_12867,0.99550252
test_12868,0.99652857
test_12869,0.00016377
test_12870,0.98433417
test_12871,0.37180643
test_12872,0.99275549
test_12873,0.39464778
test_12874,0.99995103
test_12875,0.05148535
test_12876,0.01405773
test_12877,0.02564831
test_12878,0.99885623
test_12879,0.99495145
test_12880,0.00531979
test_12881,0.00004544
test_12882,0.99990929
test_12883,0.00062623
test_12884,0.00250784
test_12885,0.00005233
test_12886,0.27275097
test_12887,0.00717165
test_12888,0.05248706
test_12889,0.00133565
test_12890,0.97601948
test_12891,0.01838026
test_12892,0.04356976
test_12893,0.92855819
test_12894,0.00282162
test_12895,0.95609818
test_12896,0.95690784
test_12897,0.99898741
test_12898,0.88305318
test_12899,0.00087283
test_12900,0.99990599
test_12901,0.98276383
test_12902,0.99968561
test_12903,0.03135046
test_12904,0.99813973
test_12905,0.99050245
test_12906,0.00007112
test_12907,0.00019066
test_12908,0.98717128
test_12909,0.99994351
test_12910,0.00065888
test_12911,0.99994454
test_12912,0.97521740
test_12913,0.01701001
test_12914,0.00006793
test_12915,0.99501223
test_12916,0.99431547
test_12917,0.99877452
test_12918,0.15320794
test_12919,0.98867851
test_12920,0.99395442
test_12921,0.01620984
test_12922,0.08984670
test_12923,0.99986543
test_12924,0.99995020
test_12925,0.99501496
test_12926,0.89771885
test_12927,0.00088084
test_12928,0.02622330
test_12929,0.85090123
test_12930,0.99990908
test_12931,0.02837238
test_12932,0.00005461
test_12933,0.96875824
test_12934,0.90549592
test_12935,0.00222249
test_12936,0.59766314
test_12937,0.97919542
test_12938,0.00416595
test_12939,0.99966819
test_12940,0.96425073
test_12941,0.06484751
test_12942,0.10531494
test_12943,0.00008147
test_12944,0.99990619
test_12945,0.00033231
test_12946,0.99986235
test_12947,0.99991620
test_12948,0.00004769
test_12949,0.00004841
test_12950,0.94740077
test_12951,0.00340939
test_12952,0.99625679
test_12953,0.99350506
test_12954,0.00005734
test_12955,0.00008242
test_12956,0.48260247
test_12957,0.98738990
test_12958,0.02278502
test_12959,0.15230192
test_12960,0.99987682
test_12961,0.00102069
test_12962,0.00760150
test_12963,0.99584715
test_12964,0.01000618
test_12965,0.98776468
test_12966,0.98078556
test_12967,0.00018237
test_12968,0.08336451
test_12969,0.83602815
test_12970,0.64939750
test_12971,0.00005572
test_12972,0.00455725
test_12973,0.00010733
test_12974,0.01642295
test_12975,0.34751447
test_12976,0.00276626
test_12977,0.00004790
test_12978,0.58969147
test_12979,0.03234495
test_12980,0.00010192
test_12981,0.89944766
test_12982,0.99909725
test_12983,0.01013689
test_12984,0.68533794
test_12985,0.63969880
test_12986,0.98391923
test_12987,0.99794881
test_12988,0.01215880
test_12989,0.90072453
test_12990,0.99993793
test_12991,0.00097331
test_12992,0.00426863
test_12993,0.99994190
test_12994,0.03311111
test_12995,0.72843575
test_12996,0.99888584
test_12997,0.00369142
test_12998,0.99483807
test_12999,0.89017604
test_13000,0.12202051
test_13001,0.99994777
test_13002,0.07286691
test_13003,0.99995438
test_13004,0.00642740
test_13005,0.67976575
test_13006,0.00009313
test_13007,0.00484153
test_13008,0.00102270
test_13009,0.99411468
test_13010,0.01977302
test_13011,0.03624866
test_13012,0.00884275
test_13013,0.99187113
test_13014,0.21783797
test_13015,0.99687633
test_13016,0.00004828
test_13017,0.96301854
test_13018,0.00004958
test_13019,0.99969206
test_13020,0.00672597
test_13021,0.14844577
test_13022,0.09504892
test_13023,0.14052435
test_13024,0.99995011
test_13025,0.99866182
test_13026,0.99779753
test_13027,0.99958709
test_13028,0.00688669
test_13029,0.99573142
test_13030,0.08953748
test_13031,0.98940285
test_13032,0.98323630
test_13033,0.00010036
test_13034,0.98674723
test_13035,0.03386025
test_13036,0.09430458
test_13037,0.98630205
test_13038,0.99844654
test_13039,0.99440405
test_13040,0.99988682
test_13041,0.99565078
test_13042,0.99762187
test_13043,0.99023489
test_13044,0.99995353
test_13045,0.00070666
test_13046,0.98821400
test_13047,0.00004772
test_13048,0.02432672
test_13049,0.98927781
test_13050,0.00005500
test_13051,0.00179421
test_13052,0.95870515
test_13053,0.98981609
test_13054,0.01277686
test_13055,0.00260949
test_13056,0.99995038
test_13057,0.00026658
test_13058,0.01757848
test_13059,0.99994281
test_13060,0.99983460
test_13061,0.99989049
test_13062,0.99647403
test_13063,0.01676243
test_13064,0.00004555
test_13065,0.99073480
test_13066,0.99535812
test_13067,0.00647049
test_13068,0.89362358
test_13069,0.99995388
test_13070,0.99593009
test_13071,0.00031012
test_13072,0.02813164
test_13073,0.97900188
test_13074,0.99914591
test_13075,0.97560800
test_13076,0.02211204
test_13077,0.01891134
test_13078,0.99991542
test_13079,0.99268051
test_13080,0.00603133
test_13081,0.00441753
test_13082,0.77638757
test_13083,0.96807741
test_13084,0.99457506
test_13085,0.99995430
test_13086,0.99994427
test_13087,0.00005341
test_13088,0.96894799
test_13089,0.08055615
test_13090,0.00475539
test_13091,0.00070271
test_13092,0.99992137
test_13093,0.00005010
test_13094,0.95058148
test_13095,0.97472246
test_13096,0.00006284
test_13097,0.00319336
test_13098,0.00005425
test_13099,0.00012710
test_13100,0.28523134
test_13101,0.02406199
test_13102,0.05806418
test_13103,0.00121449
test_13104,0.00025031
test_13105,0.99908610
test_13106,0.99251718
test_13107,0.97260460
test_13108,0.99974832
test_13109,0.00008486
test_13110,0.99995207
test_13111,0.99431867
test_13112,0.99059710
test_13113,0.01810186
test_13114,0.02204309
test_13115,0.89376860
test_13116,0.94775934
test_13117,0.01314416
test_13118,0.15280719
test_13119,0.02004162
test_13120,0.00114318
test_13121,0.00011199
test_13122,0.03859255
test_13123,0.00005187
test_13124,0.99736994
test_13125,0.99995185
test_13126,0.01538556
test_13127,0.99802442
test_13128,0.98559180
test_13129,0.00080361
test_13130,0.97405462
test_13131,0.00435428
test_13132,0.99599722
test_13133,0.00200254
test_13134,0.00092733
test_13135,0.00006643
test_13136,0.00543283
test_13137,0.99994783
test_13138,0.99727977
test_13139,0.10381727
test_13140,0.02605306
test_13141,0.99995114
test_13142,0.00168896
test_13143,0.99991763
test_13144,0.00300944
test_13145,0.00877135
test_13146,0.99937970
test_13147,0.99991677
test_13148,0.00005063
test_13149,0.00006314
test_13150,0.00046824
test_13151,0.99966787
test_13152,0.00108644
test_13153,0.99994347
test_13154,0.05539594
test_13155,0.95752857
test_13156,0.08418141
test_13157,0.98249911
test_13158,0.99390616
test_13159,0.68403537
test_13160,0.40679357
test_13161,0.01245639
test_13162,0.99983149
test_13163,0.99908476
test_13164,0.12579516
test_13165,0.25795787
test_13166,0.03365409
test_13167,0.00513241
test_13168,0.00197358
test_13169,0.00008917
test_13170,0.00046233
test_13171,0.01673326
test_13172,0.97956938
test_13173,0.00314603
test_13174,0.99871231
test_13175,0.00006534
test_13176,0.03915415
test_13177,0.00068207
test_13178,0.00707721
test_13179,0.00006875
test_13180,0.84400569
test_13181,0.00063001
test_13182,0.98588040
test_13183,0.97587715
test_13184,0.00005832
test_13185,0.99351041
test_13186,0.99589508
test_13187,0.99028368
test_13188,0.06382484
test_13189,0.02957556
test_13190,0.00011061
test_13191,0.00033493
test_13192,0.99995383
test_13193,0.11737431
test_13194,0.99850035
test_13195,0.00328949
test_13196,0.99836739
test_13197,0.00142259
test_13198,0.02588179
test_13199,0.99993607
test_13200,0.08751366
test_13201,0.00005158
test_13202,0.42695199
test_13203,0.99842732
test_13204,0.11910315
test_13205,0.02738939
test_13206,0.00148504
test_13207,0.99804814
test_13208,0.15377608
test_13209,0.01459182
test_13210,0.99798568
test_13211,0.98609534
test_13212,0.99992341
test_13213,0.00046085
test_13214,0.00050317
test_13215,0.16557495
test_13216,0.99994073
test_13217,0.99967278
test_13218,0.99123665
test_13219,0.02163002
test_13220,0.99994219
test_13221,0.00173450
test_13222,0.99839277
test_13223,0.00025516
test_13224,0.99995003
test_13225,0.00006326
test_13226,0.99995257
test_13227,0.99994257
test_13228,0.00720404
test_13229,0.00004783
test_13230,0.00009130
test_13231,0.99987588
test_13232,0.99055418
test_13233,0.00004640
test_13234,0.99995319
test_13235,0.00062045
test_13236,0.05157372
test_13237,0.05381217
test_13238,0.98931065
test_13239,0.98037513
test_13240,0.01302541
test_13241,0.00024216
test_13242,0.00007325
test_13243,0.99913664
test_13244,0.97267858
test_13245,0.32126982
test_13246,0.95035147
test_13247,0.99894472
test_13248,0.99831199
test_13249,0.00399530
test_13250,0.99464641
test_13251,0.00009000
test_13252,0.00005098
test_13253,0.00063532
test_13254,0.03172878
test_13255,0.98795655
test_13256,0.00005772
test_13257,0.00011253
test_13258,0.74955717
test_13259,0.99972567
test_13260,0.02956952
test_13261,0.00005503
test_13262,0.00006417
test_13263,0.09202014
test_13264,0.90696480
test_13265,0.99993740
test_13266,0.99408776
test_13267,0.99136140
test_13268,0.00673346
test_13269,0.00224191
test_13270,0.00087011
test_13271,0.01966785
test_13272,0.08710471
test_13273,0.94135359
test_13274,0.00142120
test_13275,0.00034666
test_13276,0.00736293
test_13277,0.07633635
test_13278,0.00373050
test_13279,0.00067801
test_13280,0.00146279
test_13281,0.99391351
test_13282,0.00004570
test_13283,0.97950076
test_13284,0.99581304
test_13285,0.00004570
test_13286,0.99994413
test_13287,0.00601794
test_13288,0.99995437
test_13289,0.00008759
test_13290,0.99927379
test_13291,0.99995221
test_13292,0.99950729
test_13293,0.99994391
test_13294,0.00813224
test_13295,0.98755592
test_13296,0.99985502
test_13297,0.00004993
test_13298,0.99993261
test_13299,0.99994492
test_13300,0.28089532
test_13301,0.93467165
test_13302,0.99984110
test_13303,0.00184696
test_13304,0.99767494
test_13305,0.03577754
test_13306,0.00005737
test_13307,0.00052653
test_13308,0.99635167
test_13309,0.94192634
test_13310,0.99995089
test_13311,0.99545319
test_13312,0.10190861
test_13313,0.99373995
test_13314,0.99886003
test_13315,0.99995125
test_13316,0.00004739
test_13317,0.99791407
test_13318,0.00163494
test_13319,0.99932304
test_13320,0.00085322
test_13321,0.98375833
test_13322,0.00203334
test_13323,0.99444672
test_13324,0.13653907
test_13325,0.00005035
test_13326,0.21611209
test_13327,0.99986617
test_13328,0.00004623
test_13329,0.00327456
test_13330,0.00013901
test_13331,0.00194939
test_13332,0.01695883
test_13333,0.99992919
test_13334,0.00005489
test_13335,0.00006367
test_13336,0.00326679
test_13337,0.94240323
test_13338,0.00065773
test_13339,0.94858704
test_13340,0.00005124
test_13341,0.99994530
test_13342,0.00012828
test_13343,0.85388061
test_13344,0.99994283
test_13345,0.99685593
test_13346,0.73929777
test_13347,0.00637243
test_13348,0.03215158
test_13349,0.00004838
test_13350,0.00711817
test_13351,0.99848685
test_13352,0.00036182
test_13353,0.00023194
test_13354,0.99690213
test_13355,0.00890616
test_13356,0.98375432
test_13357,0.01963267
test_13358,0.99816371
test_13359,0.99567917
test_13360,0.99629440
test_13361,0.00005409
test_13362,0.99480858
test_13363,0.00005574
test_13364,0.99990773
test_13365,0.99708192
test_13366,0.99995331
test_13367,0.99994807
test_13368,0.99995383
test_13369,0.04649472
test_13370,0.99415899
test_13371,0.99977390
test_13372,0.99995369
test_13373,0.99045078
test_13374,0.97649429
test_13375,0.99994940
test_13376,0.99952396
test_13377,0.99994290
test_13378,0.00004555
test_13379,0.00014741
test_13380,0.65757249
test_13381,0.00598836
test_13382,0.99994990
test_13383,0.99994814
test_13384,0.99978731
test_13385,0.99611148
test_13386,0.03716022
test_13387,0.01932916
test_13388,0.00010019
test_13389,0.00004640
test_13390,0.02787805
test_13391,0.91409333
test_13392,0.00364031
test_13393,0.99258481
test_13394,0.99540023
test_13395,0.98553631
test_13396,0.99995020
test_13397,0.17720621
test_13398,0.20684167
test_13399,0.99737250
test_13400,0.99995282
test_13401,0.17204566
test_13402,0.98405726
test_13403,0.99943218
test_13404,0.99895163
test_13405,0.99994561
test_13406,0.98401149
test_13407,0.00088032
test_13408,0.00623639
test_13409,0.99035277
test_13410,0.28710494
test_13411,0.99898906
test_13412,0.98295947
test_13413,0.45036980
test_13414,0.00096126
test_13415,0.99800501
test_13416,0.99995359
test_13417,0.03614790
test_13418,0.00201439
test_13419,0.83327937
test_13420,0.99911694
test_13421,0.00006721
test_13422,0.00009671
test_13423,0.01197408
test_13424,0.99989753
test_13425,0.11476011
test_13426,0.03678299
test_13427,0.99466870
test_13428,0.99995004
test_13429,0.99849048
test_13430,0.00104334
test_13431,0.99995283
test_13432,0.00006320
test_13433,0.00212590
test_13434,0.98910941
test_13435,0.44836624
test_13436,0.00369127
test_13437,0.00029437
test_13438,0.95906600
test_13439,0.99989113
test_13440,0.99730087
test_13441,0.99325369
test_13442,0.99742267
test_13443,0.11093404
test_13444,0.99849629
test_13445,0.99992041
test_13446,0.00095479
test_13447,0.12485336
test_13448,0.00005069
test_13449,0.00004947
test_13450,0.75508590
test_13451,0.03173359
test_13452,0.99754353
test_13453,0.99582740
test_13454,0.00078608
test_13455,0.00008292
test_13456,0.99261967
test_13457,0.85284177
test_13458,0.98893201
test_13459,0.99994194
test_13460,0.00312782
test_13461,0.00004647
test_13462,0.99994250
test_13463,0.00013145
test_13464,0.00004797
test_13465,0.00541116
test_13466,0.99994657
test_13467,0.00813551
test_13468,0.00305362
test_13469,0.99706313
test_13470,0.71394880
test_13471,0.99994893
test_13472,0.99503743
test_13473,0.99815917
test_13474,0.89673730
test_13475,0.99873761
test_13476,0.04524813
test_13477,0.99801033
test_13478,0.99252065
test_13479,0.70342837
test_13480,0.98929389
test_13481,0.99685831
test_13482,0.00075496
test_13483,0.99316825
test_13484,0.00065217
test_13485,0.99050659
test_13486,0.13260520
test_13487,0.06978811
test_13488,0.00602085
test_13489,0.99810455
test_13490,0.00111762
test_13491,0.04552556
test_13492,0.99994871
test_13493,0.99995346
test_13494,0.00004906
test_13495,0.00087806
test_13496,0.99993971
test_13497,0.02216545
test_13498,0.28597708
test_13499,0.02969097
test_13500,0.99943667
test_13501,0.00005485
test_13502,0.00006494
test_13503,0.00129111
test_13504,0.00005678
test_13505,0.00359974
test_13506,0.30440632
test_13507,0.00005641
test_13508,0.99994229
test_13509,0.05617435
test_13510,0.26659507
test_13511,0.99067114
test_13512,0.95380604
test_13513,0.00014910
test_13514,0.09734021
test_13515,0.00075709
test_13516,0.01948070
test_13517,0.03606696
test_13518,0.00291686
test_13519,0.00224173
test_13520,0.00283334
test_13521,0.99992640
test_13522,0.01096038
test_13523,0.85680456
test_13524,0.98891078
test_13525,0.85849765
test_13526,0.00927612
test_13527,0.99800644
test_13528,0.99937055
test_13529,0.94811140
test_13530,0.99995043
test_13531,0.00026160
test_13532,0.02260096
test_13533,0.81384951
test_13534,0.00089654
test_13535,0.96481738
test_13536,0.00208815
test_13537,0.00102714
test_13538,0.00572679
test_13539,0.09017737
test_13540,0.99994721
test_13541,0.99376539
test_13542,0.00210886
test_13543,0.00134833
test_13544,0.99991309
test_13545,0.99463643
test_13546,0.99995402
test_13547,0.00010837
test_13548,0.97107180
test_13549,0.05477939
test_13550,0.00182447
test_13551,0.99011495
test_13552,0.02119458
test_13553,0.91533368
test_13554,0.52619764
test_13555,0.00006267
test_13556,0.42110497
test_13557,0.99994855
test_13558,0.00006942
test_13559,0.00463043
test_13560,0.00158875
test_13561,0.00009961
test_13562,0.10647931
test_13563,0.99977587
test_13564,0.99812542
test_13565,0.99994337
test_13566,0.95877734
test_13567,0.99995397
test_13568,0.99038745
test_13569,0.99939602
test_13570,0.99319434
test_13571,0.00196706
test_13572,0.97755577
test_13573,0.97746771
test_13574,0.00351285
test_13575,0.99975672
test_13576,0.00016974
test_13577,0.00992136
test_13578,0.99990305
test_13579,0.03383339
test_13580,0.00047602
test_13581,0.99994987
test_13582,0.99980844
test_13583,0.00025658
test_13584,0.99995389
test_13585,0.99994361
test_13586,0.97713027
test_13587,0.00193859
test_13588,0.99992067
test_13589,0.99954983
test_13590,0.00530375
test_13591,0.18149398
test_13592,0.66114892
test_13593,0.99636060
test_13594,0.01182959
test_13595,0.04480129
test_13596,0.00005518
test_13597,0.00076284
test_13598,0.00080095
test_13599,0.99832609
test_13600,0.00356549
test_13601,0.99919402
test_13602,0.99842756
test_13603,0.99995240
test_13604,0.99965692
test_13605,0.00085708
test_13606,0.99851916
test_13607,0.00032434
test_13608,0.00005483
test_13609,0.99977474
test_13610,0.99653842
test_13611,0.98609477
test_13612,0.99358387
test_13613,0.90554029
test_13614,0.99714451
test_13615,0.47577702
test_13616,0.00012881
test_13617,0.96718332
test_13618,0.00360203
test_13619,0.99683749
test_13620,0.81263323
test_13621,0.99197427
test_13622,0.99995031
test_13623,0.00363328
test_13624,0.03180713
test_13625,0.99707844
test_13626,0.00008246
test_13627,0.00007267
test_13628,0.98937277
test_13629,0.00094862
test_13630,0.00004881
test_13631,0.01856674
test_13632,0.92706872
test_13633,0.05657892
test_13634,0.67496165
test_13635,0.97302126
test_13636,0.99927890
test_13637,0.99585999
test_13638,0.99548685
test_13639,0.87632585
test_13640,0.24855870
test_13641,0.98484012
test_13642,0.00026595
test_13643,0.01068663
test_13644,0.00011874
test_13645,0.99994649
test_13646,0.99993318
test_13647,0.99969607
test_13648,0.26530498
test_13649,0.00237478
test_13650,0.00004753
test_13651,0.03973635
test_13652,0.00593979
test_13653,0.87282773
test_13654,0.00008398
test_13655,0.61787632
test_13656,0.03622913
test_13657,0.80841541
test_13658,0.40535991
test_13659,0.95552915
test_13660,0.00005278
test_13661,0.02434912
test_13662,0.66453055
test_13663,0.00004980
test_13664,0.99840238
test_13665,0.00006140
test_13666,0.99986780
test_13667,0.00005164
test_13668,0.00004773
test_13669,0.99815973
test_13670,0.00368499
test_13671,0.00164903
test_13672,0.00007952
test_13673,0.00006390
test_13674,0.99962242
test_13675,0.01796693
test_13676,0.93129743
test_13677,0.00028752
test_13678,0.00004765
test_13679,0.00062893
test_13680,0.00512911
test_13681,0.99580228
test_13682,0.99824416
test_13683,0.99697601
test_13684,0.01732381
test_13685,0.99674621
test_13686,0.00009156
test_13687,0.99933004
test_13688,0.99229951
test_13689,0.98826523
test_13690,0.00349038
test_13691,0.99556228
test_13692,0.00009659
test_13693,0.00113267
test_13694,0.00110502
test_13695,0.95816877
test_13696,0.78026982
test_13697,0.00290108
test_13698,0.95105798
test_13699,0.99993625
test_13700,0.97977879
test_13701,0.00313002
test_13702,0.98836206
test_13703,0.00548305
test_13704,0.03748294
test_13705,0.99660954
test_13706,0.00012967
test_13707,0.00082638
test_13708,0.01560371
test_13709,0.99582352
test_13710,0.04601131
test_13711,0.01090568
test_13712,0.99052827
test_13713,0.33696057
test_13714,0.01115481
test_13715,0.00572456
test_13716,0.00023563
test_13717,0.99992796
test_13718,0.94194111
test_13719,0.05396282
test_13720,0.65278895
test_13721,0.97458728
test_13722,0.99817357
test_13723,0.08695444
test_13724,0.00017290
test_13725,0.99995131
test_13726,0.00681805
test_13727,0.99858369
test_13728,0.00556496
test_13729,0.99994092
test_13730,0.00009460
test_13731,0.00006428
test_13732,0.99994746
test_13733,0.99770344
test_13734,0.06577451
test_13735,0.98100259
test_13736,0.99994700
test_13737,0.00006563
test_13738,0.99984634
test_13739,0.99968454
test_13740,0.02844619
test_13741,0.00006202
test_13742,0.00118306
test_13743,0.00507402
test_13744,0.05345975
test_13745,0.00008129
test_13746,0.17408295
test_13747,0.00339143
test_13748,0.00008862
test_13749,0.99939912
test_13750,0.03023602
test_13751,0.99800602
test_13752,0.00005573
test_13753,0.95866682
test_13754,0.99174195
test_13755,0.00073056
test_13756,0.99994890
test_13757,0.02444641
test_13758,0.01409569
test_13759,0.99528293
test_13760,0.00008203
test_13761,0.00115915
test_13762,0.01422510
test_13763,0.99995267
test_13764,0.99708812
test_13765,0.99263425
test_13766,0.00042992
test_13767,0.00734052
test_13768,0.98344031
test_13769,0.92136449
test_13770,0.00067098
test_13771,0.99913190
test_13772,0.00027558
test_13773,0.98215192
test_13774,0.01492388
test_13775,0.00005377
test_13776,0.99914596
test_13777,0.99697755
test_13778,0.98431333
test_13779,0.96884139
test_13780,0.99993734
test_13781,0.00006868
test_13782,0.99832216
test_13783,0.00192867
test_13784,0.00069776
test_13785,0.98624470
test_13786,0.04463760
test_13787,0.99915173
test_13788,0.05724015
test_13789,0.98040221
test_13790,0.00005046
test_13791,0.00663994
test_13792,0.99995309
test_13793,0.00006026
test_13794,0.00038245
test_13795,0.02823750
test_13796,0.96805117
test_13797,0.99995316
test_13798,0.04221074
test_13799,0.00420714
test_13800,0.99898329
test_13801,0.99382340
test_13802,0.00007304
test_13803,0.00004709
test_13804,0.04496150
test_13805,0.00371482
test_13806,0.99955600
test_13807,0.00005250
test_13808,0.99604333
test_13809,0.02158941
test_13810,0.99995433
test_13811,0.34921385
test_13812,0.86808393
test_13813,0.99978343
test_13814,0.00004864
test_13815,0.89188262
test_13816,0.88668511
test_13817,0.97155963
test_13818,0.01386268
test_13819,0.99063683
test_13820,0.78001260
test_13821,0.05059004
test_13822,0.00024862
test_13823,0.99994442
test_13824,0.00122144
test_13825,0.00053101
test_13826,0.96565902
test_13827,0.99994469
test_13828,0.99946174
test_13829,0.99994658
test_13830,0.00005848
test_13831,0.09602541
test_13832,0.99919241
test_13833,0.99994855
test_13834,0.00021446
test_13835,0.97034426
test_13836,0.99957695
test_13837,0.00201701
test_13838,0.02793155
test_13839,0.99994540
test_13840,0.99949402
test_13841,0.00004616
test_13842,0.96181736
test_13843,0.14137264
test_13844,0.00253144
test_13845,0.90060390
test_13846,0.91273818
test_13847,0.00005260
test_13848,0.99915834
test_13849,0.01363234
test_13850,0.80446385
test_13851,0.17404049
test_13852,0.00784310
test_13853,0.99331372
test_13854,0.98017769
test_13855,0.01135171
test_13856,0.00081545
test_13857,0.95004565
test_13858,0.99995401
test_13859,0.99871699
test_13860,0.01899338
test_13861,0.98171211
test_13862,0.95436621
test_13863,0.99586987
test_13864,0.00549016
test_13865,0.99994919
test_13866,0.00005837
test_13867,0.00102394
test_13868,0.00162986
test_13869,0.95195792
test_13870,0.26104000
test_13871,0.01937125
test_13872,0.00007726
test_13873,0.99993858
test_13874,0.99995257
test_13875,0.00007508
test_13876,0.99994651
test_13877,0.00007259
test_13878,0.99928204
test_13879,0.03678510
test_13880,0.99995331
test_13881,0.99995412
test_13882,0.00004914
test_13883,0.99994854
test_13884,0.00005701
test_13885,0.07717517
test_13886,0.05363172
test_13887,0.96111340
test_13888,0.98424360
test_13889,0.00156658
test_13890,0.01693629
test_13891,0.99952729
test_13892,0.99890830
test_13893,0.03901116
test_13894,0.03829521
test_13895,0.01896410
test_13896,0.89027154
test_13897,0.00175194
test_13898,0.99719967
test_13899,0.99983432
test_13900,0.99964389
test_13901,0.00540744
test_13902,0.00004900
test_13903,0.99989509
test_13904,0.99881899
test_13905,0.00004820
test_13906,0.99948543
test_13907,0.99995101
test_13908,0.00010901
test_13909,0.20174681
test_13910,0.99990760
test_13911,0.54525196
test_13912,0.99495311
test_13913,0.00770495
test_13914,0.00448093
test_13915,0.00987637
test_13916,0.99590289
test_13917,0.02303488
test_13918,0.00111328
test_13919,0.86664208
test_13920,0.04345285
test_13921,0.99910883
test_13922,0.82086468
test_13923,0.99847769
test_13924,0.95991760
test_13925,0.95440173
test_13926,0.99781633
test_13927,0.00011826
test_13928,0.99846904
test_13929,0.99955505
test_13930,0.99993862
test_13931,0.99795867
test_13932,0.99989806
test_13933,0.80738472
test_13934,0.01501279
test_13935,0.00106228
test_13936,0.99847771
test_13937,0.99947597
test_13938,0.99956676
test_13939,0.99994272
test_13940,0.96011213
test_13941,0.04139047
test_13942,0.03777110
test_13943,0.99502106
test_13944,0.99978216
test_13945,0.00005247
test_13946,0.01162065
test_13947,0.99964074
test_13948,0.01258873
test_13949,0.00004557
test_13950,0.00005171
test_13951,0.00630215
test_13952,0.98467309
test_13953,0.95505562
test_13954,0.99668227
test_13955,0.94831278
test_13956,0.94421026
test_13957,0.00059497
test_13958,0.99814275
test_13959,0.00503440
test_13960,0.99855460
test_13961,0.98795186
test_13962,0.99765638
test_13963,0.99722737
test_13964,0.99787669
test_13965,0.99907530
test_13966,0.00040591
test_13967,0.99994860
test_13968,0.99438325
test_13969,0.00304500
test_13970,0.00876469
test_13971,0.99993119
test_13972,0.00162357
test_13973,0.99995170
test_13974,0.99698932
test_13975,0.99784850
test_13976,0.99868666
test_13977,0.99990888
test_13978,0.99800042
test_13979,0.00005847
test_13980,0.00489021
test_13981,0.00726287
test_13982,0.00937473
test_13983,0.96154365
test_13984,0.98758255
test_13985,0.99879638
test_13986,0.95914112
test_13987,0.21075945
test_13988,0.99242826
test_13989,0.99947534
test_13990,0.99994161
test_13991,0.00108158
test_13992,0.93318165
test_13993,0.12261022
test_13994,0.12020907
test_13995,0.96747946
test_13996,0.99794229
test_13997,0.00147344
test_13998,0.01667929
test_13999,0.99865143
test_14000,0.08437954
test_14001,0.00089523
test_14002,0.00015634
test_14003,0.41330098
test_14004,0.99138483
test_14005,0.00005850
test_14006,0.99916448
test_14007,0.99990425
test_14008,0.99565617
test_14009,0.99712833
test_14010,0.00006044
test_14011,0.97146377
test_14012,0.99932404
test_14013,0.99923179
test_14014,0.00524851
test_14015,0.97615967
test_14016,0.99992640
test_14017,0.00005435
test_14018,0.03996417
test_14019,0.99995055
test_14020,0.02371581
test_14021,0.01104579
test_14022,0.96972748
test_14023,0.00004826
test_14024,0.00006136
test_14025,0.99855380
test_14026,0.00054514
test_14027,0.00004894
test_14028,0.99027877
test_14029,0.00015531
test_14030,0.99449146
test_14031,0.95531818
test_14032,0.00005781
test_14033,0.00148242
test_14034,0.00008135
test_14035,0.01928894
test_14036,0.01220296
test_14037,0.00525662
test_14038,0.02637077
test_14039,0.93107425
test_14040,0.00428259
test_14041,0.00008908
test_14042,0.99918935
test_14043,0.96593397
test_14044,0.95283712
test_14045,0.00010692
test_14046,0.01810717
test_14047,0.99926895
test_14048,0.00493094
test_14049,0.00380005
test_14050,0.00474450
test_14051,0.00005750
test_14052,0.99678790
test_14053,0.98834261
test_14054,0.99408632
test_14055,0.00011224
test_14056,0.00376962
test_14057,0.99829898
test_14058,0.99966023
test_14059,0.99927284
test_14060,0.00646697
test_14061,0.99591776
test_14062,0.00091117
test_14063,0.00005100
test_14064,0.97329672
test_14065,0.99994249
test_14066,0.20685556
test_14067,0.07112576
test_14068,0.99949487
test_14069,0.02083941
test_14070,0.00133906
test_14071,0.00887094
test_14072,0.00501596
test_14073,0.00778475
test_14074,0.99490296
test_14075,0.00142521
test_14076,0.00005918
test_14077,0.99611341
test_14078,0.99994827
test_14079,0.99161145
test_14080,0.99436675
test_14081,0.91027702
test_14082,0.00119766
test_14083,0.00006089
test_14084,0.99990109
test_14085,0.99778761
test_14086,0.03244103
test_14087,0.96914363
test_14088,0.99988918
test_14089,0.00431660
test_14090,0.01220631
test_14091,0.00006787
test_14092,0.19909460
test_14093,0.02013233
test_14094,0.99988956
test_14095,0.99959211
test_14096,0.84421025
test_14097,0.99734762
test_14098,0.89730436
test_14099,0.00522398
test_14100,0.00090463
test_14101,0.99993812
test_14102,0.00455837
test_14103,0.01233426
test_14104,0.98298253
test_14105,0.06918935
test_14106,0.99424889
test_14107,0.93105680
test_14108,0.00097226
test_14109,0.01681959
test_14110,0.00036087
test_14111,0.98832697
test_14112,0.02711087
test_14113,0.01062247
test_14114,0.00006243
test_14115,0.00055889
test_14116,0.99698514
test_14117,0.99906313
test_14118,0.05508934
test_14119,0.99750278
test_14120,0.00120879
test_14121,0.00348372
test_14122,0.03492967
test_14123,0.99682538
test_14124,0.00018809
test_14125,0.99990908
test_14126,0.98884136
test_14127,0.90924799
test_14128,0.02810237
test_14129,0.99755176
test_14130,0.02050176
test_14131,0.21194011
test_14132,0.99994651
test_14133,0.00028488
test_14134,0.00059267
test_14135,0.90370552
test_14136,0.00313820
test_14137,0.00074060
test_14138,0.00052214
test_14139,0.03958810
test_14140,0.97514266
test_14141,0.99618043
test_14142,0.00007819
test_14143,0.00054258
test_14144,0.04659558
test_14145,0.17873224
test_14146,0.99818987
test_14147,0.99617134
test_14148,0.00005470
test_14149,0.98581158
test_14150,0.01425416
test_14151,0.96730109
test_14152,0.99225145
test_14153,0.00005082
test_14154,0.94918265
test_14155,0.52325792
test_14156,0.16557404
test_14157,0.00131733
test_14158,0.96217977
test_14159,0.00160107
test_14160,0.00005972
test_14161,0.00004989
test_14162,0.99711162
test_14163,0.99881654
test_14164,0.00089050
test_14165,0.99995133
test_14166,0.02623795
test_14167,0.99796793
test_14168,0.03631664
test_14169,0.00006272
test_14170,0.99995280
test_14171,0.97058416
test_14172,0.00004993
test_14173,0.00443951
test_14174,0.85505367
test_14175,0.99992547
test_14176,0.04645924
test_14177,0.00005131
test_14178,0.95141866
test_14179,0.96595267
test_14180,0.00324571
test_14181,0.42760719
test_14182,0.00503542
test_14183,0.99995228
test_14184,0.04140689
test_14185,0.96610215
test_14186,0.01169267
test_14187,0.00004807
test_14188,0.00186296
test_14189,0.00104364
test_14190,0.99579970
test_14191,0.99988055
test_14192,0.98637711
test_14193,0.03097727
test_14194,0.21373354
test_14195,0.99620266
test_14196,0.99688002
test_14197,0.99428555
test_14198,0.77274167
test_14199,0.10225899
test_14200,0.00206534
test_14201,0.00068147
test_14202,0.00070816
test_14203,0.89750155
test_14204,0.19603778
test_14205,0.85999661
test_14206,0.95500165
test_14207,0.00046324
test_14208,0.99680635
test_14209,0.00005342
test_14210,0.99342183
test_14211,0.00024946
test_14212,0.99963587
test_14213,0.00004855
test_14214,0.99989865
test_14215,0.98528760
test_14216,0.42519886
test_14217,0.00088259
test_14218,0.02203320
test_14219,0.97038136
test_14220,0.00005147
test_14221,0.99952215
test_14222,0.00082889
test_14223,0.00459498
test_14224,0.00084056
test_14225,0.99995420
test_14226,0.00010520
test_14227,0.99903909
test_14228,0.00049405
test_14229,0.99994028
test_14230,0.99916362
test_14231,0.00355445
test_14232,0.00127683
test_14233,0.99995445
test_14234,0.01652550
test_14235,0.00004718
test_14236,0.02354997
test_14237,0.99061178
test_14238,0.00374964
test_14239,0.99991657
test_14240,0.00006868
test_14241,0.97606607
test_14242,0.11641972
test_14243,0.99989146
test_14244,0.87668154
test_14245,0.99569876
test_14246,0.98931961
test_14247,0.99101631
test_14248,0.99970177
test_14249,0.00089638
test_14250,0.95165594
test_14251,0.99331236
test_14252,0.98046010
test_14253,0.99994395
test_14254,0.99932129
test_14255,0.00208178
test_14256,0.00005382
test_14257,0.99519476
test_14258,0.02312507
test_14259,0.99994469
test_14260,0.00088029
test_14261,0.00768022
test_14262,0.99955346
test_14263,0.32712758
test_14264,0.92298361
test_14265,0.00010436
test_14266,0.00005283
test_14267,0.89266341
test_14268,0.00131893
test_14269,0.00087452
test_14270,0.00595946
test_14271,0.00704687
test_14272,0.99354532
test_14273,0.00957399
test_14274,0.99048391
test_14275,0.00291143
test_14276,0.31434485
test_14277,0.00005144
test_14278,0.99995194
test_14279,0.99939499
test_14280,0.99994807
test_14281,0.99595698
test_14282,0.01283219
test_14283,0.00090044
test_14284,0.99995140
test_14285,0.99940739
test_14286,0.99870841
test_14287,0.00459658
test_14288,0.94131607
test_14289,0.99925118
test_14290,0.00440891
test_14291,0.99363782
test_14292,0.05964441
test_14293,0.68636982
test_14294,0.00164623
test_14295,0.99994947
test_14296,0.99992854
test_14297,0.96983643
test_14298,0.88998381
test_14299,0.99791983
test_14300,0.00728965
test_14301,0.00046795
test_14302,0.00011424
test_14303,0.99268964
test_14304,0.70598285
test_14305,0.98545160
test_14306,0.99831852
test_14307,0.99993118
test_14308,0.99928443
test_14309,0.02081464
test_14310,0.01970948
test_14311,0.96905813
test_14312,0.87185698
test_14313,0.99945071
test_14314,0.99353945
test_14315,0.06745279
test_14316,0.01346390
test_14317,0.99739522
test_14318,0.00008387
test_14319,0.99759186
test_14320,0.00270125
test_14321,0.98544108
test_14322,0.98387303
test_14323,0.02618912
test_14324,0.99990928
test_14325,0.16302216
test_14326,0.00004850
test_14327,0.00449057
test_14328,0.98179542
test_14329,0.00866856
test_14330,0.00350499
test_14331,0.00007712
test_14332,0.99830252
test_14333,0.02605865
test_14334,0.99994728
test_14335,0.99993630
test_14336,0.99982611
test_14337,0.00004611
test_14338,0.00321926
test_14339,0.99976424
test_14340,0.99429368
test_14341,0.99387059
test_14342,0.00175556
test_14343,0.97771256
test_14344,0.00007828
test_14345,0.18851250
test_14346,0.99977798
test_14347,0.99692376
test_14348,0.00009345
test_14349,0.99711162
test_14350,0.00008002
test_14351,0.00005586
test_14352,0.00004589
test_14353,0.99995390
test_14354,0.00005711
test_14355,0.98107509
test_14356,0.95145369
test_14357,0.00750239
test_14358,0.99874343
test_14359,0.99976764
test_14360,0.93231114
test_14361,0.00181726
test_14362,0.99706139
test_14363,0.00005283
test_14364,0.99464074
test_14365,0.00040652
test_14366,0.98935679
test_14367,0.97373260
test_14368,0.60381324
test_14369,0.94886314
test_14370,0.99991104
test_14371,0.99984010
test_14372,0.00005528
test_14373,0.00566918
test_14374,0.00340630
test_14375,0.00173085
test_14376,0.00198664
test_14377,0.00018234
test_14378,0.92648998
test_14379,0.00004575
test_14380,0.94499432
test_14381,0.05121765
test_14382,0.00215255
test_14383,0.99890534
test_14384,0.00203974
test_14385,0.01136940
test_14386,0.81818886
test_14387,0.81506535
test_14388,0.00005188
test_14389,0.02527569
test_14390,0.99994913
test_14391,0.87952576
test_14392,0.99519074
test_14393,0.01331526
test_14394,0.99955055
test_14395,0.70796405
test_14396,0.99488825
test_14397,0.99995061
test_14398,0.98372269
test_14399,0.99988588
test_14400,0.98655157
test_14401,0.00016480
test_14402,0.00007550
test_14403,0.99994394
test_14404,0.16647017
test_14405,0.99884540
test_14406,0.99469703
test_14407,0.11528219
test_14408,0.11351609
test_14409,0.99993954
test_14410,0.99742018
test_14411,0.03988918
test_14412,0.99990446
test_14413,0.99906375
test_14414,0.00006874
test_14415,0.98268768
test_14416,0.99603648
test_14417,0.04487954
test_14418,0.13139159
test_14419,0.00004696
test_14420,0.00362186
test_14421,0.99351570
test_14422,0.02055840
test_14423,0.00722165
test_14424,0.00318730
test_14425,0.03023527
test_14426,0.10994157
test_14427,0.99991058
test_14428,0.00092968
test_14429,0.99981319
test_14430,0.00356953
test_14431,0.99725779
test_14432,0.00192604
test_14433,0.97748841
test_14434,0.99865867
test_14435,0.00011276
test_14436,0.01769020
test_14437,0.97995923
test_14438,0.99511086
test_14439,0.02656026
test_14440,0.01011162
test_14441,0.99995352
test_14442,0.00005929
test_14443,0.97822788
test_14444,0.95429108
test_14445,0.00161132
test_14446,0.07916744
test_14447,0.99842715
test_14448,0.10043208
test_14449,0.00134437
test_14450,0.10170142
test_14451,0.98062701
test_14452,0.00007339
test_14453,0.01753108
test_14454,0.00874462
test_14455,0.62954074
test_14456,0.99927191
test_14457,0.04365178
test_14458,0.98482726
test_14459,0.00005742
test_14460,0.00074334
test_14461,0.00717229
test_14462,0.99740371
test_14463,0.08623755
test_14464,0.99947217
test_14465,0.99852553
test_14466,0.99660333
test_14467,0.52410152
test_14468,0.00911495
test_14469,0.00844310
test_14470,0.99988725
test_14471,0.00066529
test_14472,0.00009219
test_14473,0.01954682
test_14474,0.99458464
test_14475,0.00181280
test_14476,0.99914967
test_14477,0.99296637
test_14478,0.99077919
test_14479,0.88462443
test_14480,0.99912371
test_14481,0.09977182
test_14482,0.92125477
test_14483,0.24667533
test_14484,0.98475342
test_14485,0.03533529
test_14486,0.00016375
test_14487,0.99329199
test_14488,0.99440193
test_14489,0.00984205
test_14490,0.01215665
test_14491,0.99993552
test_14492,0.14742016
test_14493,0.01243807
test_14494,0.31060189
test_14495,0.00006438
test_14496,0.00210338
test_14497,0.99992499
test_14498,0.99994995
test_14499,0.00049455
test_14500,0.00005828
test_14501,0.00006705
test_14502,0.99813156
test_14503,0.99449848
test_14504,0.03504763
test_14505,0.00004955
test_14506,0.00140436
test_14507,0.99755746
test_14508,0.00330006
test_14509,0.00005665
test_14510,0.86872574
test_14511,0.99144177
test_14512,0.99989584
test_14513,0.00407734
test_14514,0.00151040
test_14515,0.00006458
test_14516,0.99993079
test_14517,0.00004923
test_14518,0.99597544
test_14519,0.98687786
test_14520,0.01422963
test_14521,0.99619847
test_14522,0.00005875
test_14523,0.99994492
test_14524,0.98911822
test_14525,0.97659682
test_14526,0.00355723
test_14527,0.98035043
test_14528,0.99642919
test_14529,0.00043825
test_14530,0.99824458
test_14531,0.99369724
test_14532,0.00021382
test_14533,0.00177159
test_14534,0.99930860
test_14535,0.00131084
test_14536,0.99873333
test_14537,0.00783407
test_14538,0.00042955
test_14539,0.00005638
test_14540,0.99676031
test_14541,0.00131335
test_14542,0.99993900
test_14543,0.00006778
test_14544,0.02845638
test_14545,0.97199310
test_14546,0.59295082
test_14547,0.96714448
test_14548,0.01269030
test_14549,0.14886821
test_14550,0.99805975
test_14551,0.99409339
test_14552,0.01537660
test_14553,0.99993878
test_14554,0.00004826
test_14555,0.06632550
test_14556,0.86375304
test_14557,0.99225659
test_14558,0.01407977
test_14559,0.00008860
test_14560,0.00300244
test_14561,0.99990736
test_14562,0.99993974
test_14563,0.98692529
test_14564,0.00005358
test_14565,0.99814933
test_14566,0.98830025
test_14567,0.96258986
test_14568,0.99995240
test_14569,0.10839985
test_14570,0.99772161
test_14571,0.00009897
test_14572,0.26152112
test_14573,0.99995226
test_14574,0.99977685
test_14575,0.00732980
test_14576,0.30118562
test_14577,0.99263295
test_14578,0.06806098
test_14579,0.00013106
test_14580,0.96982725
test_14581,0.99606317
test_14582,0.99995456
test_14583,0.99995280
test_14584,0.99991962
test_14585,0.99557749
test_14586,0.05824157
test_14587,0.00383837
test_14588,0.99640675
test_14589,0.00280168
test_14590,0.99883926
test_14591,0.99290970
test_14592,0.99259330
test_14593,0.99851878
test_14594,0.98534369
test_14595,0.97243274
test_14596,0.01204249
test_14597,0.20911083
test_14598,0.00005123
test_14599,0.99991884
test_14600,0.98464582
test_14601,0.99992510
test_14602,0.01011567
test_14603,0.00314982
test_14604,0.95649370
test_14605,0.20516286
test_14606,0.72331727
test_14607,0.00285797
test_14608,0.99995342
test_14609,0.98137412
test_14610,0.02834064
test_14611,0.00405188
test_14612,0.03145748
test_14613,0.99983135
test_14614,0.99994701
test_14615,0.20840379
test_14616,0.03013930
test_14617,0.98162246
test_14618,0.99673281
test_14619,0.97308124
test_14620,0.99993567
test_14621,0.99739324
test_14622,0.97736477
test_14623,0.98504025
test_14624,0.99609516
test_14625,0.99935907
test_14626,0.96345087
test_14627,0.99618590
test_14628,0.00239781
test_14629,0.99743459
test_14630,0.00005229
test_14631,0.00006291
test_14632,0.00015450
test_14633,0.99073656
test_14634,0.01390458
test_14635,0.89366595
test_14636,0.44637775
test_14637,0.00530281
test_14638,0.98949677
test_14639,0.09641270
test_14640,0.00249570
test_14641,0.00005192
test_14642,0.00008395
test_14643,0.92332628
test_14644,0.00004860
test_14645,0.00230969
test_14646,0.00982998
test_14647,0.00170760
test_14648,0.00596782
test_14649,0.99341804
test_14650,0.94870327
test_14651,0.99219898
test_14652,0.00065777
test_14653,0.99680385
test_14654,0.00884075
test_14655,0.00966375
test_14656,0.00005594
test_14657,0.99953595
test_14658,0.00004849
test_14659,0.99887456
test_14660,0.00742684
test_14661,0.00016486
test_14662,0.99995240
test_14663,0.90994754
test_14664,0.99971192
test_14665,0.00008833
test_14666,0.99971151
test_14667,0.99799146
test_14668,0.98504871
test_14669,0.00005063
test_14670,0.99994974
test_14671,0.00005786
test_14672,0.99948554
test_14673,0.99510857
test_14674,0.99908178
test_14675,0.99626873
test_14676,0.99928348
test_14677,0.00005555
test_14678,0.99921072
test_14679,0.99775517
test_14680,0.00007207
test_14681,0.98582391
test_14682,0.99912203
test_14683,0.00010846
test_14684,0.99992521
test_14685,0.99913950
test_14686,0.03563964
test_14687,0.00074041
test_14688,0.99933415
test_14689,0.01030148
test_14690,0.99095299
test_14691,0.99914031
test_14692,0.02759602
test_14693,0.99365905
test_14694,0.08548356
test_14695,0.98433323
test_14696,0.99995132
test_14697,0.01070846
test_14698,0.99828810
test_14699,0.99226606
test_14700,0.99842451
test_14701,0.01183887
test_14702,0.99772371
test_14703,0.00006071
test_14704,0.99994617
test_14705,0.95131770
test_14706,0.71388239
test_14707,0.00213191
test_14708,0.00009152
test_14709,0.98238048
test_14710,0.99994511
test_14711,0.00009246
test_14712,0.00084610
test_14713,0.99995454
test_14714,0.99993102
test_14715,0.92507638
test_14716,0.99995389
test_14717,0.99015543
test_14718,0.00303051
test_14719,0.04910489
test_14720,0.99993610
test_14721,0.99994268
test_14722,0.99288090
test_14723,0.95840452
test_14724,0.99909763
test_14725,0.99916563
test_14726,0.99354526
test_14727,0.92591444
test_14728,0.00190782
test_14729,0.03396300
test_14730,0.79741948
test_14731,0.99995451
test_14732,0.99718384
test_14733,0.97473576
test_14734,0.00581056
test_14735,0.99994142
test_14736,0.90573018
test_14737,0.99902527
test_14738,0.00101162
test_14739,0.99985389
test_14740,0.99995082
test_14741,0.00005036
test_14742,0.00004843
test_14743,0.99921802
test_14744,0.99995108
test_14745,0.99995437
test_14746,0.99410974
test_14747,0.99701161
test_14748,0.00005022
test_14749,0.95954725
test_14750,0.00018222
test_14751,0.09901291
test_14752,0.00007232
test_14753,0.00012477
test_14754,0.98497361
test_14755,0.06721734
test_14756,0.99658490
test_14757,0.99994908
test_14758,0.99940779
test_14759,0.00157335
test_14760,0.19907987
test_14761,0.77188661
test_14762,0.00008750
test_14763,0.96226987
test_14764,0.94232780
test_14765,0.00316239
test_14766,0.99991059
test_14767,0.99992951
test_14768,0.99827648
test_14769,0.99622302
test_14770,0.99903128
test_14771,0.89868197
test_14772,0.08255776
test_14773,0.00004892
test_14774,0.99537540
test_14775,0.00039482
test_14776,0.66463877
test_14777,0.99488581
test_14778,0.99822006
test_14779,0.00006664
test_14780,0.99744665
test_14781,0.00059743
test_14782,0.97950767
test_14783,0.00861370
test_14784,0.99815639
test_14785,0.99946906
test_14786,0.00749615
test_14787,0.00004918
test_14788,0.99972962
test_14789,0.00176203
test_14790,0.00429743
test_14791,0.99859828
test_14792,0.99927951
test_14793,0.99433029
test_14794,0.00203876
test_14795,0.99988897
test_14796,0.99263546
test_14797,0.99976521
test_14798,0.99985971
test_14799,0.02694685
test_14800,0.28543869
test_14801,0.03220525
test_14802,0.15159637
test_14803,0.10063420
test_14804,0.02658344
test_14805,0.01265379
test_14806,0.00070457
test_14807,0.00686469
test_14808,0.95464345
test_14809,0.99593379
test_14810,0.00296619
test_14811,0.01402564
test_14812,0.86598927
test_14813,0.99976753
test_14814,0.99913271
test_14815,0.99279643
test_14816,0.00760787
test_14817,0.93386627
test_14818,0.02514809
test_14819,0.99990512
test_14820,0.14671101
test_14821,0.00787857
test_14822,0.99727831
test_14823,0.00007973
test_14824,0.70772776
test_14825,0.14635149
test_14826,0.99704244
test_14827,0.99994444
test_14828,0.00090845
test_14829,0.99821101
test_14830,0.38909901
test_14831,0.99994993
test_14832,0.00004697
test_14833,0.00225979
test_14834,0.99860176
test_14835,0.00009614
test_14836,0.98551089
test_14837,0.00010941
test_14838,0.00004818
test_14839,0.94353100
test_14840,0.00011407
test_14841,0.98698380
test_14842,0.97826612
test_14843,0.00005405
test_14844,0.99981273
test_14845,0.99654966
test_14846,0.99764194
test_14847,0.99321352
test_14848,0.99772769
test_14849,0.99995003
test_14850,0.00071426
test_14851,0.99407076
test_14852,0.00044208
test_14853,0.43506213
test_14854,0.01044745
test_14855,0.99772960
test_14856,0.02216689
test_14857,0.99555456
test_14858,0.84103133
test_14859,0.99871542
test_14860,0.96511295
test_14861,0.14394268
test_14862,0.99785589
test_14863,0.01091873
test_14864,0.00004866
test_14865,0.98501987
test_14866,0.00011536
test_14867,0.00005545
test_14868,0.00771283
test_14869,0.99994974
test_14870,0.00005087
test_14871,0.99993666
test_14872,0.99869269
test_14873,0.00499468
test_14874,0.34628635
test_14875,0.99803873
test_14876,0.00253212
test_14877,0.00007487
test_14878,0.99989991
test_14879,0.07699580
test_14880,0.99423361
test_14881,0.00150418
test_14882,0.06312424
test_14883,0.99797639
test_14884,0.03683366
test_14885,0.11910847
test_14886,0.02005273
test_14887,0.33158895
test_14888,0.99363455
test_14889,0.00050332
test_14890,0.00204356
test_14891,0.97906367
test_14892,0.02271381
test_14893,0.00307008
test_14894,0.99385717
test_14895,0.99469727
test_14896,0.00006010
test_14897,0.08048991
test_14898,0.99991797
test_14899,0.00254804
test_14900,0.00082895
test_14901,0.00297395
test_14902,0.02169225
test_14903,0.59797591
test_14904,0.99891136
test_14905,0.99995127
test_14906,0.99994941
test_14907,0.00114695
test_14908,0.01462075
test_14909,0.00007923
test_14910,0.00102745
test_14911,0.99995001
test_14912,0.98911805
test_14913,0.99995166
test_14914,0.95843263
test_14915,0.00132230
test_14916,0.99205621
test_14917,0.99984931
test_14918,0.04208429
test_14919,0.00013271
test_14920,0.00014566
test_14921,0.00506700
test_14922,0.00358759
test_14923,0.10228520
test_14924,0.99689792
test_14925,0.99985502
test_14926,0.00378209
test_14927,0.00041632
test_14928,0.99995201
test_14929,0.00004811
test_14930,0.01846628
test_14931,0.99849854
test_14932,0.00247405
test_14933,0.00091930
test_14934,0.00387672
test_14935,0.00005208
test_14936,0.99970640
test_14937,0.99890657
test_14938,0.40146080
test_14939,0.00009715
test_14940,0.13064587
test_14941,0.92803712
test_14942,0.95814160
test_14943,0.06449397
test_14944,0.80436163
test_14945,0.00833609
test_14946,0.00004758
test_14947,0.99966323
test_14948,0.99082751
test_14949,0.74487044
test_14950,0.99965052
test_14951,0.06433987
test_14952,0.00064660
test_14953,0.99995171
test_14954,0.00004640
test_14955,0.00005697
test_14956,0.00005179
test_14957,0.10193856
test_14958,0.00005025
test_14959,0.00016577
test_14960,0.96842743
test_14961,0.99435141
test_14962,0.98907629
test_14963,0.43719751
test_14964,0.01841134
test_14965,0.99995445
test_14966,0.99992854
test_14967,0.00018384
test_14968,0.00011449
test_14969,0.00958907
test_14970,0.00004823
test_14971,0.00006351
test_14972,0.99995248
test_14973,0.01167482
test_14974,0.99932252
test_14975,0.99719887
test_14976,0.00087163
test_14977,0.00006214
test_14978,0.01215879
test_14979,0.00006803
test_14980,0.98900347
test_14981,0.96337521
test_14982,0.87278757
test_14983,0.99518711
test_14984,0.00422056
test_14985,0.69552716
test_14986,0.99921830
test_14987,0.09099049
test_14988,0.00138608
test_14989,0.99978550
test_14990,0.00376598
test_14991,0.98764967
test_14992,0.97329146
test_14993,0.98616323
test_14994,0.73029363
test_14995,0.00170995
test_14996,0.99995038
test_14997,0.09354139
test_14998,0.99995008
test_14999,0.98842431
test_15000,0.99981149
test_15001,0.99994298
test_15002,0.00141279
test_15003,0.00142375
test_15004,0.24119062
test_15005,0.00991383
test_15006,0.01081074
test_15007,0.04481487
test_15008,0.98709351
test_15009,0.00154516
test_15010,0.00114156
test_15011,0.00999893
test_15012,0.00004608
test_15013,0.99992333
test_15014,0.99441161
test_15015,0.99736952
test_15016,0.00004740
test_15017,0.01381338
test_15018,0.99948536
test_15019,0.00008033
test_15020,0.99516225
test_15021,0.01427274
test_15022,0.00005137
test_15023,0.99992439
test_15024,0.99970214
test_15025,0.00022435
test_15026,0.00251834
test_15027,0.00005406
test_15028,0.02649326
test_15029,0.99994918
test_15030,0.00006358
test_15031,0.00010222
test_15032,0.00006869
test_15033,0.00029264
test_15034,0.99941308
test_15035,0.96546061
test_15036,0.00100351
test_15037,0.00410181
test_15038,0.89303720
test_15039,0.00537457
test_15040,0.99861668
test_15041,0.01706445
test_15042,0.99993299
test_15043,0.00404581
test_15044,0.99099747
test_15045,0.67730078
test_15046,0.00008332
test_15047,0.98201666
test_15048,0.99992895
test_15049,0.99987658
test_15050,0.99883579
test_15051,0.99946991
test_15052,0.90804289
test_15053,0.00006442
test_15054,0.00131464
test_15055,0.02062403
test_15056,0.99555519
test_15057,0.99454855
test_15058,0.14491987
test_15059,0.99992095
test_15060,0.01918850
test_15061,0.99824734
test_15062,0.99265709
test_15063,0.99980967
test_15064,0.01478277
test_15065,0.99957202
test_15066,0.06754516
test_15067,0.93363092
test_15068,0.62728097
test_15069,0.03248282
test_15070,0.99950800
test_15071,0.00005110
test_15072,0.99302783
test_15073,0.01077031
test_15074,0.00040264
test_15075,0.00259536
test_15076,0.99907887
test_15077,0.88961331
test_15078,0.00326241
test_15079,0.07280118
test_15080,0.19865221
test_15081,0.98611122
test_15082,0.99940185
test_15083,0.99995373
test_15084,0.99891183
test_15085,0.82744151
test_15086,0.03804574
test_15087,0.93462268
test_15088,0.98681813
test_15089,0.00402324
test_15090,0.00256167
test_15091,0.99754534
test_15092,0.99982084
test_15093,0.07792257
test_15094,0.99874448
test_15095,0.00339798
test_15096,0.04851730
test_15097,0.99993283
test_15098,0.02995449
test_15099,0.99980824
test_15100,0.99923713
test_15101,0.00532524
test_15102,0.99989230
test_15103,0.00094024
test_15104,0.99980056
test_15105,0.85827174
test_15106,0.99992242
test_15107,0.01051050
test_15108,0.00009048
test_15109,0.98710496
test_15110,0.99986271
test_15111,0.99995123
test_15112,0.99990814
test_15113,0.98561846
test_15114,0.99995421
test_15115,0.99640533
test_15116,0.99995080
test_15117,0.99069363
test_15118,0.96836127
test_15119,0.00005077
test_15120,0.01065472
test_15121,0.00571542
test_15122,0.05086820
test_15123,0.01813837
test_15124,0.00090888
test_15125,0.10738006
test_15126,0.00954145
test_15127,0.99653275
test_15128,0.03624768
test_15129,0.00118419
test_15130,0.14614192
test_15131,0.47956960
test_15132,0.01966248
test_15133,0.97797491
test_15134,0.96923286
test_15135,0.95934772
test_15136,0.99821247
test_15137,0.13806820
test_15138,0.99796257
test_15139,0.00004899
test_15140,0.00007006
test_15141,0.99995036
test_15142,0.99995429
test_15143,0.00288549
test_15144,0.00037934
test_15145,0.95448311
test_15146,0.99244538
test_15147,0.00141565
test_15148,0.18745981
test_15149,0.33278632
test_15150,0.99767045
test_15151,0.99927815
test_15152,0.00102213
test_15153,0.00005386
test_15154,0.99994465
test_15155,0.00127236
test_15156,0.00684329
test_15157,0.99735008
test_15158,0.00588001
test_15159,0.00011739
test_15160,0.99972372
test_15161,0.95610327
test_15162,0.99995378
test_15163,0.02729491
test_15164,0.99995157
test_15165,0.00005008
test_15166,0.00017477
test_15167,0.15031403
test_15168,0.01085477
test_15169,0.00613167
test_15170,0.09060894
test_15171,0.99994224
test_15172,0.00019006
test_15173,0.00043529
test_15174,0.00129691
test_15175,0.99604951
test_15176,0.99509583
test_15177,0.00303600
test_15178,0.00036868
test_15179,0.02298957
test_15180,0.98972825
test_15181,0.00004792
test_15182,0.56521150
test_15183,0.00007059
test_15184,0.97738926
test_15185,0.99995423
test_15186,0.99870003
test_15187,0.00081815
test_15188,0.99994189
test_15189,0.99777283
test_15190,0.05195726
test_15191,0.00011449
test_15192,0.00006054
test_15193,0.01079255
test_15194,0.00005190
test_15195,0.00004639
test_15196,0.00007691
test_15197,0.81757062
test_15198,0.00036596
test_15199,0.00096631
test_15200,0.00330884
test_15201,0.99498634
test_15202,0.97880615
test_15203,0.00005657
test_15204,0.99986186
test_15205,0.99992303
test_15206,0.95236936
test_15207,0.99729672
test_15208,0.00008186
test_15209,0.00222997
test_15210,0.02352325
test_15211,0.20337450
test_15212,0.00004582
test_15213,0.69260914
test_15214,0.94990978
test_15215,0.99992392
test_15216,0.83274484
test_15217,0.02233384
test_15218,0.98554718
test_15219,0.99934071
test_15220,0.08048444
test_15221,0.00110252
test_15222,0.99924774
test_15223,0.15810141
test_15224,0.00162595
test_15225,0.00692929
test_15226,0.03009855
test_15227,0.01142769
test_15228,0.99840319
test_15229,0.00365892
test_15230,0.98019065
test_15231,0.99994416
test_15232,0.00005933
test_15233,0.57127815
test_15234,0.88540655
test_15235,0.01715250
test_15236,0.88809854
test_15237,0.00253088
test_15238,0.99991801
test_15239,0.06693821
test_15240,0.99874105
test_15241,0.02542910
test_15242,0.01225404
test_15243,0.00736693
test_15244,0.00100543
test_15245,0.91030564
test_15246,0.00006640
test_15247,0.99945939
test_15248,0.99989001
test_15249,0.51374323
test_15250,0.98381195
test_15251,0.99991663
test_15252,0.99974817
test_15253,0.90832410
test_15254,0.00004620
test_15255,0.01187848
test_15256,0.00004817
test_15257,0.99842057
test_15258,0.00005000
test_15259,0.00022764
test_15260,0.99994921
test_15261,0.99674239
test_15262,0.99716345
test_15263,0.92469437
test_15264,0.00258271
test_15265,0.03567987
test_15266,0.99992498
test_15267,0.05313490
test_15268,0.04074041
test_15269,0.99987700
test_15270,0.87639463
test_15271,0.06106784
test_15272,0.99575770
test_15273,0.90261275
test_15274,0.00867933
test_15275,0.00877805
test_15276,0.06957571
test_15277,0.00557957
test_15278,0.96561343
test_15279,0.99663569
test_15280,0.92968035
test_15281,0.01209247
test_15282,0.99995301
test_15283,0.98464278
test_15284,0.81100207
test_15285,0.00171666
test_15286,0.97024839
test_15287,0.96477323
test_15288,0.00495473
test_15289,0.20456462
test_15290,0.99994022
test_15291,0.03018475
test_15292,0.11486521
test_15293,0.00116961
test_15294,0.96463557
test_15295,0.97536876
test_15296,0.99603713
test_15297,0.99974404
test_15298,0.00010279
test_15299,0.02443712
test_15300,0.00005332
test_15301,0.00007260
test_15302,0.00009389
test_15303,0.39288807
test_15304,0.99761235
test_15305,0.98752154
test_15306,0.99990703
test_15307,0.99938301
test_15308,0.00756831
test_15309,0.99994882
test_15310,0.00750770
test_15311,0.02328906
test_15312,0.05754907
test_15313,0.00421320
test_15314,0.30159356
test_15315,0.97779782
test_15316,0.98822502
test_15317,0.00254630
test_15318,0.00320037
test_15319,0.00594260
test_15320,0.05355907
test_15321,0.99614230
test_15322,0.00238288
test_15323,0.99983078
test_15324,0.98450222
test_15325,0.99993771
test_15326,0.91964295
test_15327,0.94374656
test_15328,0.27498518
test_15329,0.99646476
test_15330,0.00158702
test_15331,0.99994988
test_15332,0.99512097
test_15333,0.04242588
test_15334,0.97693257
test_15335,0.00006399
test_15336,0.66155314
test_15337,0.97054558
test_15338,0.02813324
test_15339,0.81187361
test_15340,0.97731492
test_15341,0.99994164
test_15342,0.00004702
test_15343,0.00004611
test_15344,0.99911598
test_15345,0.89215848
test_15346,0.00210954
test_15347,0.99994661
test_15348,0.01337440
test_15349,0.97628650
test_15350,0.00004936
test_15351,0.03300441
test_15352,0.00237198
test_15353,0.99627298
test_15354,0.73211922
test_15355,0.99368864
test_15356,0.00010423
test_15357,0.00004702
test_15358,0.03695290
test_15359,0.99847542
test_15360,0.99995393
test_15361,0.99953307
test_15362,0.00010399
test_15363,0.00147039
test_15364,0.99995255
test_15365,0.00014272
test_15366,0.14717641
test_15367,0.99960679
test_15368,0.98414970
test_15369,0.99588837
test_15370,0.00669384
test_15371,0.00727503
test_15372,0.00162512
test_15373,0.01813781
test_15374,0.99941229
test_15375,0.00009280
test_15376,0.99954528
test_15377,0.99978521
test_15378,0.95072112
test_15379,0.99995449
test_15380,0.99992395
test_15381,0.99772569
test_15382,0.01207516
test_15383,0.00004850
test_15384,0.00441567
test_15385,0.01162473
test_15386,0.99015619
test_15387,0.99994740
test_15388,0.99993968
test_15389,0.99900663
test_15390,0.00268719
test_15391,0.97410066
test_15392,0.25497911
test_15393,0.58374033
test_15394,0.05516018
test_15395,0.99994775
test_15396,0.01648811
test_15397,0.99994988
test_15398,0.99994484
test_15399,0.30973149
test_15400,0.99375902
test_15401,0.00788435
test_15402,0.91374678
test_15403,0.00814494
test_15404,0.03597143
test_15405,0.99784450
test_15406,0.03008130
test_15407,0.99994053
test_15408,0.95976661
test_15409,0.98987112
test_15410,0.97624950
test_15411,0.62818020
test_15412,0.99081283
test_15413,0.99605539
test_15414,0.99789753
test_15415,0.98107072
test_15416,0.05771880
test_15417,0.90168800
test_15418,0.97781690
test_15419,0.95698542
test_15420,0.99282555
test_15421,0.98447650
test_15422,0.01143165
test_15423,0.01705816
test_15424,0.98319745
test_15425,0.99992775
test_15426,0.99854474
test_15427,0.99991632
test_15428,0.99978222
test_15429,0.99869289
test_15430,0.99890930
test_15431,0.99700985
test_15432,0.00304468
test_15433,0.02601242
test_15434,0.99191707
test_15435,0.99962327
test_15436,0.00004666
test_15437,0.95875796
test_15438,0.00232790
test_15439,0.99995060
test_15440,0.00005038
test_15441,0.99763116
test_15442,0.06595244
test_15443,0.00916285
test_15444,0.00004633
test_15445,0.99466948
test_15446,0.99995382
test_15447,0.00306823
test_15448,0.99242625
test_15449,0.00004859
test_15450,0.99974494
test_15451,0.00005595
test_15452,0.99904410
test_15453,0.93578271
test_15454,0.68536056
test_15455,0.99993454
test_15456,0.99598434
test_15457,0.00257851
test_15458,0.00198245
test_15459,0.00017090
test_15460,0.94326372
test_15461,0.90891234
test_15462,0.72923949
test_15463,0.00140604
test_15464,0.00008749
test_15465,0.99979813
test_15466,0.99930296
test_15467,0.00787832
test_15468,0.99649050
test_15469,0.02987314
test_15470,0.89133176
test_15471,0.01158958
test_15472,0.04868628
test_15473,0.00697316
test_15474,0.00276968
test_15475,0.47107951
test_15476,0.03879565
test_15477,0.99909493
test_15478,0.99752710
test_15479,0.96618727
test_15480,0.94603911
test_15481,0.99994270
test_15482,0.00070026
test_15483,0.99713102
test_15484,0.00442057
test_15485,0.98288689
test_15486,0.12188507
test_15487,0.02955065
test_15488,0.22946491
test_15489,0.00005555
test_15490,0.00049799
test_15491,0.00048477
test_15492,0.98588072
test_15493,0.08157426
test_15494,0.96015677
test_15495,0.56642321
test_15496,0.00836742
test_15497,0.99667256
test_15498,0.99090929
test_15499,0.99935167
test_15500,0.00004552
test_15501,0.98310937
test_15502,0.99994429
test_15503,0.99986632
test_15504,0.99686962
test_15505,0.99529978
test_15506,0.99994478
test_15507,0.00694559
test_15508,0.99914969
test_15509,0.00008367
test_15510,0.03040448
test_15511,0.99700577
test_15512,0.01904580
test_15513,0.99557681
test_15514,0.96629650
test_15515,0.99993742
test_15516,0.99663013
test_15517,0.00616160
test_15518,0.00009314
test_15519,0.99988223
test_15520,0.00004951
test_15521,0.94356259
test_15522,0.99317233
test_15523,0.00617658
test_15524,0.00185461
test_15525,0.00004778
test_15526,0.99900016
test_15527,0.99651567
test_15528,0.01494382
test_15529,0.00007880
test_15530,0.96820355
test_15531,0.00590364
test_15532,0.00217525
test_15533,0.00248782
test_15534,0.00004547
test_15535,0.00005115
test_15536,0.00129148
test_15537,0.97070959
test_15538,0.98991754
test_15539,0.00070944
test_15540,0.00564013
test_15541,0.99360269
test_15542,0.00288389
test_15543,0.09510307
test_15544,0.98083848
test_15545,0.49103262
test_15546,0.00005028
test_15547,0.00006946
test_15548,0.00493399
test_15549,0.00010674
test_15550,0.56265274
test_15551,0.00601691
test_15552,0.03165755
test_15553,0.99986258
test_15554,0.00100707
test_15555,0.97510114
test_15556,0.99993272
test_15557,0.00005153
test_15558,0.00348151
test_15559,0.01049395
test_15560,0.99941467
test_15561,0.97173508
test_15562,0.99575568
test_15563,0.99857492
test_15564,0.00031940
test_15565,0.01664271
test_15566,0.99269149
test_15567,0.00945387
test_15568,0.99803977
test_15569,0.00831273
test_15570,0.98460949
test_15571,0.78001454
test_15572,0.00249631
test_15573,0.99705077
test_15574,0.99916626
test_15575,0.00060377
test_15576,0.99990724
test_15577,0.99577437
test_15578,0.90845817
test_15579,0.97845005
test_15580,0.99532802
test_15581,0.04625487
test_15582,0.96613493
test_15583,0.00061044
test_15584,0.00375828
test_15585,0.99948639
test_15586,0.94539343
test_15587,0.49844283
test_15588,0.99573163
test_15589,0.95911023
test_15590,0.00004783
test_15591,0.00057710
test_15592,0.98670127
test_15593,0.99924422
test_15594,0.98170529
test_15595,0.11757143
test_15596,0.99625221
test_15597,0.88569772
test_15598,0.94534779
test_15599,0.00435473
test_15600,0.00063066
test_15601,0.99990561
test_15602,0.00147070
test_15603,0.02331935
test_15604,0.02248843
test_15605,0.02206075
test_15606,0.98843000
test_15607,0.97781661
test_15608,0.01395078
test_15609,0.98663652
test_15610,0.73755797
test_15611,0.98134409
test_15612,0.99994978
test_15613,0.99376445
test_15614,0.08275413
test_15615,0.26849640
test_15616,0.00004600
test_15617,0.99950202
test_15618,0.00008679
test_15619,0.99993753
test_15620,0.00004651
test_15621,0.99624749
test_15622,0.00006697
test_15623,0.00207524
test_15624,0.00246799
test_15625,0.00007329
test_15626,0.99058928
test_15627,0.99993898
test_15628,0.03857999
test_15629,0.00175269
test_15630,0.00012168
test_15631,0.99988408
test_15632,0.96949564
test_15633,0.97712633
test_15634,0.00004898
test_15635,0.00441735
test_15636,0.99330262
test_15637,0.99713540
test_15638,0.99991963
test_15639,0.69156085
test_15640,0.99802055
test_15641,0.93622048
test_15642,0.98070785
test_15643,0.99404392
test_15644,0.03698705
test_15645,0.98687025
test_15646,0.97761111
test_15647,0.00028050
test_15648,0.32215557
test_15649,0.00167441
test_15650,0.99978611
test_15651,0.00144915
test_15652,0.99992286
test_15653,0.00209042
test_15654,0.99994145
test_15655,0.62941027
test_15656,0.98366019
test_15657,0.95149185
test_15658,0.99995377
test_15659,0.00582479
test_15660,0.02874578
test_15661,0.00011749
test_15662,0.00075022
test_15663,0.99745579
test_15664,0.00004845
test_15665,0.99994826
test_15666,0.99995156
test_15667,0.01122255
test_15668,0.99990147
test_15669,0.99994217
test_15670,0.00527677
test_15671,0.85891832
test_15672,0.99090594
test_15673,0.03868110
test_15674,0.41485765
test_15675,0.99993414
test_15676,0.05319910
test_15677,0.00006574
test_15678,0.99613944
test_15679,0.99718782
test_15680,0.99197848
test_15681,0.04766520
test_15682,0.08614971
test_15683,0.00065591
test_15684,0.99901221
test_15685,0.00007255
test_15686,0.96120544
test_15687,0.89238640
test_15688,0.99738368
test_15689,0.08244510
test_15690,0.01736256
test_15691,0.00880020
test_15692,0.00418262
test_15693,0.99351392
test_15694,0.04479719
test_15695,0.02354197
test_15696,0.99983441
test_15697,0.99870367
test_15698,0.00004618
test_15699,0.99001167
test_15700,0.00008844
test_15701,0.99691661
test_15702,0.97906983
test_15703,0.84000861
test_15704,0.00005731
test_15705,0.00061212
test_15706,0.99389947
test_15707,0.99994398
test_15708,0.00923365
test_15709,0.99994407
test_15710,0.99995169
test_15711,0.99995183
test_15712,0.00078141
test_15713,0.99625473
test_15714,0.10916516
test_15715,0.99964530
test_15716,0.00887610
test_15717,0.01137456
test_15718,0.99699173
test_15719,0.00756234
test_15720,0.99665287
test_15721,0.99830774
test_15722,0.99955959
test_15723,0.99762096
test_15724,0.99995100
test_15725,0.98596479
test_15726,0.99633311
test_15727,0.08959114
test_15728,0.00006890
test_15729,0.00066365
test_15730,0.00508733
test_15731,0.00004568
test_15732,0.98029072
test_15733,0.98047462
test_15734,0.00350331
test_15735,0.00735520
test_15736,0.00078964
test_15737,0.99812806
test_15738,0.00006194
test_15739,0.99733313
test_15740,0.00004567
test_15741,0.99856807
test_15742,0.99994670
test_15743,0.99994633
test_15744,0.04419111
test_15745,0.98151088
test_15746,0.99992892
test_15747,0.99955066
test_15748,0.20929622
test_15749,0.99991867
test_15750,0.99545196
test_15751,0.99912994
test_15752,0.59333731
test_15753,0.93298189
test_15754,0.00005925
test_15755,0.99947089
test_15756,0.00005779
test_15757,0.99994691
test_15758,0.88018643
test_15759,0.00538798
test_15760,0.99698437
test_15761,0.99671541
test_15762,0.85512605
test_15763,0.02158795
test_15764,0.99947325
test_15765,0.99696025
test_15766,0.00102868
test_15767,0.96374314
test_15768,0.00199916
test_15769,0.00005286
test_15770,0.99992887
test_15771,0.00646999
test_15772,0.82807377
test_15773,0.00055195
test_15774,0.99739775
test_15775,0.99738447
test_15776,0.00005005
test_15777,0.00653271
test_15778,0.00649255
test_15779,0.00114978
test_15780,0.00565613
test_15781,0.00131060
test_15782,0.50867027
test_15783,0.99991531
test_15784,0.06560517
test_15785,0.25972980
test_15786,0.99775164
test_15787,0.00059477
test_15788,0.02506189
test_15789,0.00771678
test_15790,0.96600155
test_15791,0.06416351
test_15792,0.96460161
test_15793,0.74729582
test_15794,0.99916174
test_15795,0.00410090
test_15796,0.22878356
test_15797,0.00006100
test_15798,0.01461135
test_15799,0.00006477
test_15800,0.99775578
test_15801,0.99980739
test_15802,0.00879590
test_15803,0.00335413
test_15804,0.00053538
test_15805,0.99565677
test_15806,0.00278317
test_15807,0.99993889
test_15808,0.99704707
test_15809,0.98519795
test_15810,0.00915130
test_15811,0.99685129
test_15812,0.00450833
test_15813,0.96826591
test_15814,0.01139559
test_15815,0.00069886
test_15816,0.99991035
test_15817,0.00841202
test_15818,0.00115703
test_15819,0.99994482
test_15820,0.01545481
test_15821,0.99988721
test_15822,0.84208629
test_15823,0.00004792
test_15824,0.99658866
test_15825,0.01914347
test_15826,0.00301916
test_15827,0.99506324
test_15828,0.99401594
test_15829,0.97097999
test_15830,0.00005381
test_15831,0.03104510
test_15832,0.99923026
test_15833,0.96852853
test_15834,0.03525736
test_15835,0.00005005
test_15836,0.99904224
test_15837,0.99459259
test_15838,0.00004938
test_15839,0.99925023
test_15840,0.99989986
test_15841,0.01549929
test_15842,0.99817987
test_15843,0.03455128
test_15844,0.01033545
test_15845,0.96976915
test_15846,0.14535365
test_15847,0.00006719
test_15848,0.00693895
test_15849,0.91128941
test_15850,0.00047510
test_15851,0.93183089
test_15852,0.00006977
test_15853,0.99993460
test_15854,0.99986500
test_15855,0.98774260
test_15856,0.62672965
test_15857,0.00948518
test_15858,0.90212360
test_15859,0.99992961
test_15860,0.00004551
test_15861,0.99728334
test_15862,0.00603339
test_15863,0.95672416
test_15864,0.99994886
test_15865,0.99994791
test_15866,0.99718188
test_15867,0.99995316
test_15868,0.98640179
test_15869,0.23375198
test_15870,0.00454016
test_15871,0.99607261
test_15872,0.00038875
test_15873,0.00004685
test_15874,0.08067560
test_15875,0.00004556
test_15876,0.00006908
test_15877,0.00020209
test_15878,0.91585667
test_15879,0.91959149
test_15880,0.00786642
test_15881,0.00161172
test_15882,0.99993323
test_15883,0.01110567
test_15884,0.99847592
test_15885,0.99994287
test_15886,0.00375114
test_15887,0.99983468
test_15888,0.51795458
test_15889,0.65999251
test_15890,0.29301785
test_15891,0.02366884
test_15892,0.92730852
test_15893,0.00098220
test_15894,0.00015443
test_15895,0.99560949
test_15896,0.58755655
test_15897,0.63129873
test_15898,0.99782894
test_15899,0.04608952
test_15900,0.93316210
test_15901,0.97234383
test_15902,0.01904431
test_15903,0.90020438
test_15904,0.00007568
test_15905,0.99633555
test_15906,0.00005114
test_15907,0.99993527
test_15908,0.00052484
test_15909,0.99990471
test_15910,0.98620217
test_15911,0.00004722
test_15912,0.99963501
test_15913,0.99935459
test_15914,0.99823755
test_15915,0.00009659
test_15916,0.28856831
test_15917,0.00024772
test_15918,0.00004852
test_15919,0.99994517
test_15920,0.96125759
test_15921,0.99514963
test_15922,0.00844070
test_15923,0.99740792
test_15924,0.00851563
test_15925,0.01630539
test_15926,0.99249452
test_15927,0.99994711
test_15928,0.98489536
test_15929,0.98423218
test_15930,0.00236692
test_15931,0.00102923
test_15932,0.80309501
test_15933,0.99987940
test_15934,0.00005710
test_15935,0.99994602
test_15936,0.04458290
test_15937,0.99673347
test_15938,0.97689355
test_15939,0.99464199
test_15940,0.08731928
test_15941,0.99994186
test_15942,0.00005182
test_15943,0.99995435
test_15944,0.00004912
test_15945,0.96041620
test_15946,0.03049357
test_15947,0.00128541
test_15948,0.99920590
test_15949,0.99993669
test_15950,0.00023132
test_15951,0.00462816
test_15952,0.95398432
test_15953,0.01971884
test_15954,0.99286811
test_15955,0.00005486
test_15956,0.02961913
test_15957,0.00244810
test_15958,0.91299851
test_15959,0.98523619
test_15960,0.00046635
test_15961,0.99993010
test_15962,0.93434662
test_15963,0.11953777
test_15964,0.99549080
test_15965,0.00587660
test_15966,0.79509334
test_15967,0.00196467
test_15968,0.33218217
test_15969,0.37984549
test_15970,0.99448731
test_15971,0.00004960
test_15972,0.00032476
test_15973,0.03426627
test_15974,0.32441079
test_15975,0.00958241
test_15976,0.97886914
test_15977,0.78540391
test_15978,0.92590391
test_15979,0.42231588
test_15980,0.00253838
test_15981,0.99995442
test_15982,0.00007154
test_15983,0.99871331
test_15984,0.99623687
test_15985,0.00005146
test_15986,0.00006102
test_15987,0.00005229
test_15988,0.94996755
test_15989,0.00070346
test_15990,0.99867035
test_15991,0.99989903
test_15992,0.16373642
test_15993,0.99538411
test_15994,0.09103768
test_15995,0.50000000
test_15996,0.01732873
test_15997,0.00896231
test_15998,0.00065021
test_15999,0.99479661
test_16000,0.03138936
test_16001,0.01034369
test_16002,0.00780019
test_16003,0.77027394
test_16004,0.01929502
test_16005,0.00237727
test_16006,0.38474592
test_16007,0.81704107
test_16008,0.00809956
test_16009,0.00096530
test_16010,0.96277518
test_16011,0.09868320
test_16012,0.00032590
test_16013,0.99578516
test_16014,0.00132219
test_16015,0.00959145
test_16016,0.03472567
test_16017,0.01131310
test_16018,0.96175122
test_16019,0.00690503
test_16020,0.99970748
test_16021,0.99994420
test_16022,0.99993443
test_16023,0.07996953
test_16024,0.00187164
test_16025,0.02022907
test_16026,0.99994685
test_16027,0.99995197
test_16028,0.00218568
test_16029,0.00007424
test_16030,0.00422201
test_16031,0.04842028
test_16032,0.99985451
test_16033,0.00004557
test_16034,0.99995432
test_16035,0.00415987
test_16036,0.00004734
test_16037,0.00037364
test_16038,0.00041108
test_16039,0.00544276
test_16040,0.00004669
test_16041,0.99990506
test_16042,0.99992627
test_16043,0.97907001
test_16044,0.99978895
test_16045,0.99990271
test_16046,0.04558118
test_16047,0.01171036
test_16048,0.99821815
test_16049,0.00329552
test_16050,0.96328101
test_16051,0.98815229
test_16052,0.00007067
test_16053,0.99301670
test_16054,0.00005634
test_16055,0.00031157
test_16056,0.07363367
test_16057,0.99994587
test_16058,0.01773933
test_16059,0.92627057
test_16060,0.99638730
test_16061,0.97438096
test_16062,0.00006351
test_16063,0.87267429
test_16064,0.97230821
test_16065,0.98485362
test_16066,0.95273017
test_16067,0.95464410
test_16068,0.00103146
test_16069,0.00452940
test_16070,0.05434966
test_16071,0.99993181
test_16072,0.99994051
test_16073,0.08998117
test_16074,0.00086819
test_16075,0.99888766
test_16076,0.88541181
test_16077,0.99130367
test_16078,0.72412965
test_16079,0.90966239
test_16080,0.79351141
test_16081,0.99994390
test_16082,0.99994569
test_16083,0.02810248
test_16084,0.00006611
test_16085,0.00004693
test_16086,0.99969960
test_16087,0.97086553
test_16088,0.66135921
test_16089,0.01733993
test_16090,0.00012539
test_16091,0.94265375
test_16092,0.01232357
test_16093,0.47720638
test_16094,0.99994877
test_16095,0.99984450
test_16096,0.99110550
test_16097,0.00306030
test_16098,0.89600411
test_16099,0.99855927
test_16100,0.00004743
test_16101,0.00065086
test_16102,0.99995378
test_16103,0.00697347
test_16104,0.06445827
test_16105,0.79475806
test_16106,0.99964305
test_16107,0.99994981
test_16108,0.00019194
test_16109,0.99995239
test_16110,0.00013147
test_16111,0.99992226
test_16112,0.99344479
test_16113,0.98324527
test_16114,0.97847715
test_16115,0.00007197
test_16116,0.00023494
test_16117,0.99994763
test_16118,0.99756365
test_16119,0.65507079
test_16120,0.00083478
test_16121,0.98360187
test_16122,0.00005610
test_16123,0.97342567
test_16124,0.99214053
test_16125,0.93635272
test_16126,0.01856865
test_16127,0.99994403
test_16128,0.00473226
test_16129,0.00080952
test_16130,0.99778509
test_16131,0.00251824
test_16132,0.95255781
test_16133,0.00377149
test_16134,0.70943254
test_16135,0.99995421
test_16136,0.99994886
test_16137,0.99682944
test_16138,0.80174217
test_16139,0.99521738
test_16140,0.00544700
test_16141,0.01044374
test_16142,0.42185542
test_16143,0.98375592
test_16144,0.95866658
test_16145,0.00656006
test_16146,0.00004951
test_16147,0.01028882
test_16148,0.01374302
test_16149,0.10497142
test_16150,0.97445850
test_16151,0.99990269
test_16152,0.00004950
test_16153,0.97146912
test_16154,0.10336424
test_16155,0.99994788
test_16156,0.99342982
test_16157,0.21458016
test_16158,0.00006116
test_16159,0.40798505
test_16160,0.02100325
test_16161,0.86136322
test_16162,0.99955988
test_16163,0.02589102
test_16164,0.04082640
test_16165,0.00005611
test_16166,0.00005116
test_16167,0.20039196
test_16168,0.00004834
test_16169,0.99502589
test_16170,0.99994630
test_16171,0.00877470
test_16172,0.00036905
test_16173,0.99288338
test_16174,0.00916231
test_16175,0.98834356
test_16176,0.00485186
test_16177,0.00203454
test_16178,0.00005958
test_16179,0.00013792
test_16180,0.14765555
test_16181,0.99995445
test_16182,0.00225678
test_16183,0.00004556
test_16184,0.98913106
test_16185,0.99901331
test_16186,0.08944773
test_16187,0.00006659
test_16188,0.01040600
test_16189,0.98506182
test_16190,0.82864546
test_16191,0.01100587
test_16192,0.99667525
test_16193,0.99995446
test_16194,0.00052625
test_16195,0.99994754
test_16196,0.00012438
test_16197,0.98247979
test_16198,0.00005353
test_16199,0.99480495
test_16200,0.63360075
test_16201,0.00004810
test_16202,0.99994538
test_16203,0.99855100
test_16204,0.99936455
test_16205,0.99141670
test_16206,0.99994984
test_16207,0.99995280
test_16208,0.01139324
test_16209,0.07103951
test_16210,0.99994773
test_16211,0.99994220
test_16212,0.99608582
test_16213,0.99991339
test_16214,0.00623893
test_16215,0.56974377
test_16216,0.99758834
test_16217,0.00272977
test_16218,0.99980025
test_16219,0.97616406
test_16220,0.99927553
test_16221,0.94700839
test_16222,0.99993783
test_16223,0.91127895
test_16224,0.99784726
test_16225,0.59104066
test_16226,0.85357257
test_16227,0.01925458
test_16228,0.01592212
test_16229,0.99989320
test_16230,0.98865998
test_16231,0.99965830
test_16232,0.10749209
test_16233,0.00009491
test_16234,0.98073096
test_16235,0.96006983
test_16236,0.04804835
test_16237,0.99995099
test_16238,0.03709913
test_16239,0.00013531
test_16240,0.99153541
test_16241,0.00574496
test_16242,0.01465047
test_16243,0.99838304
test_16244,0.39776165
test_16245,0.99942127
test_16246,0.53496770
test_16247,0.00006666
test_16248,0.99577085
test_16249,0.00005129
test_16250,0.99262987
test_16251,0.96098799
test_16252,0.00328896
test_16253,0.99957112
test_16254,0.96822629
test_16255,0.06445446
test_16256,0.01462300
test_16257,0.11133259
test_16258,0.00005355
test_16259,0.99986481
test_16260,0.97886036
test_16261,0.99994217
test_16262,0.99474884
test_16263,0.97307321
test_16264,0.00016912
test_16265,0.99994837
test_16266,0.99994747
test_16267,0.00761638
test_16268,0.99995018
test_16269,0.00005876
test_16270,0.98818173
test_16271,0.95078930
test_16272,0.99368230
test_16273,0.99791340
test_16274,0.99558600
test_16275,0.00005271
test_16276,0.00627968
test_16277,0.99305071
test_16278,0.01911104
test_16279,0.04412233
test_16280,0.99844750
test_16281,0.99938103
test_16282,0.99844360
test_16283,0.00005790
test_16284,0.01319834
test_16285,0.99497695
test_16286,0.01369104
test_16287,0.97565922
test_16288,0.00006429
test_16289,0.99839554
test_16290,0.00472841
test_16291,0.99991677
test_16292,0.76881483
test_16293,0.99912755
test_16294,0.00009612
test_16295,0.97781955
test_16296,0.00004781
test_16297,0.99750739
test_16298,0.98567629
test_16299,0.97902582
test_16300,0.00119098
test_16301,0.02250179
test_16302,0.01339200
test_16303,0.99993508
test_16304,0.00039093
test_16305,0.99966247
test_16306,0.94599742
test_16307,0.99993892
test_16308,0.99742099
test_16309,0.93432073
test_16310,0.00296009
test_16311,0.99660780
test_16312,0.00004860
test_16313,0.00006535
test_16314,0.99962430
test_16315,0.07206103
test_16316,0.97485746
test_16317,0.99984300
test_16318,0.99441304
test_16319,0.00004855
test_16320,0.99952514
test_16321,0.99644964
test_16322,0.00928438
test_16323,0.00005038
test_16324,0.99993612
test_16325,0.88502888
test_16326,0.99979210
test_16327,0.00009151
test_16328,0.00543553
test_16329,0.00033317
test_16330,0.99371817
test_16331,0.00139273
test_16332,0.24944799
test_16333,0.02903572
test_16334,0.99995188
test_16335,0.99995141
test_16336,0.00104515
test_16337,0.98940376
test_16338,0.99696025
test_16339,0.99487276
test_16340,0.99994880
test_16341,0.99975584
test_16342,0.99510494
test_16343,0.93206267
test_16344,0.99304313
test_16345,0.00015792
test_16346,0.93768337
test_16347,0.00005233
test_16348,0.99579636
test_16349,0.99979984
test_16350,0.98924853
test_16351,0.14754907
test_16352,0.00044666
test_16353,0.99486060
test_16354,0.00082989
test_16355,0.99450300
test_16356,0.48726375
test_16357,0.00907482
test_16358,0.02917206
test_16359,0.99001735
test_16360,0.00052746
test_16361,0.00782741
test_16362,0.99253558
test_16363,0.99678194
test_16364,0.02512717
test_16365,0.99994051
test_16366,0.01761168
test_16367,0.99837185
test_16368,0.00018718
test_16369,0.02503317
test_16370,0.00047318
test_16371,0.99425806
test_16372,0.99995407
test_16373,0.99994165
test_16374,0.00004998
test_16375,0.98916505
test_16376,0.99925014
test_16377,0.99994675
test_16378,0.98952304
test_16379,0.01151809
test_16380,0.00005496
test_16381,0.00703642
test_16382,0.00084934
test_16383,0.82968783
test_16384,0.99560225
test_16385,0.00994719
test_16386,0.96514621
test_16387,0.99939276
test_16388,0.99821232
test_16389,0.99989872
test_16390,0.99994800
test_16391,0.24099470
test_16392,0.99995229
test_16393,0.00701903
test_16394,0.99918194
test_16395,0.00527358
test_16396,0.99949848
test_16397,0.00006593
test_16398,0.99994974
test_16399,0.00120812
test_16400,0.00004568
test_16401,0.99995283
test_16402,0.99258260
test_16403,0.96406190
test_16404,0.96569004
test_16405,0.00237027
test_16406,0.15108446
test_16407,0.99840682
test_16408,0.98404397
test_16409,0.00008928
test_16410,0.00113546
test_16411,0.00149065
test_16412,0.00097741
test_16413,0.00005557
test_16414,0.99994218
test_16415,0.99994102
test_16416,0.00733792
test_16417,0.00011077
test_16418,0.00004633
test_16419,0.00022190
test_16420,0.00005583
test_16421,0.97979579
test_16422,0.96974896
test_16423,0.99994638
test_16424,0.02005463
test_16425,0.00007256
test_16426,0.06433714
test_16427,0.42554065
test_16428,0.00010491
test_16429,0.99975205
test_16430,0.99995297
test_16431,0.99979476
test_16432,0.07394363
test_16433,0.00937465
test_16434,0.00345731
test_16435,0.00764456
test_16436,0.01176219
test_16437,0.77433590
test_16438,0.98335264
test_16439,0.99984361
test_16440,0.98878869
test_16441,0.00122567
test_16442,0.43100331
test_16443,0.00005783
test_16444,0.99358000
test_16445,0.11590335
test_16446,0.00667920
test_16447,0.99548894
test_16448,0.01141024
test_16449,0.98310755
test_16450,0.00053782
test_16451,0.00041532
test_16452,0.00007095
test_16453,0.96689953
test_16454,0.04840909
test_16455,0.99666930
test_16456,0.00422555
test_16457,0.00612005
test_16458,0.00209682
test_16459,0.00046716
test_16460,0.01899362
test_16461,0.99804635
test_16462,0.45255675
test_16463,0.80470179
test_16464,0.99544070
test_16465,0.99044653
test_16466,0.94934476
test_16467,0.99311982
test_16468,0.95906326
test_16469,0.99572593
test_16470,0.99995117
test_16471,0.01655448
test_16472,0.00006377
test_16473,0.77133621
test_16474,0.99088991
test_16475,0.00007840
test_16476,0.00004558
test_16477,0.00063005
test_16478,0.99993928
test_16479,0.79572672
test_16480,0.99741333
test_16481,0.00005479
test_16482,0.99836106
test_16483,0.00018310
test_16484,0.97078126
test_16485,0.00005369
test_16486,0.99744150
test_16487,0.33810896
test_16488,0.00364345
test_16489,0.00008869
test_16490,0.99081757
test_16491,0.11147937
test_16492,0.00232035
test_16493,0.05384974
test_16494,0.00863988
test_16495,0.00866300
test_16496,0.99336679
test_16497,0.00005168
test_16498,0.00005958
test_16499,0.00068537
test_16500,0.04325918
test_16501,0.99823547
test_16502,0.00076088
test_16503,0.00233036
test_16504,0.03730950
test_16505,0.99965442
test_16506,0.00005772
test_16507,0.99994556
test_16508,0.99982633
test_16509,0.00194836
test_16510,0.20007611
test_16511,0.99907455
test_16512,0.01048018
test_16513,0.00670312
test_16514,0.00005228
test_16515,0.92683625
test_16516,0.99488940
test_16517,0.09501988
test_16518,0.99592148
test_16519,0.99687554
test_16520,0.99559066
test_16521,0.06541775
test_16522,0.99823742
test_16523,0.99994902
test_16524,0.22326643
test_16525,0.00083932
test_16526,0.99456673
test_16527,0.00004836
test_16528,0.00814614
test_16529,0.99515619
test_16530,0.00007238
test_16531,0.00151615
test_16532,0.97100420
test_16533,0.09334142
test_16534,0.99061355
test_16535,0.98235266
test_16536,0.00149627
test_16537,0.87954247
test_16538,0.99995012
test_16539,0.99972670
test_16540,0.00301821
test_16541,0.00006999
test_16542,0.95237393
test_16543,0.99891614
test_16544,0.00005005
test_16545,0.00006889
test_16546,0.99995251
test_16547,0.99993071
test_16548,0.14617167
test_16549,0.00017493
test_16550,0.99412616
test_16551,0.96829035
test_16552,0.99994127
test_16553,0.00628934
test_16554,0.00022658
test_16555,0.00016048
test_16556,0.96911133
test_16557,0.99995343
test_16558,0.96407701
test_16559,0.99988137
test_16560,0.00170691
test_16561,0.99192644
test_16562,0.09685685
test_16563,0.00178604
test_16564,0.97505504
test_16565,0.98693705
test_16566,0.00004565
test_16567,0.99995392
test_16568,0.85744711
test_16569,0.00056212
test_16570,0.68469078
test_16571,0.95367148
test_16572,0.97293271
test_16573,0.00049543
test_16574,0.00205370
test_16575,0.02688462
test_16576,0.00056221
test_16577,0.00006082
test_16578,0.99825608
test_16579,0.01353007
test_16580,0.00332562
test_16581,0.00891660
test_16582,0.95485625
test_16583,0.99993090
test_16584,0.94637597
test_16585,0.00005075
test_16586,0.43423724
test_16587,0.99720655
test_16588,0.00050524
test_16589,0.99945219
test_16590,0.00328859
test_16591,0.99846364
test_16592,0.00009145
test_16593,0.00287713
test_16594,0.00685533
test_16595,0.02504810
test_16596,0.00261710
test_16597,0.99474073
test_16598,0.99120309
test_16599,0.01296814
test_16600,0.99344902
test_16601,0.00211469
test_16602,0.64633403
test_16603,0.96801136
test_16604,0.99993698
test_16605,0.00004737
test_16606,0.00514346
test_16607,0.01008711
test_16608,0.99994822
test_16609,0.99995457
test_16610,0.00004556
test_16611,0.08337813
test_16612,0.00128322
test_16613,0.99915580
test_16614,0.96998623
test_16615,0.00125494
test_16616,0.39217459
test_16617,0.03919397
test_16618,0.00801075
test_16619,0.00005498
test_16620,0.99995139
test_16621,0.96864194
test_16622,0.99995303
test_16623,0.06513828
test_16624,0.99005113
test_16625,0.00644386
test_16626,0.50761025
test_16627,0.00005023
test_16628,0.00203253
test_16629,0.00074662
test_16630,0.00058172
test_16631,0.03294067
test_16632,0.99995173
test_16633,0.06777746
test_16634,0.03300782
test_16635,0.00008018
test_16636,0.99198775
test_16637,0.00007592
test_16638,0.99994313
test_16639,0.99818419
test_16640,0.99989691
test_16641,0.93253611
test_16642,0.99668190
test_16643,0.98551512
test_16644,0.99526654
test_16645,0.99995092
test_16646,0.99994754
test_16647,0.99801175
test_16648,0.06580934
test_16649,0.99715855
test_16650,0.00346236
test_16651,0.00968966
test_16652,0.00015050
test_16653,0.94404963
test_16654,0.99994340
test_16655,0.00079547
test_16656,0.98962435
test_16657,0.99931728
test_16658,0.98171705
test_16659,0.76365615
test_16660,0.99995004
test_16661,0.00007299
test_16662,0.95634217
test_16663,0.00018826
test_16664,0.99994307
test_16665,0.00004939
test_16666,0.99841063
test_16667,0.00203990
test_16668,0.99573122
test_16669,0.01089606
test_16670,0.14290580
test_16671,0.00666597
test_16672,0.99991758
test_16673,0.00006827
test_16674,0.05330665
test_16675,0.00398754
test_16676,0.00309235
test_16677,0.78771403
test_16678,0.99555753
test_16679,0.00010285
test_16680,0.02261483
test_16681,0.00010392
test_16682,0.99941215
test_16683,0.23362294
test_16684,0.31079848
test_16685,0.00004636
test_16686,0.00136928
test_16687,0.99993666
test_16688,0.96181364
test_16689,0.94889390
test_16690,0.99994566
test_16691,0.02634829
test_16692,0.62294529
test_16693,0.00472585
test_16694,0.90312182
test_16695,0.00933748
test_16696,0.00718741
test_16697,0.00004728
test_16698,0.92778242
test_16699,0.00099185
test_16700,0.04417371
test_16701,0.00222239
test_16702,0.00132919
test_16703,0.99645931
test_16704,0.00080305
test_16705,0.99718669
test_16706,0.95172248
test_16707,0.61516794
test_16708,0.99912701
test_16709,0.98911947
test_16710,0.00130594
test_16711,0.99985477
test_16712,0.01597358
test_16713,0.39784468
test_16714,0.00084087
test_16715,0.05783595
test_16716,0.01826362
test_16717,0.02718180
test_16718,0.00030640
test_16719,0.15827881
test_16720,0.00055060
test_16721,0.99959684
test_16722,0.99963639
test_16723,0.99788907
test_16724,0.08304517
test_16725,0.00004607
test_16726,0.00006701
test_16727,0.99995427
test_16728,0.00006250
test_16729,0.33449617
test_16730,0.99318356
test_16731,0.14698559
test_16732,0.02487485
test_16733,0.00005481
test_16734,0.98767331
test_16735,0.05686412
test_16736,0.99982893
test_16737,0.99989520
test_16738,0.98981418
test_16739,0.99993336
test_16740,0.99994040
test_16741,0.01226706
test_16742,0.00005388
test_16743,0.00596390
test_16744,0.99994774
test_16745,0.10358276
test_16746,0.00306112
test_16747,0.99826431
test_16748,0.99975546
test_16749,0.99902794
test_16750,0.00446460
test_16751,0.99993102
test_16752,0.01489801
test_16753,0.99991213
test_16754,0.02059677
test_16755,0.00005676
test_16756,0.99643284
test_16757,0.00005998
test_16758,0.99994484
test_16759,0.96479681
test_16760,0.80293341
test_16761,0.99668951
test_16762,0.99993593
test_16763,0.97448403
test_16764,0.00059392
test_16765,0.99491921
test_16766,0.99995361
test_16767,0.00513554
test_16768,0.00007485
test_16769,0.97099522
test_16770,0.99584265
test_16771,0.49740365
test_16772,0.00012123
test_16773,0.94951332
test_16774,0.99523490
test_16775,0.00373641
test_16776,0.00005697
test_16777,0.97392520
test_16778,0.11823397
test_16779,0.01420129
test_16780,0.99516715
test_16781,0.00004567
test_16782,0.99994437
test_16783,0.98125404
test_16784,0.99621209
test_16785,0.99568531
test_16786,0.00005911
test_16787,0.00356235
test_16788,0.98215063
test_16789,0.99474426
test_16790,0.00096494
test_16791,0.00079791
test_16792,0.99994710
test_16793,0.00136011
test_16794,0.96573711
test_16795,0.00006966
test_16796,0.99989965
test_16797,0.00010436
test_16798,0.80257114
test_16799,0.99995125
test_16800,0.97274182
test_16801,0.99995368
test_16802,0.99135663
test_16803,0.00010621
test_16804,0.99992705
test_16805,0.98228056
test_16806,0.99993347
test_16807,0.99994495
test_16808,0.00004622
test_16809,0.00087115
test_16810,0.00430267
test_16811,0.99881604
test_16812,0.00729916
test_16813,0.00028284
test_16814,0.00381765
test_16815,0.99920670
test_16816,0.00005380
test_16817,0.98932968
test_16818,0.00056515
test_16819,0.99995425
test_16820,0.31145600
test_16821,0.99768871
test_16822,0.98969235
test_16823,0.99901868
test_16824,0.98788154
test_16825,0.91932802
test_16826,0.99816010
test_16827,0.00228307
test_16828,0.07145036
test_16829,0.00267132
test_16830,0.01062844
test_16831,0.99817333
test_16832,0.99034883
test_16833,0.46341668
test_16834,0.99207642
test_16835,0.90284123
test_16836,0.05341872
test_16837,0.99761257
test_16838,0.01237002
test_16839,0.94876373
test_16840,0.99994491
test_16841,0.97237707
test_16842,0.86426198
test_16843,0.00223663
test_16844,0.99542453
test_16845,0.02022626
test_16846,0.00073065
test_16847,0.08499913
test_16848,0.99437992
test_16849,0.99993347
test_16850,0.00009380
test_16851,0.00084528
test_16852,0.00220082
test_16853,0.98331537
test_16854,0.01333578
test_16855,0.02456587
test_16856,0.99674478
test_16857,0.99565453
test_16858,0.99990109
test_16859,0.01142427
test_16860,0.77452691
test_16861,0.36877286
test_16862,0.00009348
test_16863,0.99994697
test_16864,0.99914423
test_16865,0.00630031
test_16866,0.00004733
test_16867,0.90566003
test_16868,0.98125646
test_16869,0.99994435
test_16870,0.99981275
test_16871,0.99924005
test_16872,0.99995388
test_16873,0.00006624
test_16874,0.02023099
test_16875,0.00225749
test_16876,0.99995264
test_16877,0.00177937
test_16878,0.00008983
test_16879,0.80225777
test_16880,0.99873461
test_16881,0.00852222
test_16882,0.01128782
test_16883,0.99995369
test_16884,0.99991676
test_16885,0.21415605
test_16886,0.99674000
test_16887,0.99994232
test_16888,0.99994917
test_16889,0.99995302
test_16890,0.99993702
test_16891,0.01148560
test_16892,0.99994200
test_16893,0.99896822
test_16894,0.99994492
test_16895,0.00483775
test_16896,0.99554057
test_16897,0.02022053
test_16898,0.00630963
test_16899,0.36900237
test_16900,0.00249180
test_16901,0.00007473
test_16902,0.00525588
test_16903,0.99880225
test_16904,0.99406595
test_16905,0.00042600
test_16906,0.02438719
test_16907,0.97121607
test_16908,0.00665608
test_16909,0.98793387
test_16910,0.06102405
test_16911,0.14533322
test_16912,0.99850150
test_16913,0.00609178
test_16914,0.00190482
test_16915,0.95829330
test_16916,0.98054901
test_16917,0.08066853
test_16918,0.99222640
test_16919,0.12986938
test_16920,0.99809020
test_16921,0.99870774
test_16922,0.99414093
test_16923,0.01567524
test_16924,0.12046751
test_16925,0.00309120
test_16926,0.01719366
test_16927,0.00304079
test_16928,0.00740806
test_16929,0.10100558
test_16930,0.00433294
test_16931,0.99993335
test_16932,0.00473290
test_16933,0.99958051
test_16934,0.99955002
test_16935,0.99736215
test_16936,0.99889728
test_16937,0.94060701
test_16938,0.00876438
test_16939,0.99967110
test_16940,0.99994875
test_16941,0.99699446
test_16942,0.97983214
test_16943,0.99535387
test_16944,0.00114056
test_16945,0.00005149
test_16946,0.97944248
test_16947,0.00167365
test_16948,0.00065996
test_16949,0.99993107
test_16950,0.99994415
test_16951,0.99390559
test_16952,0.99941165
test_16953,0.99387726
test_16954,0.01989272
test_16955,0.36838930
test_16956,0.00011634
test_16957,0.00006097
test_16958,0.99894433
test_16959,0.15276059
test_16960,0.99994363
test_16961,0.00005966
test_16962,0.00114796
test_16963,0.99981020
test_16964,0.00625410
test_16965,0.99943143
test_16966,0.00010902
test_16967,0.07431775
test_16968,0.00013765
test_16969,0.99286502
test_16970,0.00064838
test_16971,0.99994351
test_16972,0.01253035
test_16973,0.99976828
test_16974,0.75535156
test_16975,0.00076566
test_16976,0.00004698
test_16977,0.29814564
test_16978,0.99988518
test_16979,0.01460274
test_16980,0.98625379
test_16981,0.99827014
test_16982,0.00011093
test_16983,0.99995047
test_16984,0.00011448
test_16985,0.00224742
test_16986,0.00173889
test_16987,0.00073690
test_16988,0.07647534
test_16989,0.00008886
test_16990,0.00007065
test_16991,0.00105315
test_16992,0.93624895
test_16993,0.00672300
test_16994,0.02428478
test_16995,0.87142158
test_16996,0.84187788
test_16997,0.78696084
test_16998,0.00136885
test_16999,0.99673930
test_17000,0.97501810
test_17001,0.97093360
test_17002,0.91359613
test_17003,0.00274028
test_17004,0.98003964
test_17005,0.29136983
test_17006,0.99370493
test_17007,0.75307233
test_17008,0.84225765
test_17009,0.00472378
test_17010,0.00061624
test_17011,0.87956968
test_17012,0.44388670
test_17013,0.96296460
test_17014,0.00627681
test_17015,0.01659991
test_17016,0.98916546
test_17017,0.85192740
test_17018,0.04981228
test_17019,0.00004560
test_17020,0.99153466
test_17021,0.99969448
test_17022,0.00116629
test_17023,0.01634750
test_17024,0.99318994
test_17025,0.00007031
test_17026,0.04507343
test_17027,0.99800911
test_17028,0.80597362
test_17029,0.12076797
test_17030,0.99957412
test_17031,0.71140024
test_17032,0.98144794
test_17033,0.56251692
test_17034,0.01075943
test_17035,0.44662935
test_17036,0.99845903
test_17037,0.00375589
test_17038,0.00829111
test_17039,0.00094717
test_17040,0.16692683
test_17041,0.15747139
test_17042,0.00420180
test_17043,0.00005726
test_17044,0.02259746
test_17045,0.00013651
test_17046,0.90212686
test_17047,0.99794156
test_17048,0.72176985
test_17049,0.99988921
test_17050,0.00680343
test_17051,0.91349807
test_17052,0.00004591
test_17053,0.98374529
test_17054,0.99988647
test_17055,0.00721052
test_17056,0.99994098
test_17057,0.99141280
test_17058,0.00320487
test_17059,0.00004761
test_17060,0.77299937
test_17061,0.00210112
test_17062,0.99620155
test_17063,0.88783301
test_17064,0.00005226
test_17065,0.97279275
test_17066,0.00536614
test_17067,0.99687024
test_17068,0.00344281
test_17069,0.99759336
test_17070,0.00005677
test_17071,0.99503198
test_17072,0.90835456
test_17073,0.02447029
test_17074,0.99992732
test_17075,0.99787093
test_17076,0.00004810
test_17077,0.97668944
test_17078,0.01689888
test_17079,0.99994734
test_17080,0.99467023
test_17081,0.00004896
test_17082,0.99939471
test_17083,0.88648061
test_17084,0.01861737
test_17085,0.04509497
test_17086,0.99993450
test_17087,0.12451379
test_17088,0.99982142
test_17089,0.01382762
test_17090,0.02264081
test_17091,0.00103676
test_17092,0.00174061
test_17093,0.05835146
test_17094,0.00519732
test_17095,0.99991153
test_17096,0.00873339
test_17097,0.99861464
test_17098,0.02446119
test_17099,0.99451927
test_17100,0.00007538
test_17101,0.66006981
test_17102,0.97801891
test_17103,0.00007608
test_17104,0.98886033
test_17105,0.99512989
test_17106,0.99992499
test_17107,0.00005127
test_17108,0.07078500
test_17109,0.99809925
test_17110,0.99990732
test_17111,0.13228155
test_17112,0.99995186
test_17113,0.98337029
test_17114,0.99677799
test_17115,0.03002003
test_17116,0.99096218
test_17117,0.00106689
test_17118,0.99938893
test_17119,0.99146978
test_17120,0.41021674
test_17121,0.99494791
test_17122,0.99962235
test_17123,0.00672577
test_17124,0.00021531
test_17125,0.99960557
test_17126,0.99895779
test_17127,0.00008669
test_17128,0.01213279
test_17129,0.99992996
test_17130,0.99994232
test_17131,0.00052939
test_17132,0.97109245
test_17133,0.00007473
test_17134,0.00005472
test_17135,0.02007100
test_17136,0.99675689
test_17137,0.10008464
test_17138,0.99985720
test_17139,0.00004870
test_17140,0.00010795
test_17141,0.74537920
test_17142,0.99957115
test_17143,0.87706052
test_17144,0.02315042
test_17145,0.03063208
test_17146,0.99995356
test_17147,0.99995182
test_17148,0.00005603
test_17149,0.13755055
test_17150,0.00005310
test_17151,0.98766266
test_17152,0.00277378
test_17153,0.00005135
test_17154,0.00004857
test_17155,0.00005597
test_17156,0.00064212
test_17157,0.99728815
test_17158,0.95192903
test_17159,0.00007171
test_17160,0.99992577
test_17161,0.99787421
test_17162,0.00005522
test_17163,0.99719864
test_17164,0.99924861
test_17165,0.96639102
test_17166,0.00004663
test_17167,0.00399750
test_17168,0.99906728
test_17169,0.94486839
test_17170,0.01016598
test_17171,0.00057255
test_17172,0.88110343
test_17173,0.96191227
test_17174,0.97900189
test_17175,0.00474871
test_17176,0.16245942
test_17177,0.99994893
test_17178,0.98678467
test_17179,0.80508603
test_17180,0.99914028
test_17181,0.98036530
test_17182,0.00148779
test_17183,0.86415590
test_17184,0.04025526
test_17185,0.99841630
test_17186,0.99822316
test_17187,0.99668307
test_17188,0.00229291
test_17189,0.01176243
test_17190,0.00004625
test_17191,0.03342241
test_17192,0.06602768
test_17193,0.00007865
test_17194,0.99994301
test_17195,0.00010327
test_17196,0.00715184
test_17197,0.13724101
test_17198,0.00366797
test_17199,0.00082704
test_17200,0.99493111
test_17201,0.11436710
test_17202,0.02155126
test_17203,0.99297384
test_17204,0.97344715
test_17205,0.01793809
test_17206,0.99538941
test_17207,0.00113436
test_17208,0.99993816
test_17209,0.11118213
test_17210,0.00896806
test_17211,0.00026032
test_17212,0.99974792
test_17213,0.27895921
test_17214,0.99976196
test_17215,0.99995284
test_17216,0.00305239
test_17217,0.01551764
test_17218,0.00006419
test_17219,0.00008073
test_17220,0.00197310
test_17221,0.00925584
test_17222,0.99992446
test_17223,0.00004706
test_17224,0.00007062
test_17225,0.01613416
test_17226,0.00007200
test_17227,0.99519222
test_17228,0.99529560
test_17229,0.99801869
test_17230,0.99994686
test_17231,0.99357204
test_17232,0.00006460
test_17233,0.00004959
test_17234,0.06176742
test_17235,0.99993022
test_17236,0.00008305
test_17237,0.99894358
test_17238,0.05360181
test_17239,0.99990343
test_17240,0.00007288
test_17241,0.00937249
test_17242,0.99378162
test_17243,0.00046680
test_17244,0.99969460
test_17245,0.02393989
test_17246,0.28081280
test_17247,0.00006102
test_17248,0.01216902
test_17249,0.91501524
test_17250,0.00223258
test_17251,0.99826839
test_17252,0.73436993
test_17253,0.91744400
test_17254,0.00097767
test_17255,0.99995141
test_17256,0.00012979
test_17257,0.00878146
test_17258,0.61692327
test_17259,0.99985087
test_17260,0.00035662
test_17261,0.94599148
test_17262,0.00005499
test_17263,0.75461846
test_17264,0.99993523
test_17265,0.99895356
test_17266,0.00010040
test_17267,0.00044383
test_17268,0.30815411
test_17269,0.00361749
test_17270,0.99974765
test_17271,0.00238111
test_17272,0.99115088
test_17273,0.99016460
test_17274,0.99935322
test_17275,0.27067614
test_17276,0.99581866
test_17277,0.97894171
test_17278,0.00006848
test_17279,0.00005117
test_17280,0.64502673
test_17281,0.00004605
test_17282,0.97665886
test_17283,0.00152022
test_17284,0.99783622
test_17285,0.99994323
test_17286,0.99995317
test_17287,0.00005141
test_17288,0.98593158
test_17289,0.00438874
test_17290,0.00005974
test_17291,0.91000355
test_17292,0.99995076
test_17293,0.00007333
test_17294,0.99990146
test_17295,0.01990711
test_17296,0.97213302
test_17297,0.99995181
test_17298,0.01711994
test_17299,0.99992993
test_17300,0.00005552
test_17301,0.99800666
test_17302,0.00029995
test_17303,0.00373581
test_17304,0.15816989
test_17305,0.98897576
test_17306,0.99986509
test_17307,0.99746488
test_17308,0.99319110
test_17309,0.04030030
test_17310,0.99989446
test_17311,0.00887337
test_17312,0.89951287
test_17313,0.98749129
test_17314,0.99994024
test_17315,0.01900462
test_17316,0.00013741
test_17317,0.99475998
test_17318,0.98640360
test_17319,0.99993116
test_17320,0.99995205
test_17321,0.99993959
test_17322,0.18167194
test_17323,0.99938126
test_17324,0.00857841
test_17325,0.00606072
test_17326,0.99235263
test_17327,0.00032398
test_17328,0.96971474
test_17329,0.02240707
test_17330,0.00024242
test_17331,0.55791628
test_17332,0.99931091
test_17333,0.93786457
test_17334,0.00005839
test_17335,0.99995340
test_17336,0.05702907
test_17337,0.00112774
test_17338,0.99994262
test_17339,0.00034681
test_17340,0.00314228
test_17341,0.00007561
test_17342,0.00046767
test_17343,0.00440061
test_17344,0.99616765
test_17345,0.99935419
test_17346,0.99537031
test_17347,0.00019245
test_17348,0.98744370
test_17349,0.00702355
test_17350,0.05588440
test_17351,0.99709166
test_17352,0.99776596
test_17353,0.99993590
test_17354,0.99720731
test_17355,0.00005517
test_17356,0.00262205
test_17357,0.97939376
test_17358,0.03809507
test_17359,0.99995333
test_17360,0.97380314
test_17361,0.98272558
test_17362,0.00498443
test_17363,0.01240991
test_17364,0.01391984
test_17365,0.00004940
test_17366,0.00115693
test_17367,0.99994566
test_17368,0.00004561
test_17369,0.98738142
test_17370,0.99988766
test_17371,0.99992975
test_17372,0.99007750
test_17373,0.11961910
test_17374,0.93636117
test_17375,0.01501519
test_17376,0.99810373
test_17377,0.00008588
test_17378,0.00075338
test_17379,0.99994766
test_17380,0.98688568
test_17381,0.00296960
test_17382,0.99799078
test_17383,0.83230696
test_17384,0.02983519
test_17385,0.00493335
test_17386,0.00161690
test_17387,0.99128784
test_17388,0.00005441
test_17389,0.00028818
test_17390,0.00005633
test_17391,0.17416519
test_17392,0.06580070
test_17393,0.04616833
test_17394,0.00004558
test_17395,0.00351074
test_17396,0.94336914
test_17397,0.00016303
test_17398,0.99994781
test_17399,0.93909173
test_17400,0.02116820
test_17401,0.99994397
test_17402,0.99995313
test_17403,0.99653102
test_17404,0.99878017
test_17405,0.99963428
test_17406,0.02090907
test_17407,0.98392957
test_17408,0.00084171
test_17409,0.96616692
test_17410,0.99471355
test_17411,0.99992872
test_17412,0.02362357
test_17413,0.99909176
test_17414,0.00338371
test_17415,0.01092945
test_17416,0.93682335
test_17417,0.96311813
test_17418,0.01677088
test_17419,0.12075731
test_17420,0.92970209
test_17421,0.61255419
test_17422,0.96634802
test_17423,0.86696971
test_17424,0.99496114
test_17425,0.30608446
test_17426,0.99901942
test_17427,0.99994530
test_17428,0.16032463
test_17429,0.01618402
test_17430,0.99540452
test_17431,0.00079473
test_17432,0.06115593
test_17433,0.00471040
test_17434,0.67281285
test_17435,0.87538676
test_17436,0.00004701
test_17437,0.99813446
test_17438,0.99704418
test_17439,0.00056810
test_17440,0.00050153
test_17441,0.97003736
test_17442,0.00008875
test_17443,0.99993288
test_17444,0.00009490
test_17445,0.00013031
test_17446,0.99500040
test_17447,0.00285398
test_17448,0.90297889
test_17449,0.99993925
test_17450,0.99891547
test_17451,0.05571757
test_17452,0.00170926
test_17453,0.99994690
test_17454,0.99994996
test_17455,0.00364961
test_17456,0.00046259
test_17457,0.95664108
test_17458,0.00326462
test_17459,0.01914659
test_17460,0.00130670
test_17461,0.98802931
test_17462,0.08853468
test_17463,0.00089219
test_17464,0.00179692
test_17465,0.00004679
test_17466,0.11647276
test_17467,0.99449847
test_17468,0.99994506
test_17469,0.00176703
test_17470,0.27480031
test_17471,0.92368506
test_17472,0.98269057
test_17473,0.99995367
test_17474,0.99946851
test_17475,0.00104461
test_17476,0.99776807
test_17477,0.00815194
test_17478,0.00285017
test_17479,0.00775118
test_17480,0.99993561
test_17481,0.99008731
test_17482,0.99991734
test_17483,0.00007294
test_17484,0.00005929
test_17485,0.94113447
test_17486,0.00530564
test_17487,0.00607376
test_17488,0.00704206
test_17489,0.99937450
test_17490,0.01888163
test_17491,0.99248389
test_17492,0.00008402
test_17493,0.99995395
test_17494,0.12292740
test_17495,0.00405721
test_17496,0.04584577
test_17497,0.00202266
test_17498,0.04687330
test_17499,0.99165865
test_17500,0.00004571
test_17501,0.88755067
test_17502,0.00019696
test_17503,0.99807692
test_17504,0.00066925
test_17505,0.00101345
test_17506,0.00441571
test_17507,0.99930878
test_17508,0.99994963
test_17509,0.99995235
test_17510,0.01571248
test_17511,0.99643354
test_17512,0.23749396
test_17513,0.77300523
test_17514,0.99845218
test_17515,0.99985079
test_17516,0.00004922
test_17517,0.83605618
test_17518,0.00763183
test_17519,0.00702101
test_17520,0.29510113
test_17521,0.99991932
test_17522,0.91666440
test_17523,0.00118117
test_17524,0.99130453
test_17525,0.98050984
test_17526,0.99992298
test_17527,0.00295192
test_17528,0.99635708
test_17529,0.00949168
test_17530,0.99994579
test_17531,0.29722162
test_17532,0.00504207
test_17533,0.99994664
test_17534,0.97747388
test_17535,0.99995143
test_17536,0.60367649
test_17537,0.35180705
test_17538,0.99947706
test_17539,0.00196148
test_17540,0.01471572
test_17541,0.99991111
test_17542,0.97235891
test_17543,0.75077753
test_17544,0.00088027
test_17545,0.99111667
test_17546,0.99991674
test_17547,0.00896898
test_17548,0.97206955
test_17549,0.00137329
test_17550,0.83112274
test_17551,0.00055685
test_17552,0.99995252
test_17553,0.03167579
test_17554,0.99858884
test_17555,0.00369221
test_17556,0.00022941
test_17557,0.99440898
test_17558,0.94811847
test_17559,0.99992734
test_17560,0.32316305
test_17561,0.04625437
test_17562,0.00005398
test_17563,0.04093480
test_17564,0.05230574
test_17565,0.00008529
test_17566,0.00132301
test_17567,0.97923434
test_17568,0.97852854
test_17569,0.00057179
test_17570,0.85681637
test_17571,0.00558966
test_17572,0.99994270
test_17573,0.99994418
test_17574,0.03521468
test_17575,0.00543069
test_17576,0.98689197
test_17577,0.99994647
test_17578,0.00004657
test_17579,0.30767150
test_17580,0.04630296
test_17581,0.00005065
test_17582,0.99995092
test_17583,0.00333146
test_17584,0.89803707
test_17585,0.99172105
test_17586,0.00004556
test_17587,0.00004641
test_17588,0.14502217
test_17589,0.99642977
test_17590,0.01354200
test_17591,0.99567272
test_17592,0.20312137
test_17593,0.99980745
test_17594,0.00593194
test_17595,0.99962777
test_17596,0.99532238
test_17597,0.99797449
test_17598,0.02132142
test_17599,0.99889895
test_17600,0.00161385
test_17601,0.92092786
test_17602,0.99460389
test_17603,0.01947195
test_17604,0.00092548
test_17605,0.00024044
test_17606,0.00582630
test_17607,0.00005639
test_17608,0.00795487
test_17609,0.99992965
test_17610,0.96265899
test_17611,0.98731215
test_17612,0.03697609
test_17613,0.02415864
test_17614,0.92984609
test_17615,0.00005351
test_17616,0.99990607
test_17617,0.00005046
test_17618,0.00866552
test_17619,0.99922199
test_17620,0.98936987
test_17621,0.01132654
test_17622,0.00078249
test_17623,0.99992056
test_17624,0.99591649
test_17625,0.97599701
test_17626,0.00046031
test_17627,0.00598949
test_17628,0.99430138
test_17629,0.87238098
test_17630,0.98842650
test_17631,0.95802680
test_17632,0.00007977
test_17633,0.99994258
test_17634,0.00005159
test_17635,0.98427244
test_17636,0.05933947
test_17637,0.00091583
test_17638,0.99441425
test_17639,0.44232277
test_17640,0.99995076
test_17641,0.00176336
test_17642,0.98717798
test_17643,0.00872427
test_17644,0.95222835
test_17645,0.96757281
test_17646,0.68857761
test_17647,0.00004969
test_17648,0.86445750
test_17649,0.00171251
test_17650,0.00006230
test_17651,0.99300907
test_17652,0.00006350
test_17653,0.00917881
test_17654,0.00004924
test_17655,0.32469120
test_17656,0.97438357
test_17657,0.99916477
test_17658,0.00261723
test_17659,0.00005489
test_17660,0.99972289
test_17661,0.72859000
test_17662,0.00100865
test_17663,0.99995064
test_17664,0.00004720
test_17665,0.00210549
test_17666,0.00011393
test_17667,0.99677585
test_17668,0.00004730
test_17669,0.91877333
test_17670,0.00004547
test_17671,0.00006489
test_17672,0.99995114
test_17673,0.00004890
test_17674,0.00018673
test_17675,0.99993831
test_17676,0.99993641
test_17677,0.99994860
test_17678,0.00931316
test_17679,0.99063050
test_17680,0.05229643
test_17681,0.65063862
test_17682,0.98284053
test_17683,0.99291678
test_17684,0.99995195
test_17685,0.91426586
test_17686,0.01770361
test_17687,0.00048238
test_17688,0.00004749
test_17689,0.99884559
test_17690,0.00066791
test_17691,0.00681408
test_17692,0.99990697
test_17693,0.66995066
test_17694,0.93094661
test_17695,0.99934749
test_17696,0.96418764
test_17697,0.99994840
test_17698,0.00004978
test_17699,0.00155827
test_17700,0.00087242
test_17701,0.99991421
test_17702,0.00420821
test_17703,0.00041173
test_17704,0.00004572
test_17705,0.00652101
test_17706,0.66387827
test_17707,0.00847754
test_17708,0.99571976
test_17709,0.00005072
test_17710,0.98975039
test_17711,0.00600602
test_17712,0.00535605
test_17713,0.00493875
test_17714,0.00008832
test_17715,0.00635463
test_17716,0.00245715
test_17717,0.99992556
test_17718,0.00313509
test_17719,0.00005318
test_17720,0.01903471
test_17721,0.89244105
test_17722,0.31732355
test_17723,0.48293623
test_17724,0.99747254
test_17725,0.00009031
test_17726,0.99913878
test_17727,0.99993163
test_17728,0.99877781
test_17729,0.99894297
test_17730,0.99995419
test_17731,0.04082862
test_17732,0.99994810
test_17733,0.99991401
test_17734,0.00056831
test_17735,0.99904399
test_17736,0.99414659
test_17737,0.00256843
test_17738,0.00091803
test_17739,0.87828191
test_17740,0.00231580
test_17741,0.99993520
test_17742,0.00085166
test_17743,0.99749483
test_17744,0.99993610
test_17745,0.00005585
test_17746,0.00117286
test_17747,0.21026122
test_17748,0.98388610
test_17749,0.99994299
test_17750,0.00007004
test_17751,0.00987500
test_17752,0.00159949
test_17753,0.99787820
test_17754,0.14878247
test_17755,0.99993700
test_17756,0.05373985
test_17757,0.99981071
test_17758,0.00006674
test_17759,0.99992651
test_17760,0.01168495
test_17761,0.11082570
test_17762,0.00099131
test_17763,0.00005117
test_17764,0.00134358
test_17765,0.99995439
test_17766,0.08077596
test_17767,0.02822045
test_17768,0.99750898
test_17769,0.00005809
test_17770,0.99152081
test_17771,0.50000000
test_17772,0.94899470
test_17773,0.00323648
test_17774,0.03502528
test_17775,0.00394014
test_17776,0.99995251
test_17777,0.00038986
test_17778,0.01032839
test_17779,0.00004596
test_17780,0.99994375
test_17781,0.00020253
test_17782,0.99921615
test_17783,0.00654475
test_17784,0.97372083
test_17785,0.99608521
test_17786,0.87925342
test_17787,0.99616723
test_17788,0.96347183
test_17789,0.00339032
test_17790,0.00005475
test_17791,0.99908026
test_17792,0.00022600
test_17793,0.00443610
test_17794,0.00118714
test_17795,0.01082049
test_17796,0.00012202
test_17797,0.99992502
test_17798,0.00052661
test_17799,0.00266756
test_17800,0.97921341
test_17801,0.01406608
test_17802,0.37822136
test_17803,0.02478165
test_17804,0.99605502
test_17805,0.95652244
test_17806,0.99285552
test_17807,0.00004629
test_17808,0.00436840
test_17809,0.71321434
test_17810,0.73441214
test_17811,0.10091382
test_17812,0.05539191
test_17813,0.01227590
test_17814,0.57543952
test_17815,0.90846586
test_17816,0.99202004
test_17817,0.98589452
test_17818,0.43043771
test_17819,0.99932300
test_17820,0.04591270
test_17821,0.99994960
test_17822,0.00004955
test_17823,0.00006271
test_17824,0.99886879
test_17825,0.08097020
test_17826,0.99976925
test_17827,0.26340689
test_17828,0.99995265
test_17829,0.99994953
test_17830,0.99995116
test_17831,0.00004782
test_17832,0.00004807
test_17833,0.96517292
test_17834,0.00585727
test_17835,0.99894632
test_17836,0.99507271
test_17837,0.98019691
test_17838,0.99479959
test_17839,0.97251627
test_17840,0.98474524
test_17841,0.97754032
test_17842,0.99500113
test_17843,0.02114301
test_17844,0.07808053
test_17845,0.99896718
test_17846,0.00006473
test_17847,0.99018453
test_17848,0.99770385
test_17849,0.00046126
test_17850,0.01339463
test_17851,0.01794771
test_17852,0.99919338
test_17853,0.99970644
test_17854,0.14154022
test_17855,0.00004579
test_17856,0.99993939
test_17857,0.01780372
test_17858,0.99506899
test_17859,0.98488626
test_17860,0.00077985
test_17861,0.99857334
test_17862,0.99994929
test_17863,0.00009236
test_17864,0.26645979
test_17865,0.98426542
test_17866,0.00005714
test_17867,0.14910543
test_17868,0.27384324
test_17869,0.00152179
test_17870,0.92196618
test_17871,0.80348268
test_17872,0.16191434
test_17873,0.99730939
test_17874,0.00228166
test_17875,0.91567732
test_17876,0.01105119
test_17877,0.00007536
test_17878,0.02091641
test_17879,0.99969180
test_17880,0.00040002
test_17881,0.13944824
test_17882,0.02192245
test_17883,0.59456739
test_17884,0.99946190
test_17885,0.84818079
test_17886,0.00343931
test_17887,0.99995419
test_17888,0.00764617
test_17889,0.99876828
test_17890,0.99994245
test_17891,0.99757529
test_17892,0.98430157
test_17893,0.99994636
test_17894,0.99592483
test_17895,0.79440632
test_17896,0.99141673
test_17897,0.09754014
test_17898,0.99992537
test_17899,0.00008428
test_17900,0.97910014
test_17901,0.00027872
test_17902,0.06038165
test_17903,0.91335384
test_17904,0.99980822
test_17905,0.00146756
test_17906,0.95083733
test_17907,0.99987294
test_17908,0.91198466
test_17909,0.98471849
test_17910,0.00380017
test_17911,0.00060577
test_17912,0.99994197
test_17913,0.98603373
test_17914,0.82538435
test_17915,0.99744434
test_17916,0.00009569
test_17917,0.00058502
test_17918,0.00008730
test_17919,0.00186956
test_17920,0.00090023
test_17921,0.93965013
test_17922,0.88960477
test_17923,0.99799729
test_17924,0.01697102
test_17925,0.00411328
test_17926,0.00057940
test_17927,0.00111599
test_17928,0.99957007
test_17929,0.00836436
test_17930,0.99766735
test_17931,0.99902048
test_17932,0.06015729
test_17933,0.99986179
test_17934,0.00052286
test_17935,0.13879427
test_17936,0.99822160
test_17937,0.02198771
test_17938,0.00137430
test_17939,0.99467162
test_17940,0.99995205
test_17941,0.14039072
test_17942,0.99993201
test_17943,0.92421621
test_17944,0.99995434
test_17945,0.00004679
test_17946,0.99729635
test_17947,0.56045233
test_17948,0.00056439
test_17949,0.00544748
test_17950,0.99813693
test_17951,0.01592739
test_17952,0.13121473
test_17953,0.99948205
test_17954,0.02436309
test_17955,0.02425651
test_17956,0.99762905
test_17957,0.00016599
test_17958,0.00303616
test_17959,0.06145937
test_17960,0.03087222
test_17961,0.02112754
test_17962,0.00144572
test_17963,0.99686613
test_17964,0.68157260
test_17965,0.99824087
test_17966,0.99913347
test_17967,0.04215037
test_17968,0.00265240
test_17969,0.02333757
test_17970,0.00004987
test_17971,0.98091385
test_17972,0.00335802
test_17973,0.98519064
test_17974,0.00180089
test_17975,0.00060249
test_17976,0.95530909
test_17977,0.00263972
test_17978,0.99992103
test_17979,0.84655266
test_17980,0.24906793
test_17981,0.73438912
test_17982,0.99995374
test_17983,0.99231645
test_17984,0.00006235
test_17985,0.00636489
test_17986,0.00781644
test_17987,0.98797731
test_17988,0.97884371
test_17989,0.99991431
test_17990,0.01781731
test_17991,0.99995217
test_17992,0.99261014
test_17993,0.00582052
test_17994,0.82099874
test_17995,0.36922154
test_17996,0.99795956
test_17997,0.00008391
test_17998,0.01009578
test_17999,0.99704949
test_18000,0.04271605
test_18001,0.00192500
test_18002,0.99696175
test_18003,0.96904383
test_18004,0.09936884
test_18005,0.66449314
test_18006,0.84838128
test_18007,0.94972924
test_18008,0.31811146
test_18009,0.99461726
test_18010,0.00346421
test_18011,0.99995029
test_18012,0.00429011
test_18013,0.92597350
test_18014,0.00123908
test_18015,0.00380570
test_18016,0.00205447
test_18017,0.00049010
test_18018,0.00005251
test_18019,0.04506889
test_18020,0.80332565
test_18021,0.87145370
test_18022,0.99885187
test_18023,0.75775956
test_18024,0.00005443
test_18025,0.00006770
test_18026,0.98680988
test_18027,0.01593971
test_18028,0.99994681
test_18029,0.20262973
test_18030,0.99985472
test_18031,0.48454705
test_18032,0.03992626
test_18033,0.99541546
test_18034,0.99987900
test_18035,0.00205352
test_18036,0.99927032
test_18037,0.01496379
test_18038,0.86737176
test_18039,0.98806620
test_18040,0.99995454
test_18041,0.99265585
test_18042,0.99924822
test_18043,0.00279708
test_18044,0.99991695
test_18045,0.00148116
test_18046,0.97325473
test_18047,0.00081099
test_18048,0.00679841
test_18049,0.99995442
test_18050,0.99613571
test_18051,0.00004645
test_18052,0.00136861
test_18053,0.00074600
test_18054,0.01268096
test_18055,0.83440035
test_18056,0.00005072
test_18057,0.04757824
test_18058,0.88761814
test_18059,0.00108756
test_18060,0.58156399
test_18061,0.91239572
test_18062,0.99784134
test_18063,0.01702447
test_18064,0.99766462
test_18065,0.99995089
test_18066,0.00004579
test_18067,0.99134456
test_18068,0.89389468
test_18069,0.99592239
test_18070,0.99993995
test_18071,0.00004985
test_18072,0.87304095
test_18073,0.00221475
test_18074,0.00152098
test_18075,0.99157961
test_18076,0.99994172
test_18077,0.00004560
test_18078,0.98297924
test_18079,0.99986722
test_18080,0.99988157
test_18081,0.99469849
test_18082,0.99976088
test_18083,0.97859061
test_18084,0.99823762
test_18085,0.04039474
test_18086,0.99560738
test_18087,0.04166737
test_18088,0.98425662
test_18089,0.00005251
test_18090,0.00005468
test_18091,0.99838370
test_18092,0.99976313
test_18093,0.99366009
test_18094,0.02188123
test_18095,0.21258324
test_18096,0.99632735
test_18097,0.97655823
test_18098,0.98823577
test_18099,0.97555723
test_18100,0.00380909
test_18101,0.00408744
test_18102,0.99994840
test_18103,0.00709673
test_18104,0.98559898
test_18105,0.99347112
test_18106,0.82411042
test_18107,0.94667984
test_18108,0.00126766
test_18109,0.00144857
test_18110,0.99919636
test_18111,0.00187871
test_18112,0.50186830
test_18113,0.54294495
test_18114,0.98969968
test_18115,0.99995180
test_18116,0.99993445
test_18117,0.00004695
test_18118,0.00005207
test_18119,0.00314806
test_18120,0.00006376
test_18121,0.99413748
test_18122,0.08510899
test_18123,0.95056033
test_18124,0.00097550
test_18125,0.99529219
test_18126,0.98953612
test_18127,0.05076780
test_18128,0.00321208
test_18129,0.00306129
test_18130,0.00005336
test_18131,0.52042445
test_18132,0.00121862
test_18133,0.00889845
test_18134,0.00190188
test_18135,0.01221684
test_18136,0.06031863
test_18137,0.00043907
test_18138,0.98103610
test_18139,0.00454190
test_18140,0.02256776
test_18141,0.08089957
test_18142,0.00007098
test_18143,0.99478949
test_18144,0.00248199
test_18145,0.98765578
test_18146,0.99990999
test_18147,0.00212658
test_18148,0.08097409
test_18149,0.99909799
test_18150,0.99902342
test_18151,0.99957316
test_18152,0.99995332
test_18153,0.00185271
test_18154,0.85406837
test_18155,0.95471169
test_18156,0.00010475
test_18157,0.00265045
test_18158,0.99678683
test_18159,0.99757085
test_18160,0.99995296
test_18161,0.99841977
test_18162,0.00223991
test_18163,0.00371897
test_18164,0.99991215
test_18165,0.02591575
test_18166,0.00235884
test_18167,0.99914510
test_18168,0.99991156
test_18169,0.97095522
test_18170,0.99779245
test_18171,0.93483161
test_18172,0.99985924
test_18173,0.99991744
test_18174,0.99301641
test_18175,0.00194414
test_18176,0.99993463
test_18177,0.99991469
test_18178,0.77383719
test_18179,0.99994046
test_18180,0.02130989
test_18181,0.08395725
test_18182,0.99995340
test_18183,0.99995424
test_18184,0.99030253
test_18185,0.97993867
test_18186,0.00095963
test_18187,0.00293936
test_18188,0.59944132
test_18189,0.00010037
test_18190,0.99995343
test_18191,0.90670032
test_18192,0.98059664
test_18193,0.91979156
test_18194,0.00697753
test_18195,0.99993745
test_18196,0.99851224
test_18197,0.99868276
test_18198,0.79188771
test_18199,0.99618853
test_18200,0.02591651
test_18201,0.98424448
test_18202,0.96420962
test_18203,0.85431572
test_18204,0.99129511
test_18205,0.99691609
test_18206,0.29128923
test_18207,0.99993344
test_18208,0.11831069
test_18209,0.99992034
test_18210,0.99940384
test_18211,0.00415610
test_18212,0.00408829
test_18213,0.00888193
test_18214,0.00007980
test_18215,0.18783960
test_18216,0.00217772
test_18217,0.00355356
test_18218,0.99989891
test_18219,0.00149871
test_18220,0.92828182
test_18221,0.00030185
test_18222,0.00004636
test_18223,0.00004860
test_18224,0.98785875
test_18225,0.96518813
test_18226,0.99310172
test_18227,0.97910197
test_18228,0.99994768
test_18229,0.00359855
test_18230,0.99702953
test_18231,0.96900753
test_18232,0.07115619
test_18233,0.98512775
test_18234,0.00350293
test_18235,0.99580183
test_18236,0.00173225
test_18237,0.00004582
test_18238,0.94660919
test_18239,0.60966454
test_18240,0.01625085
test_18241,0.13787431
test_18242,0.05532287
test_18243,0.00005497
test_18244,0.99995364
test_18245,0.99793747
test_18246,0.99870519
test_18247,0.01753264
test_18248,0.99994227
test_18249,0.52775540
test_18250,0.00093796
test_18251,0.07654925
test_18252,0.99899285
test_18253,0.99994147
test_18254,0.00102628
test_18255,0.00074522
test_18256,0.00566417
test_18257,0.07721874
test_18258,0.96780003
test_18259,0.00005843
test_18260,0.94810045
test_18261,0.99976770
test_18262,0.01316031
test_18263,0.97332435
test_18264,0.00374192
test_18265,0.00516586
test_18266,0.00005252
test_18267,0.96914331
test_18268,0.99180180
test_18269,0.00006943
test_18270,0.99716953
test_18271,0.00006049
test_18272,0.00050050
test_18273,0.00094260
test_18274,0.00018017
test_18275,0.01067368
test_18276,0.08909199
test_18277,0.00122271
test_18278,0.00008732
test_18279,0.99875775
test_18280,0.99995101
test_18281,0.00004957
test_18282,0.99729388
test_18283,0.59223980
test_18284,0.96884934
test_18285,0.99985641
test_18286,0.00084643
test_18287,0.00411213
test_18288,0.01063516
test_18289,0.98404473
test_18290,0.99993399
test_18291,0.00004873
test_18292,0.00933002
test_18293,0.99919783
test_18294,0.99601627
test_18295,0.99994251
test_18296,0.00109566
test_18297,0.00067677
test_18298,0.93932259
test_18299,0.00005123
test_18300,0.90371548
test_18301,0.08860060
test_18302,0.01658412
test_18303,0.00112851
test_18304,0.00007662
test_18305,0.99808646
test_18306,0.07564864
test_18307,0.00006127
test_18308,0.00008839
test_18309,0.98325347
test_18310,0.72498725
test_18311,0.01681097
test_18312,0.00150989
test_18313,0.99992431
test_18314,0.00728041
test_18315,0.00402149
test_18316,0.90574194
test_18317,0.02858924
test_18318,0.99684489
test_18319,0.03004019
test_18320,0.01172051
test_18321,0.00009258
test_18322,0.99941098
test_18323,0.80052876
test_18324,0.99897422
test_18325,0.37460825
test_18326,0.72602553
test_18327,0.00528932
test_18328,0.00006345
test_18329,0.99634567
test_18330,0.03592239
test_18331,0.99994678
test_18332,0.00537526
test_18333,0.01001267
test_18334,0.96239471
test_18335,0.00080456
test_18336,0.00021098
test_18337,0.99646136
test_18338,0.99863133
test_18339,0.00005216
test_18340,0.99870039
test_18341,0.00006669
test_18342,0.06654185
test_18343,0.99644756
test_18344,0.99990291
test_18345,0.05413293
test_18346,0.02083424
test_18347,0.99986792
test_18348,0.00640208
test_18349,0.00014554
test_18350,0.99994049
test_18351,0.00381782
test_18352,0.00659494
test_18353,0.00006507
test_18354,0.99572396
test_18355,0.99994408
test_18356,0.00260422
test_18357,0.99995405
test_18358,0.00349565
test_18359,0.00010494
test_18360,0.99979450
test_18361,0.99994310
test_18362,0.03326075
test_18363,0.99993948
test_18364,0.00008923
test_18365,0.99963351
test_18366,0.99924533
test_18367,0.00080509
test_18368,0.99467571
test_18369,0.99957229
test_18370,0.99817370
test_18371,0.47961155
test_18372,0.99611694
test_18373,0.19431820
test_18374,0.98044160
test_18375,0.99982198
test_18376,0.00114455
test_18377,0.99513624
test_18378,0.01385251
test_18379,0.99965139
test_18380,0.09116472
test_18381,0.99994536
test_18382,0.07703080
test_18383,0.99988972
test_18384,0.10212121
test_18385,0.99941572
test_18386,0.99640887
test_18387,0.00632622
test_18388,0.99994986
test_18389,0.99948795
test_18390,0.99993387
test_18391,0.00007381
test_18392,0.96440481
test_18393,0.99982545
test_18394,0.01178044
test_18395,0.00005121
test_18396,0.10790714
test_18397,0.98112290
test_18398,0.80646953
test_18399,0.99993080
test_18400,0.00183836
test_18401,0.99457107
test_18402,0.99994808
test_18403,0.99991664
test_18404,0.98288509
test_18405,0.00428896
test_18406,0.92087583
test_18407,0.98700981
test_18408,0.99995332
test_18409,0.00010901
test_18410,0.93712803
test_18411,0.89938393
test_18412,0.99015403
test_18413,0.99849274
test_18414,0.00005317
test_18415,0.00005984
test_18416,0.99487704
test_18417,0.07056999
test_18418,0.88263394
test_18419,0.99994795
test_18420,0.01970624
test_18421,0.08180315
test_18422,0.99386581
test_18423,0.98827279
test_18424,0.99995166
test_18425,0.00049339
test_18426,0.99743395
test_18427,0.97058791
test_18428,0.00735413
test_18429,0.00050715
test_18430,0.99609335
test_18431,0.99993136
test_18432,0.00263989
test_18433,0.99995453
test_18434,0.93158030
test_18435,0.98721349
test_18436,0.99196232
test_18437,0.52027703
test_18438,0.00237412
test_18439,0.99993993
test_18440,0.03797326
test_18441,0.84144457
test_18442,0.99209927
test_18443,0.00271694
test_18444,0.00004942
test_18445,0.99713876
test_18446,0.70456722
test_18447,0.00409138
test_18448,0.00518872
test_18449,0.00005223
test_18450,0.86985178
test_18451,0.00110764
test_18452,0.00153519
test_18453,0.99797668
test_18454,0.00678986
test_18455,0.99797655
test_18456,0.97560155
test_18457,0.00138225
test_18458,0.99994500
test_18459,0.99375241
test_18460,0.99993270
test_18461,0.99993552
test_18462,0.99883299
test_18463,0.98808362
test_18464,0.99993874
test_18465,0.00005965
test_18466,0.99992268
test_18467,0.00362127
test_18468,0.00576269
test_18469,0.00009356
test_18470,0.99113051
test_18471,0.99989962
test_18472,0.08421083
test_18473,0.99899571
test_18474,0.00181184
test_18475,0.00013466
test_18476,0.99360845
test_18477,0.07238960
test_18478,0.00015562
test_18479,0.98726581
test_18480,0.91811048
test_18481,0.01108309
test_18482,0.00168930
test_18483,0.93346397
test_18484,0.99584214
test_18485,0.99991428
test_18486,0.00198028
test_18487,0.00007263
test_18488,0.99946661
test_18489,0.10306362
test_18490,0.99994369
test_18491,0.00814770
test_18492,0.03973149
test_18493,0.02772833
test_18494,0.05416049
test_18495,0.99974873
test_18496,0.99504980
test_18497,0.96752072
test_18498,0.99995328
test_18499,0.00262071
test_18500,0.06878489
test_18501,0.95969688
test_18502,0.99994337
test_18503,0.02969975
test_18504,0.89578939
test_18505,0.00066144
test_18506,0.99994418
test_18507,0.99982164
test_18508,0.00148476
test_18509,0.90868959
test_18510,0.84707047
test_18511,0.00344838
test_18512,0.96299671
test_18513,0.03057348
test_18514,0.99645261
test_18515,0.02617232
test_18516,0.97632759
test_18517,0.88996583
test_18518,0.86116708
test_18519,0.99992830
test_18520,0.07784710
test_18521,0.00943487
test_18522,0.00030602
test_18523,0.99995277
test_18524,0.64434570
test_18525,0.01295620
test_18526,0.63160217
test_18527,0.02374769
test_18528,0.00017692
test_18529,0.99689311
test_18530,0.99989489
test_18531,0.99995337
test_18532,0.01372953
test_18533,0.64187365
test_18534,0.00009736
test_18535,0.00006321
test_18536,0.99958154
test_18537,0.99565877
test_18538,0.99994904
test_18539,0.00004664
test_18540,0.91521308
test_18541,0.99041230
test_18542,0.00245883
test_18543,0.99967369
test_18544,0.00992216
test_18545,0.99993639
test_18546,0.99902877
test_18547,0.99976993
test_18548,0.99989350
test_18549,0.97823221
test_18550,0.99832966
test_18551,0.99926095
test_18552,0.15659150
test_18553,0.00417880
test_18554,0.99918008
test_18555,0.99616373
test_18556,0.97302463
test_18557,0.00266024
test_18558,0.99751309
test_18559,0.99973190
test_18560,0.03547287
test_18561,0.07744060
test_18562,0.99990329
test_18563,0.96345868
test_18564,0.00611664
test_18565,0.99833795
test_18566,0.06773455
test_18567,0.99646261
test_18568,0.99818598
test_18569,0.99987850
test_18570,0.00723462
test_18571,0.01217509
test_18572,0.00049715
test_18573,0.99974098
test_18574,0.99995295
test_18575,0.00005387
test_18576,0.01674296
test_18577,0.00008048
test_18578,0.99976294
test_18579,0.99994516
test_18580,0.01481601
test_18581,0.00205206
test_18582,0.99993543
test_18583,0.00009419
test_18584,0.00509968
test_18585,0.01437812
test_18586,0.90631873
test_18587,0.97684381
test_18588,0.99983555
test_18589,0.00321759
test_18590,0.99686581
test_18591,0.00004602
test_18592,0.04596489
test_18593,0.00006118
test_18594,0.00005723
test_18595,0.99978387
test_18596,0.99994922
test_18597,0.99986891
test_18598,0.99993028
test_18599,0.68448666
test_18600,0.97528725
test_18601,0.99582636
test_18602,0.99995005
test_18603,0.99877471
test_18604,0.02856131
test_18605,0.00644373
test_18606,0.99993967
test_18607,0.99995123
test_18608,0.00249764
test_18609,0.04660625
test_18610,0.20327621
test_18611,0.99909262
test_18612,0.95722247
test_18613,0.50000000
test_18614,0.00375492
test_18615,0.99811184
test_18616,0.00056226
test_18617,0.99690964
test_18618,0.00097166
test_18619,0.99987317
test_18620,0.99607028
test_18621,0.99995034
test_18622,0.00006124
test_18623,0.99995204
test_18624,0.03175431
test_18625,0.99946201
test_18626,0.09772167
test_18627,0.70168895
test_18628,0.09538945
test_18629,0.00183967
test_18630,0.99889414
test_18631,0.00270270
test_18632,0.02163916
test_18633,0.01378058
test_18634,0.99185376
test_18635,0.74783073
test_18636,0.00093093
test_18637,0.97478130
test_18638,0.00008778
test_18639,0.99745078
test_18640,0.99995085
test_18641,0.26629282
test_18642,0.01059677
test_18643,0.00004815
test_18644,0.00160904
test_18645,0.00050024
test_18646,0.84885109
test_18647,0.01136489
test_18648,0.95121137
test_18649,0.01085843
test_18650,0.00007828
test_18651,0.99993745
test_18652,0.00767155
test_18653,0.00006272
test_18654,0.00058746
test_18655,0.99570485
test_18656,0.02321771
test_18657,0.00350747
test_18658,0.00030885
test_18659,0.99605698
test_18660,0.99863531
test_18661,0.00049680
test_18662,0.01456166
test_18663,0.79962867
test_18664,0.99995366
test_18665,0.00489768
test_18666,0.00154624
test_18667,0.92410818
test_18668,0.99986170
test_18669,0.99988709
test_18670,0.00007779
test_18671,0.01441990
test_18672,0.04758380
test_18673,0.99929244
test_18674,0.00159300
test_18675,0.05947282
test_18676,0.99909462
test_18677,0.00005505
test_18678,0.00005260
test_18679,0.99992159
test_18680,0.99708192
test_18681,0.99860248
test_18682,0.99744145
test_18683,0.99992515
test_18684,0.99604999
test_18685,0.99856478
test_18686,0.74834541
test_18687,0.99993805
test_18688,0.06115015
test_18689,0.99570997
test_18690,0.99049720
test_18691,0.99893525
test_18692,0.05533139
test_18693,0.97883191
test_18694,0.25045799
test_18695,0.99140273
test_18696,0.99995404
test_18697,0.00004932
test_18698,0.00042255
test_18699,0.88042044
test_18700,0.83682212
test_18701,0.74849212
test_18702,0.00426339
test_18703,0.00137735
test_18704,0.99970495
test_18705,0.88614374
test_18706,0.98954266
test_18707,0.00004845
test_18708,0.02688408
test_18709,0.99995117
test_18710,0.99994065
test_18711,0.99947342
test_18712,0.00007787
test_18713,0.99995183
test_18714,0.00325499
test_18715,0.99995233
test_18716,0.99978750
test_18717,0.00915931
test_18718,0.22295478
test_18719,0.99587819
test_18720,0.00277789
test_18721,0.96702013
test_18722,0.82978685
test_18723,0.18414801
test_18724,0.99994724
test_18725,0.96610848
test_18726,0.91485492
test_18727,0.99191046
test_18728,0.96960541
test_18729,0.94412125
test_18730,0.00055152
test_18731,0.99946818
test_18732,0.00004831
test_18733,0.99995294
test_18734,0.97140103
test_18735,0.12577448
test_18736,0.99994090
test_18737,0.99761470
test_18738,0.00004808
test_18739,0.99706024
test_18740,0.00230621
test_18741,0.07266494
test_18742,0.00005866
test_18743,0.99481462
test_18744,0.98841235
test_18745,0.99995394
test_18746,0.99906374
test_18747,0.00005068
test_18748,0.99584268
test_18749,0.98813975
test_18750,0.00013547
test_18751,0.00904867
test_18752,0.00283586
test_18753,0.99655750
test_18754,0.99862319
test_18755,0.99559328
test_18756,0.82668003
test_18757,0.02896592
test_18758,0.00081285
test_18759,0.99942081
test_18760,0.33328790
test_18761,0.99796009
test_18762,0.96430661
test_18763,0.99992498
test_18764,0.95570414
test_18765,0.00127027
test_18766,0.00007352
test_18767,0.99902510
test_18768,0.00010690
test_18769,0.00019591
test_18770,0.99932656
test_18771,0.00006827
test_18772,0.00046241
test_18773,0.86818682
test_18774,0.00010200
test_18775,0.00034775
test_18776,0.00136835
test_18777,0.00005681
test_18778,0.99157320
test_18779,0.01094779
test_18780,0.32523773
test_18781,0.05273207
test_18782,0.99993576
test_18783,0.00006798
test_18784,0.00090618
test_18785,0.90829625
test_18786,0.00870781
test_18787,0.99991667
test_18788,0.95604084
test_18789,0.00009348
test_18790,0.00006640
test_18791,0.00005104
test_18792,0.99958220
test_18793,0.00526463
test_18794,0.99910464
test_18795,0.00004935
test_18796,0.99978150
test_18797,0.99995224
test_18798,0.00005168
test_18799,0.99552230
test_18800,0.56330181
test_18801,0.97141654
test_18802,0.99952236
test_18803,0.01370342
test_18804,0.02152481
test_18805,0.00581623
test_18806,0.99264274
test_18807,0.32405047
test_18808,0.01325204
test_18809,0.00004917
test_18810,0.00009366
test_18811,0.19400429
test_18812,0.00079765
test_18813,0.99990775
test_18814,0.85452872
test_18815,0.00810152
test_18816,0.99986780
test_18817,0.00004656
test_18818,0.00592878
test_18819,0.99986905
test_18820,0.99554614
test_18821,0.99982670
test_18822,0.94414196
test_18823,0.99991719
test_18824,0.00004550
test_18825,0.88335188
test_18826,0.00008225
test_18827,0.02600395
test_18828,0.00005381
test_18829,0.00723538
test_18830,0.00004943
test_18831,0.99715834
test_18832,0.00004933
test_18833,0.00973980
test_18834,0.98418882
test_18835,0.99685698
test_18836,0.95594372
test_18837,0.99991948
test_18838,0.01876223
test_18839,0.99995407
test_18840,0.99703196
test_18841,0.00914420
test_18842,0.00005346
test_18843,0.99824244
test_18844,0.00004571
test_18845,0.94020051
test_18846,0.99357851
test_18847,0.01980662
test_18848,0.98458370
test_18849,0.92312651
test_18850,0.05379159
test_18851,0.99993331
test_18852,0.01989598
test_18853,0.01795594
test_18854,0.20258418
test_18855,0.00402246
test_18856,0.00754697
test_18857,0.09251171
test_18858,0.99375981
test_18859,0.00678188
test_18860,0.99205825
test_18861,0.00178202
test_18862,0.01377297
test_18863,0.00030456
test_18864,0.97799548
test_18865,0.00545839
test_18866,0.00418434
test_18867,0.99746700
test_18868,0.00017603
test_18869,0.98375198
test_18870,0.99665717
test_18871,0.00006008
test_18872,0.99323161
test_18873,0.17764094
test_18874,0.05334894
test_18875,0.98000830
test_18876,0.99995027
test_18877,0.41664084
test_18878,0.99915992
test_18879,0.00152688
test_18880,0.98295794
test_18881,0.96959037
test_18882,0.01761303
test_18883,0.00771070
test_18884,0.00005335
test_18885,0.00433574
test_18886,0.87509730
test_18887,0.29621321
test_18888,0.00155139
test_18889,0.00006961
test_18890,0.00078809
test_18891,0.00010714
test_18892,0.99927641
test_18893,0.90563064
test_18894,0.99564219
test_18895,0.91110457
test_18896,0.99687560
test_18897,0.99849949
test_18898,0.99319785
test_18899,0.00411373
test_18900,0.00118439
test_18901,0.99575864
test_18902,0.99175366
test_18903,0.00006480
test_18904,0.08408379
test_18905,0.62696297
test_18906,0.00117742
test_18907,0.00006089
test_18908,0.98063009
test_18909,0.99943299
test_18910,0.00054455
test_18911,0.00765692
test_18912,0.98604671
test_18913,0.02854622
test_18914,0.00062196
test_18915,0.06148963
test_18916,0.00224112
test_18917,0.01568476
test_18918,0.99880864
test_18919,0.95280954
test_18920,0.11953119
test_18921,0.99852222
test_18922,0.00005796
test_18923,0.98935833
test_18924,0.00010891
test_18925,0.00293734
test_18926,0.00089734
test_18927,0.73876438
test_18928,0.00093738
test_18929,0.00354471
test_18930,0.99994628
test_18931,0.85751664
test_18932,0.00004812
test_18933,0.00497571
test_18934,0.99668881
test_18935,0.32177666
test_18936,0.00010015
test_18937,0.99995001
test_18938,0.52865761
test_18939,0.15161818
test_18940,0.00004574
test_18941,0.99225623
test_18942,0.00018286
test_18943,0.00005178
test_18944,0.00039447
test_18945,0.99706290
test_18946,0.00008021
test_18947,0.99438678
test_18948,0.40215592
test_18949,0.98378611
test_18950,0.04965507
test_18951,0.00096610
test_18952,0.94483541
test_18953,0.21646611
test_18954,0.99995386
test_18955,0.00005698
test_18956,0.00056077
test_18957,0.99955789
test_18958,0.99810842
test_18959,0.00543854
test_18960,0.52183843
test_18961,0.47609859
test_18962,0.00006363
test_18963,0.01517604
test_18964,0.00024562
test_18965,0.10152129
test_18966,0.99192698
test_18967,0.99633149
test_18968,0.97559811
test_18969,0.91749116
test_18970,0.08916051
test_18971,0.99141072
test_18972,0.00006547
test_18973,0.99585058
test_18974,0.99994757
test_18975,0.99995028
test_18976,0.99922223
test_18977,0.99422087
test_18978,0.99638500
test_18979,0.99956975
test_18980,0.99950254
test_18981,0.00074707
test_18982,0.00004925
test_18983,0.99294604
test_18984,0.99376841
test_18985,0.17833808
test_18986,0.08246772
test_18987,0.99624907
test_18988,0.01899657
test_18989,0.99543933
test_18990,0.99560717
test_18991,0.99286222
test_18992,0.01068370
test_18993,0.99995004
test_18994,0.88167378
test_18995,0.98922891
test_18996,0.00785539
test_18997,0.00062915
test_18998,0.98369289
test_18999,0.02171508
test_19000,0.99944244
test_19001,0.00253105
test_19002,0.00006155
test_19003,0.00005839
test_19004,0.99055535
test_19005,0.00106449
test_19006,0.99992944
test_19007,0.02643601
test_19008,0.08041600
test_19009,0.00527134
test_19010,0.99993880
test_19011,0.99994310
test_19012,0.01411205
test_19013,0.00114972
test_19014,0.99994819
test_19015,0.00088813
test_19016,0.99984165
test_19017,0.00278544
test_19018,0.00633178
test_19019,0.77635394
test_19020,0.00470925
test_19021,0.00317197
test_19022,0.01583667
test_19023,0.00010421
test_19024,0.66377645
test_19025,0.99430584
test_19026,0.99811120
test_19027,0.05299888
test_19028,0.20032807
test_19029,0.99518813
test_19030,0.01973428
test_19031,0.99994872
test_19032,0.06047097
test_19033,0.99800130
test_19034,0.85496142
test_19035,0.01248207
test_19036,0.12052684
test_19037,0.99993339
test_19038,0.00873585
test_19039,0.01499831
test_19040,0.96686039
test_19041,0.99051164
test_19042,0.99995286
test_19043,0.99989926
test_19044,0.00587307
test_19045,0.04929974
test_19046,0.97463374
test_19047,0.99317479
test_19048,0.79388999
test_19049,0.99080288
test_19050,0.99995048
test_19051,0.00008255
test_19052,0.14544668
test_19053,0.94752707
test_19054,0.00423945
test_19055,0.99994957
test_19056,0.00865299
test_19057,0.99813819
test_19058,0.00005754
test_19059,0.00004551
test_19060,0.00005715
test_19061,0.93402318
test_19062,0.03907442
test_19063,0.99984139
test_19064,0.00011293
test_19065,0.00009593
test_19066,0.00004591
test_19067,0.99995211
test_19068,0.99992942
test_19069,0.00004549
test_19070,0.85555650
test_19071,0.27212911
test_19072,0.01505931
test_19073,0.99696406
test_19074,0.99993551
test_19075,0.99938136
test_19076,0.99995249
test_19077,0.00062797
test_19078,0.23799629
test_19079,0.65446752
test_19080,0.00146385
test_19081,0.99084435
test_19082,0.87225142
test_19083,0.97377551
test_19084,0.99986868
test_19085,0.00670811
test_19086,0.00234760
test_19087,0.00094949
test_19088,0.00364801
test_19089,0.99582715
test_19090,0.00004600
test_19091,0.99989253
test_19092,0.99949031
test_19093,0.00042172
test_19094,0.00128700
test_19095,0.00005122
test_19096,0.92718659
test_19097,0.00992590
test_19098,0.74251026
test_19099,0.99665028
test_19100,0.00066055
test_19101,0.92012716
test_19102,0.00004785
test_19103,0.01259045
test_19104,0.00992379
test_19105,0.99994083
test_19106,0.02489674
test_19107,0.99990688
test_19108,0.04049046
test_19109,0.00261389
test_19110,0.02534567
test_19111,0.01494174
test_19112,0.99572814
test_19113,0.09890168
test_19114,0.00772163
test_19115,0.00006098
test_19116,0.99258908
test_19117,0.07662340
test_19118,0.00195472
test_19119,0.93944586
test_19120,0.02492574
test_19121,0.99862288
test_19122,0.99603095
test_19123,0.98900072
test_19124,0.00062885
test_19125,0.90138334
test_19126,0.98874649
test_19127,0.01032702
test_19128,0.43270208
test_19129,0.01371382
test_19130,0.99994542
test_19131,0.98476584
test_19132,0.07985116
test_19133,0.01485136
test_19134,0.99516500
test_19135,0.00005802
test_19136,0.99984923
test_19137,0.99994699
test_19138,0.00004914
test_19139,0.00129351
test_19140,0.99977557
test_19141,0.00514221
test_19142,0.99994600
test_19143,0.00005894
test_19144,0.99899228
test_19145,0.99111387
test_19146,0.94167717
test_19147,0.99995430
test_19148,0.99985777
test_19149,0.99993280
test_19150,0.01596981
test_19151,0.04049559
test_19152,0.99734562
test_19153,0.82984291
test_19154,0.06220696
test_19155,0.99987015
test_19156,0.09208058
test_19157,0.99988182
test_19158,0.98622884
test_19159,0.67094647
test_19160,0.01178276
test_19161,0.00008155
test_19162,0.01466103
test_19163,0.99082708
test_19164,0.00922230
test_19165,0.00098758
test_19166,0.99454104
test_19167,0.70790859
test_19168,0.98109224
test_19169,0.00420194
test_19170,0.97590529
test_19171,0.99815850
test_19172,0.92793857
test_19173,0.99995024
test_19174,0.00709729
test_19175,0.91842752
test_19176,0.00905300
test_19177,0.99831378
test_19178,0.99866542
test_19179,0.00298848
test_19180,0.00234377
test_19181,0.57328628
test_19182,0.00571078
test_19183,0.68124717
test_19184,0.97752417
test_19185,0.05607050
test_19186,0.91103070
test_19187,0.99621117
test_19188,0.67325330
test_19189,0.99978120
test_19190,0.99461090
test_19191,0.00004584
test_19192,0.99849935
test_19193,0.00110882
test_19194,0.00056702
test_19195,0.01744970
test_19196,0.99047542
test_19197,0.00828480
test_19198,0.99775858
test_19199,0.01092959
test_19200,0.99910813
test_19201,0.99933770
test_19202,0.99989202
test_19203,0.95584757
test_19204,0.99930598
test_19205,0.39091944
test_19206,0.93539451
test_19207,0.00205079
test_19208,0.99995392
test_19209,0.99992528
test_19210,0.00005355
test_19211,0.00006839
test_19212,0.98994177
test_19213,0.99356663
test_19214,0.00493076
test_19215,0.00008185
test_19216,0.00837390
test_19217,0.99775403
test_19218,0.00011061
test_19219,0.00006186
test_19220,0.08319260
test_19221,0.01007319
test_19222,0.99933776
test_19223,0.98172530
test_19224,0.00004944
test_19225,0.00149774
test_19226,0.99977511
test_19227,0.10112536
test_19228,0.99994025
test_19229,0.11235119
test_19230,0.18089919
test_19231,0.99649808
test_19232,0.97709548
test_19233,0.99979720
test_19234,0.00042273
test_19235,0.00164077
test_19236,0.00608475
test_19237,0.00004572
test_19238,0.00092865
test_19239,0.00243128
test_19240,0.99912704
test_19241,0.91149552
test_19242,0.00475200
test_19243,0.95842063
test_19244,0.99200735
test_19245,0.99488725
test_19246,0.99954150
test_19247,0.00094309
test_19248,0.99995151
test_19249,0.00007112
test_19250,0.99991707
test_19251,0.92323360
test_19252,0.00006692
test_19253,0.00170258
test_19254,0.99085659
test_19255,0.99994596
test_19256,0.46143535
test_19257,0.00007914
test_19258,0.00004950
test_19259,0.00152898
test_19260,0.16435723
test_19261,0.63236601
test_19262,0.37072856
test_19263,0.00961752
test_19264,0.16204428
test_19265,0.98694896
test_19266,0.00291085
test_19267,0.99678265
test_19268,0.99413982
test_19269,0.00024853
test_19270,0.00010099
test_19271,0.00005113
test_19272,0.99952510
test_19273,0.86652014
test_19274,0.00007502
test_19275,0.99420927
test_19276,0.93561110
test_19277,0.00043443
test_19278,0.19441265
test_19279,0.98766488
test_19280,0.94055551
test_19281,0.99727450
test_19282,0.00005407
test_19283,0.00604098
test_19284,0.74785781
test_19285,0.98881708
test_19286,0.00005363
test_19287,0.99942141
test_19288,0.03961539
test_19289,0.00004865
test_19290,0.99994712
test_19291,0.00042264
test_19292,0.01812896
test_19293,0.18384759
test_19294,0.98356858
test_19295,0.99988877
test_19296,0.99265315
test_19297,0.00004758
test_19298,0.99882145
test_19299,0.10565782
test_19300,0.00580170
test_19301,0.83366795
test_19302,0.00633259
test_19303,0.99816836
test_19304,0.99786892
test_19305,0.00126020
test_19306,0.99994199
test_19307,0.99992046
test_19308,0.99994233
test_19309,0.00778816
test_19310,0.00515757
test_19311,0.00004776
test_19312,0.00100796
test_19313,0.00011700
test_19314,0.16973055
test_19315,0.99992883
test_19316,0.99994767
test_19317,0.00007677
test_19318,0.98580768
test_19319,0.00004599
test_19320,0.99848877
test_19321,0.00005019
test_19322,0.00006713
test_19323,0.99988463
test_19324,0.00320095
test_19325,0.20822896
test_19326,0.00125032
test_19327,0.99462468
test_19328,0.00005412
test_19329,0.82670633
test_19330,0.09787203
test_19331,0.00004675
test_19332,0.98873521
test_19333,0.00708327
test_19334,0.00006324
test_19335,0.17957542
test_19336,0.00004999
test_19337,0.00035715
test_19338,0.99947884
test_19339,0.00835841
test_19340,0.98476217
test_19341,0.00795392
test_19342,0.99941441
test_19343,0.99995063
test_19344,0.00031669
test_19345,0.99943192
test_19346,0.04544203
test_19347,0.00067927
test_19348,0.00238758
test_19349,0.00005005
test_19350,0.00005571
test_19351,0.01905415
test_19352,0.91396087
test_19353,0.00147975
test_19354,0.99995102
test_19355,0.00239243
test_19356,0.48055709
test_19357,0.50000000
test_19358,0.95670123
test_19359,0.99971627
test_19360,0.00561763
test_19361,0.00034960
test_19362,0.00006405
test_19363,0.00211164
test_19364,0.99470389
test_19365,0.00101164
test_19366,0.15582080
test_19367,0.97385360
test_19368,0.99995369
test_19369,0.98184507
test_19370,0.84172024
test_19371,0.00005666
test_19372,0.10020275
test_19373,0.97607810
test_19374,0.99965868
test_19375,0.04347512
test_19376,0.99993985
test_19377,0.99993981
test_19378,0.57173400
test_19379,0.00004552
test_19380,0.99483299
test_19381,0.46580849
test_19382,0.00634589
test_19383,0.99909729
test_19384,0.98746801
test_19385,0.99852397
test_19386,0.98331752
test_19387,0.02937727
test_19388,0.98658695
test_19389,0.14877522
test_19390,0.95733601
test_19391,0.99954417
test_19392,0.00036742
test_19393,0.91121633
test_19394,0.99952015
test_19395,0.00024867
test_19396,0.94943051
test_19397,0.00936445
test_19398,0.96637182
test_19399,0.00969736
test_19400,0.35789894
test_19401,0.98699574
test_19402,0.00008809
test_19403,0.00006719
test_19404,0.00091756
test_19405,0.99994590
test_19406,0.99994284
test_19407,0.04017182
test_19408,0.68557389
test_19409,0.00005346
test_19410,0.00884627
test_19411,0.00685018
test_19412,0.00042242
test_19413,0.99995066
test_19414,0.01120529
test_19415,0.01338112
test_19416,0.99933889
test_19417,0.03940057
test_19418,0.00723554
test_19419,0.99297729
test_19420,0.00435204
test_19421,0.99995060
test_19422,0.86054182
test_19423,0.99866532
test_19424,0.36481446
test_19425,0.00817787
test_19426,0.00062497
test_19427,0.00195255
test_19428,0.99990161
test_19429,0.97158492
test_19430,0.73798590
test_19431,0.99995135
test_19432,0.99993531
test_19433,0.00004684
test_19434,0.99720125
test_19435,0.99994568
test_19436,0.99994319
test_19437,0.99995117
test_19438,0.00008868
test_19439,0.99216522
test_19440,0.01236512
test_19441,0.99124532
test_19442,0.96640722
test_19443,0.00393727
test_19444,0.00110947
test_19445,0.00005310
test_19446,0.99994798
test_19447,0.07820570
test_19448,0.99886357
test_19449,0.99926202
test_19450,0.99935977
test_19451,0.83588053
test_19452,0.96590076
test_19453,0.95188159
test_19454,0.97820048
test_19455,0.01382609
test_19456,0.00985390
test_19457,0.93360419
test_19458,0.99901932
test_19459,0.98762927
test_19460,0.00112601
test_19461,0.00007180
test_19462,0.99285472
test_19463,0.01762542
test_19464,0.20418639
test_19465,0.00525892
test_19466,0.98882072
test_19467,0.98888080
test_19468,0.99827325
test_19469,0.99880963
test_19470,0.00253391
test_19471,0.03552848
test_19472,0.96381727
test_19473,0.99994287
test_19474,0.99990300
test_19475,0.99701177
test_19476,0.99516961
test_19477,0.00008480
test_19478,0.00230274
test_19479,0.99995262
test_19480,0.99994958
test_19481,0.99364484
test_19482,0.00004649
test_19483,0.99995250
test_19484,0.99922234
test_19485,0.99253069
test_19486,0.00015460
test_19487,0.88528603
test_19488,0.99839827
test_19489,0.35755917
test_19490,0.00005451
test_19491,0.06492782
test_19492,0.00007671
test_19493,0.98751310
test_19494,0.97897742
test_19495,0.99995203
test_19496,0.82267796
test_19497,0.00671263
test_19498,0.96395908
test_19499,0.99233270
test_19500,0.00129583
test_19501,0.07570043
test_19502,0.00290579
test_19503,0.70166125
test_19504,0.00007270
test_19505,0.99995155
test_19506,0.22232546
test_19507,0.97457694
test_19508,0.99993440
test_19509,0.99994805
test_19510,0.98456582
test_19511,0.98218689
test_19512,0.98000070
test_19513,0.24518100
test_19514,0.99995296
test_19515,0.00006806
test_19516,0.99991117
test_19517,0.00130561
test_19518,0.99951367
test_19519,0.99995437
test_19520,0.00006078
test_19521,0.87870348
test_19522,0.00152880
test_19523,0.96492222
test_19524,0.00037677
test_19525,0.00006421
test_19526,0.00006587
test_19527,0.82999789
test_19528,0.00006240
test_19529,0.00536094
test_19530,0.04239437
test_19531,0.06721869
test_19532,0.91053067
test_19533,0.00099519
test_19534,0.99994455
test_19535,0.00144691
test_19536,0.75006218
test_19537,0.96693607
test_19538,0.99967943
test_19539,0.99875257
test_19540,0.00396791
test_19541,0.99985970
test_19542,0.94493557
test_19543,0.00064804
test_19544,0.99528112
test_19545,0.99935897
test_19546,0.99731014
test_19547,0.01913240
test_19548,0.99995436
test_19549,0.00007352
test_19550,0.00598544
test_19551,0.45205649
test_19552,0.99939949
test_19553,0.00006048
test_19554,0.00007069
test_19555,0.99994925
test_19556,0.00005818
test_19557,0.00061341
test_19558,0.00065915
test_19559,0.00338244
test_19560,0.97726401
test_19561,0.99835313
test_19562,0.94066536
test_19563,0.99993735
test_19564,0.00006738
test_19565,0.05206641
test_19566,0.03581891
test_19567,0.47316988
test_19568,0.05350097
test_19569,0.45906202
test_19570,0.99893507
test_19571,0.98609296
test_19572,0.99040233
test_19573,0.99927819
test_19574,0.00007955
test_19575,0.00024948
test_19576,0.98583283
test_19577,0.99765957
test_19578,0.99925638
test_19579,0.14260178
test_19580,0.00005812
test_19581,0.97494586
test_19582,0.99751681
test_19583,0.00971228
test_19584,0.00054455
test_19585,0.99994473
test_19586,0.99966026
test_19587,0.00012733
test_19588,0.99994538
test_19589,0.00074218
test_19590,0.99517040
test_19591,0.99995425
test_19592,0.99846063
test_19593,0.97564104
test_19594,0.00006644
test_19595,0.02724226
test_19596,0.99827097
test_19597,0.00006934
test_19598,0.00061911
test_19599,0.99838951
test_19600,0.00004591
test_19601,0.00005316
test_19602,0.00005102
test_19603,0.99982856
test_19604,0.98582524
test_19605,0.00042531
test_19606,0.99994313
test_19607,0.00005516
test_19608,0.03771503
test_19609,0.11166184
test_19610,0.97604936
test_19611,0.99533693
test_19612,0.98952844
test_19613,0.99994572
test_19614,0.02350309
test_19615,0.99994922
test_19616,0.00004572
test_19617,0.00451252
test_19618,0.85975495
test_19619,0.99899813
test_19620,0.01342301
test_19621,0.00719839
test_19622,0.00102508
test_19623,0.00004718
test_19624,0.00042331
test_19625,0.99995262
test_19626,0.00688987
test_19627,0.00028834
test_19628,0.99506454
test_19629,0.00924205
test_19630,0.99982123
test_19631,0.99669735
test_19632,0.99769496
test_19633,0.99993717
test_19634,0.93366215
test_19635,0.99887975
test_19636,0.94178512
test_19637,0.01902357
test_19638,0.97351019
test_19639,0.00614727
test_19640,0.00609607
test_19641,0.94289800
test_19642,0.00006309
test_19643,0.02367098
test_19644,0.00005721
test_19645,0.07640805
test_19646,0.00104386
test_19647,0.99975052
test_19648,0.00530234
test_19649,0.95821559
test_19650,0.01170152
test_19651,0.00998919
test_19652,0.51021251
test_19653,0.39792122
test_19654,0.00005217
test_19655,0.10582525
test_19656,0.00006014
test_19657,0.05216176
test_19658,0.03815030
test_19659,0.98473592
test_19660,0.98629180
test_19661,0.00055745
test_19662,0.99787580
test_19663,0.00008058
test_19664,0.99699622
test_19665,0.80410732
test_19666,0.08627932
test_19667,0.99938372
test_19668,0.07742670
test_19669,0.19781845
test_19670,0.99764876
test_19671,0.04435024
test_19672,0.99984203
test_19673,0.01241134
test_19674,0.18942587
test_19675,0.97010589
test_19676,0.99925753
test_19677,0.98275453
test_19678,0.00004936
test_19679,0.99132820
test_19680,0.99277242
test_19681,0.00528564
test_19682,0.01941438
test_19683,0.99873494
test_19684,0.00025573
test_19685,0.99989737
test_19686,0.99971718
test_19687,0.00006707
test_19688,0.96319166
test_19689,0.99994221
test_19690,0.00286158
test_19691,0.99993854
test_19692,0.99069630
test_19693,0.87111867
test_19694,0.99877465
test_19695,0.99343439
test_19696,0.99625741
test_19697,0.02897522
test_19698,0.98087533
test_19699,0.99995070
test_19700,0.05761251
test_19701,0.00235543
test_19702,0.00191474
test_19703,0.00004594
test_19704,0.98880067
test_19705,0.26412511
test_19706,0.04291561
test_19707,0.99549856
test_19708,0.49981076
test_19709,0.00220037
test_19710,0.99217454
test_19711,0.00006050
test_19712,0.99737200
test_19713,0.99934563
test_19714,0.11772401
test_19715,0.00149867
test_19716,0.00152280
test_19717,0.98462145
test_19718,0.99605466
test_19719,0.99994923
test_19720,0.99928009
test_19721,0.98364748
test_19722,0.07637454
test_19723,0.99994244
test_19724,0.00054090
test_19725,0.99966960
test_19726,0.99903543
test_19727,0.00127606
test_19728,0.04399555
test_19729,0.00074397
test_19730,0.00256169
test_19731,0.07196400
test_19732,0.99988006
test_19733,0.00845237
test_19734,0.99780267
test_19735,0.97660920
test_19736,0.99688616
test_19737,0.03575710
test_19738,0.99613174
test_19739,0.00055887
test_19740,0.99951583
test_19741,0.99994742
test_19742,0.00065991
test_19743,0.00005108
test_19744,0.95960006
test_19745,0.99780525
test_19746,0.01144159
test_19747,0.02738446
test_19748,0.00030079
test_19749,0.02437709
test_19750,0.98675110
test_19751,0.00041737
test_19752,0.99311389
test_19753,0.00005825
test_19754,0.00006063
test_19755,0.99210433
test_19756,0.99993592
test_19757,0.99898151
test_19758,0.00246504
test_19759,0.99985019
test_19760,0.99959635
test_19761,0.00141324
test_19762,0.00004657
test_19763,0.03191466
test_19764,0.03478346
test_19765,0.99931822
test_19766,0.00934546
test_19767,0.00008179
test_19768,0.00004848
test_19769,0.01694364
test_19770,0.00004967
test_19771,0.61438598
test_19772,0.99992588
test_19773,0.00014680
test_19774,0.01131239
test_19775,0.00249880
test_19776,0.99994677
test_19777,0.00144363
test_19778,0.93558305
test_19779,0.66112856
test_19780,0.82434211
test_19781,0.00006759
test_19782,0.99187327
test_19783,0.00004727
test_19784,0.98875746
test_19785,0.99754693
test_19786,0.99757635
test_19787,0.07165487
test_19788,0.99994110
test_19789,0.91761417
test_19790,0.95000804
test_19791,0.00472140
test_19792,0.98844432
test_19793,0.09479240
test_19794,0.00005825
test_19795,0.00391241
test_19796,0.00208431
test_19797,0.98472676
test_19798,0.00035637
test_19799,0.90641810
test_19800,0.01139007
test_19801,0.02580384
test_19802,0.00065473
test_19803,0.99994553
test_19804,0.98271427
test_19805,0.00004764
test_19806,0.06408382
test_19807,0.99994396
test_19808,0.00112129
test_19809,0.09077759
test_19810,0.99956600
test_19811,0.99795956
test_19812,0.03579792
test_19813,0.13769580
test_19814,0.99975764
test_19815,0.00004660
test_19816,0.00020970
test_19817,0.99717651
test_19818,0.00072710
test_19819,0.99523481
test_19820,0.04810732
test_19821,0.99857322
test_19822,0.99842547
test_19823,0.99737200
test_19824,0.98314230
test_19825,0.99993470
test_19826,0.00065016
test_19827,0.99995441
test_19828,0.00004616
test_19829,0.00005683
test_19830,0.99055490
test_19831,0.14803538
test_19832,0.89201917
test_19833,0.00158218
test_19834,0.90194657
test_19835,0.07493851
test_19836,0.01924746
test_19837,0.98105712
test_19838,0.99994897
test_19839,0.03057856
test_19840,0.99651426
test_19841,0.00031823
test_19842,0.00005265
test_19843,0.00014814
test_19844,0.00206905
test_19845,0.01209294
test_19846,0.97223562
test_19847,0.96254140
test_19848,0.00011717
test_19849,0.00379177
test_19850,0.95787940
test_19851,0.38539742
test_19852,0.13689309
test_19853,0.00015331
test_19854,0.99565068
test_19855,0.33745853
test_19856,0.99709255
test_19857,0.00028458
test_19858,0.99816075
test_19859,0.99942479
test_19860,0.00005167
test_19861,0.00581902
test_19862,0.00004693
test_19863,0.99318685
test_19864,0.00723367
test_19865,0.99038290
test_19866,0.00173549
test_19867,0.99993597
test_19868,0.99979392
test_19869,0.04735643
test_19870,0.00247254
test_19871,0.99627899
test_19872,0.99976389
test_19873,0.99427894
test_19874,0.01867262
test_19875,0.00005701
test_19876,0.00256597
test_19877,0.99955897
test_19878,0.94951401
test_19879,0.98723124
test_19880,0.04501141
test_19881,0.00118277
test_19882,0.97267979
test_19883,0.99447227
test_19884,0.00004586
test_19885,0.98964949
test_19886,0.99806621
test_19887,0.99995335
test_19888,0.00007072
test_19889,0.99990978
test_19890,0.99418842
test_19891,0.01390274
test_19892,0.99992783
test_19893,0.98951001
test_19894,0.00005869
test_19895,0.99982321
test_19896,0.00786533
test_19897,0.50626717
test_19898,0.00006405
test_19899,0.00189778
test_19900,0.99294580
test_19901,0.00192033
test_19902,0.99976376
test_19903,0.99830875
test_19904,0.99994233
test_19905,0.00045438
test_19906,0.02435097
test_19907,0.05554715
test_19908,0.00066002
test_19909,0.00004855
test_19910,0.00004898
test_19911,0.00823407
test_19912,0.00978678
test_19913,0.99704758
test_19914,0.00004850
test_19915,0.00007757
test_19916,0.00140063
test_19917,0.00005182
test_19918,0.00473587
test_19919,0.00057306
test_19920,0.01124684
test_19921,0.99849734
test_19922,0.99104258
test_19923,0.99756361
test_19924,0.03372356
test_19925,0.98724833
test_19926,0.01022511
test_19927,0.38901868
test_19928,0.00005040
test_19929,0.99952391
test_19930,0.27124472
test_19931,0.99421784
test_19932,0.99893651
test_19933,0.00147333
test_19934,0.99991779
test_19935,0.00007149
test_19936,0.99994588
test_19937,0.96146306
test_19938,0.99433788
test_19939,0.00579589
test_19940,0.00436861
test_19941,0.01529599
test_19942,0.02938508
test_19943,0.34238805
test_19944,0.99991410
test_19945,0.00018688
test_19946,0.00559997
test_19947,0.00006717
test_19948,0.99995026
test_19949,0.00006032
test_19950,0.00402968
test_19951,0.99994715
test_19952,0.98974713
test_19953,0.00007870
test_19954,0.00210093
test_19955,0.00312687
test_19956,0.00005838
test_19957,0.00007339
test_19958,0.10792935
test_19959,0.99545483
test_19960,0.57896906
test_19961,0.99993968
test_19962,0.00004923
test_19963,0.00007565
test_19964,0.90196492
test_19965,0.00005605
test_19966,0.99877270
test_19967,0.64330993
test_19968,0.99467236
test_19969,0.05148490
test_19970,0.00098991
test_19971,0.00404225
test_19972,0.00113450
test_19973,0.99991629
test_19974,0.99977985
test_19975,0.00479072
test_19976,0.99687088
test_19977,0.00009968
test_19978,0.00273420
test_19979,0.00104699
test_19980,0.79130249
test_19981,0.99992915
test_19982,0.97041774
test_19983,0.99935071
test_19984,0.78590097
test_19985,0.00006624
test_19986,0.00011660
test_19987,0.99992068
test_19988,0.99535340
test_19989,0.01308647
test_19990,0.98746276
test_19991,0.99971800
test_19992,0.00008233
test_19993,0.00018522
test_19994,0.29061446
test_19995,0.98140013
test_19996,0.00499442
test_19997,0.00007078
test_19998,0.00005037
test_19999,0.02927116
